customer_id,first_name,last_name,email,city,province,signup_date,loyalty_level
C00001,Elizabeth,Harrison,julie37@example.com,Hamilton,Ontario,2024-08-26,Bronze
C00002,Martha,Schmidt,oglenn@example.org,Vancouver,British Columbia,2022-02-27,Bronze
C00003,Craig,Vazquez,nevans@example.net,Brampton,Ontario,2024-10-14,Silver
C00004,Sandra,Gonzales,smithsusan@example.com,Hamilton,Ontario,2025-10-24,Gold
C00005,Edward,Waters,fjenkins@example.com,Calgary,Alberta,2026-04-10,Bronze
C00006,Amanda,Pierce,trevor82@example.org,Calgary,Alberta,2022-01-24,Bronze
C00007,Robin,Watson,dannyjohnson@example.net,Mississauga,Ontario,2026-04-24,Bronze
C00008,Denise,Gregory,brooksmichael@example.com,Calgary,Alberta,2025-05-11,Gold
C00009,Kathy,Gonzalez,yhumphrey@example.org,Ottawa,Ontario,2022-10-18,Bronze
C00010,Theresa,Davis,taylor81@example.net,Brampton,Ontario,2026-02-10,Gold
C00011,Patrick,Murray,mschmitt@example.net,Toronto,Ontario,2022-09-02,Silver
C00012,Victor,Bray,renee63@example.com,Mississauga,Ontario,2024-12-22,Silver
C00013,Misty,Suarez,michelle87@example.org,Hamilton,Ontario,2022-03-10,Bronze
C00014,Laurie,Stone,dickersonbrian@example.net,Ottawa,Ontario,2023-01-23,Bronze
C00015,Ruth,Green,irose@example.net,Calgary,Alberta,2022-09-12,Bronze
C00016,Robert,Lopez,sara05@example.com,Calgary,Alberta,2025-06-12,Silver
C00017,Jeremy,Williams,kent34@example.com,Vancouver,British Columbia,2023-06-19,Bronze
C00018,Linda,Gonzalez,evanskatherine@example.net,Brampton,Ontario,2023-05-09,Bronze
C00019,Joanne,Ramos,barbara98@example.org,Ottawa,Ontario,2025-05-16,Bronze
C00020,Adam,Jackson,nbrown@example.com,Ottawa,Ontario,2025-06-14,Silver
C00021,Ryan,Lane,wmclaughlin@example.net,Mississauga,Ontario,2023-06-27,Bronze
C00022,April,Bray,garciacalvin@example.org,Calgary,Alberta,2024-08-03,Bronze
C00023,Mark,King,danielle36@example.net,Ottawa,Ontario,2022-11-09,Silver
C00024,Tiffany,Parsons,rogersfrank@example.org,Vancouver,British Columbia,2024-04-26,Bronze
C00025,Elizabeth,Morris,davidbrown@example.com,Ottawa,Ontario,2023-02-25,Bronze
C00026,Erin,Hayes,joseph73@example.com,Vancouver,British Columbia,2025-11-24,Silver
C00027,Joanna,Sandoval,careychristopher@example.org,Edmonton,Alberta,2023-05-21,Silver
C00028,Joseph,Collins,bbooth@example.com,Brampton,Ontario,2025-07-10,Bronze
C00029,Randall,Fields,kking@example.org,Edmonton,Alberta,2024-09-20,Bronze
C00030,William,Pacheco,cynthia01@example.net,Calgary,Alberta,2023-11-18,Bronze
C00031,Kim,Myers,brandon28@example.com,Brampton,Ontario,2022-12-14,Bronze
C00032,Bryan,Hurley,cassidy18@example.net,Hamilton,Ontario,2024-06-22,Bronze
C00033,Gregory,Diaz,boylejoshua@example.org,Mississauga,Ontario,2022-07-18,Bronze
C00034,Gina,Wood,emanning@example.com,Toronto,Ontario,2024-07-06,Gold
C00035,Regina,Massey,michaelnelson@example.net,Calgary,Alberta,2021-12-28,Bronze
C00036,Wendy,Rice,bailey45@example.org,Calgary,Alberta,2023-12-06,Bronze
C00037,Carlos,Hicks,paula46@example.org,Ottawa,Ontario,2025-05-19,Silver
C00038,Alyssa,Jones,hnelson@example.org,Brampton,Ontario,2025-09-30,Bronze
C00039,Joshua,Horne,bryantdustin@example.net,Ottawa,Ontario,2026-01-04,Bronze
C00040,Erin,Williams,churchheidi@example.net,Edmonton,Alberta,2022-12-12,Bronze
C00041,Tanner,Martinez,zcoleman@example.org,Edmonton,Alberta,2021-10-14,Gold
C00042,Jeremy,Alexander,smithjessica@example.com,Mississauga,Ontario,2026-07-06,Bronze
C00043,Stephen,Weaver,jennareid@example.com,Ottawa,Ontario,2024-09-17,Silver
C00044,Jonathan,Alexander,castrotravis@example.net,Toronto,Ontario,2024-09-27,Bronze
C00045,Samuel,Townsend,williamsmith@example.net,Hamilton,Ontario,2024-02-19,Silver
C00046,Misty,Thomas,navarrosarah@example.com,Ottawa,Ontario,2024-05-01,Silver
C00047,Lisa,Harris,kmejia@example.org,Toronto,Ontario,2024-12-14,Bronze
C00048,Robert,Henderson,monica98@example.org,Vancouver,British Columbia,2025-06-02,Bronze
C00049,David,Boyd,kimberly40@example.org,Brampton,Ontario,2024-09-04,Bronze
C00050,Donald,Scott,brobles@example.com,Ottawa,Ontario,2022-06-30,Bronze
C00051,Maria,Stevens,mary36@example.org,Edmonton,Alberta,2025-07-02,Bronze
C00052,Brittany,Gibson,jasonblack@example.org,Vancouver,British Columbia,2021-07-27,Silver
C00053,Robert,Rosario,jeffreyevans@example.org,Toronto,Ontario,2025-02-02,Silver
C00054,Vanessa,Anderson,alexanderortiz@example.org,Mississauga,Ontario,2024-01-14,Bronze
C00055,Scott,Atkinson,lovekevin@example.org,Ottawa,Ontario,2024-02-13,Bronze
C00056,Albert,Montgomery,evelynharmon@example.net,Hamilton,Ontario,2022-12-25,Bronze
C00057,Nathan,Lewis,crystal31@example.net,Mississauga,Ontario,2022-03-27,Bronze
C00058,Arthur,Dennis,paul95@example.org,Vancouver,British Columbia,2023-05-12,Bronze
C00059,Sara,Vega,johnstonhailey@example.net,Calgary,Alberta,2025-09-23,Bronze
C00060,Emma,Thornton,miranda31@example.org,Vancouver,British Columbia,2024-04-24,Bronze
C00061,Dawn,Chang,flynnlynn@example.org,Hamilton,Ontario,2022-08-16,Bronze
C00062,Shelley,Lee,hreynolds@example.net,Calgary,Alberta,2025-07-18,Silver
C00063,Jessica,Lee,patriciamartin@example.org,Mississauga,Ontario,2021-10-30,Bronze
C00064,Christopher,Robbins,zgonzalez@example.net,Toronto,Ontario,2023-10-17,Silver
C00065,Shelby,Robinson,brianreed@example.com,Hamilton,Ontario,2024-08-06,Bronze
C00066,Jeremy,Anderson,steven56@example.org,Vancouver,British Columbia,2023-08-09,Silver
C00067,Todd,Mahoney,david00@example.com,Toronto,Ontario,2024-03-30,Bronze
C00068,Danielle,Richard,francisjulie@example.org,Calgary,Alberta,2024-06-26,Bronze
C00069,Daniel,Torres,valencianoah@example.org,Ottawa,Ontario,2024-05-10,Bronze
C00070,Becky,Newton,garciajonathan@example.org,Toronto,Ontario,2024-07-21,Silver
C00071,Kathryn,Carlson,natalie28@example.net,Vancouver,British Columbia,2026-07-19,Bronze
C00072,Joseph,Wilkerson,skennedy@example.net,Brampton,Ontario,2025-08-20,Bronze
C00073,Philip,Waters,rollinswillie@example.com,Hamilton,Ontario,2022-08-17,Silver
C00074,Nathan,Mitchell,christinalee@example.org,Hamilton,Ontario,2024-05-19,Bronze
C00075,Karina,Thomas,racheljimenez@example.org,Ottawa,Ontario,2023-12-04,Gold
C00076,David,Santos,vjohnson@example.net,Edmonton,Alberta,2022-04-28,Bronze
C00077,Kristen,Anderson,colemanjames@example.net,Brampton,Ontario,2024-11-15,Bronze
C00078,Samuel,Mosley,alansteele@example.org,Ottawa,Ontario,2023-05-06,Silver
C00079,Christina,Foster,jessicavaughn@example.org,Toronto,Ontario,2022-04-05,Bronze
C00080,Matthew,Scott,amitchell@example.com,Mississauga,Ontario,2022-11-15,Bronze
C00081,Abigail,Torres,amy21@example.org,Edmonton,Alberta,2023-09-07,Gold
C00082,Johnathan,Anderson,bfernandez@example.com,Edmonton,Alberta,2022-10-09,Bronze
C00083,Charles,Parsons,martinezcarol@example.com,Toronto,Ontario,2022-05-28,Bronze
C00084,Julie,Hull,jeremiah31@example.com,Mississauga,Ontario,2023-03-18,Bronze
C00085,Jessica,Lucas,dunlaprachel@example.com,Toronto,Ontario,2025-07-04,Bronze
C00086,Logan,Lindsey,anthony16@example.org,Vancouver,British Columbia,2025-07-02,Bronze
C00087,Sherry,Hall,alvarezjeremy@example.org,Edmonton,Alberta,2021-12-14,Bronze
C00088,Theresa,Baker,dyerkrista@example.com,Edmonton,Alberta,2022-03-29,Bronze
C00089,Sherry,Lopez,francislarry@example.net,Calgary,Alberta,2024-05-17,Silver
C00090,Patrick,Graves,justin69@example.net,Toronto,Ontario,2026-04-19,Silver
C00091,Jennifer,Davis,timothy70@example.net,Toronto,Ontario,2026-06-04,Bronze
C00092,Steven,Johnson,amy68@example.net,Vancouver,British Columbia,2023-06-13,Bronze
C00093,Rebecca,Hudson,ydunlap@example.org,Mississauga,Ontario,2023-06-06,Bronze
C00094,Mary,Ramirez,amandawall@example.com,Toronto,Ontario,2024-11-13,Silver
C00095,Annette,Carroll,holtwilliam@example.net,Vancouver,British Columbia,2022-03-09,Bronze
C00096,Kayla,Smith,michael94@example.com,Ottawa,Ontario,2025-01-27,Bronze
C00097,Connie,Parsons,jeffreyramirez@example.net,Toronto,Ontario,2025-12-04,Bronze
C00098,Timothy,Roy,simondana@example.com,Hamilton,Ontario,2021-12-11,Bronze
C00099,Hannah,Stewart,dukecatherine@example.com,Edmonton,Alberta,2025-05-16,Bronze
C00100,Ronnie,Harris,xpreston@example.com,Brampton,Ontario,2021-09-09,Bronze
C00101,Brandon,Davis,wanda56@example.org,Ottawa,Ontario,2022-02-04,Bronze
C00102,Gregory,Powell,delgadopatricia@example.net,Toronto,Ontario,2025-12-31,Bronze
C00103,Craig,Hernandez,patricia09@example.org,Hamilton,Ontario,2021-09-23,Silver
C00104,Sandra,Brown,andrewthomas@example.com,Brampton,Ontario,2025-11-30,Silver
C00105,Kevin,Delgado,loliver@example.org,Hamilton,Ontario,2025-03-26,Bronze
C00106,Aaron,Simpson,carlosmoore@example.org,Ottawa,Ontario,2025-04-11,Silver
C00107,Lori,Burton,brendabond@example.org,Hamilton,Ontario,2022-05-20,Bronze
C00108,Kristina,Cook,isaackemp@example.com,Toronto,Ontario,2022-12-03,Bronze
C00109,Jeffrey,Bennett,zvazquez@example.org,Ottawa,Ontario,2024-03-08,Bronze
C00110,William,Taylor,aliciaelliott@example.net,Ottawa,Ontario,2023-10-23,Bronze
C00111,Bryan,Cantrell,bergpeter@example.net,Calgary,Alberta,2021-09-12,Bronze
C00112,Gregory,Ayala,duncanallison@example.org,Edmonton,Alberta,2024-06-08,Bronze
C00113,Mary,Taylor,kim81@example.net,Ottawa,Ontario,2022-09-24,Silver
C00114,Jeffrey,Young,brittneydecker@example.org,Edmonton,Alberta,2024-10-23,Bronze
C00115,Bryce,Perry,marcushopkins@example.net,Brampton,Ontario,2025-06-16,Silver
C00116,Joshua,Jimenez,kevin13@example.org,Ottawa,Ontario,2026-06-11,Silver
C00117,Daniel,Smith,vfriedman@example.com,Brampton,Ontario,2023-05-28,Bronze
C00118,Alexandra,Moses,williamjohnson@example.net,Vancouver,British Columbia,2025-09-16,Bronze
C00119,Gina,King,vmullins@example.com,Vancouver,British Columbia,2024-06-08,Bronze
C00120,Daniel,Alexander,eric59@example.net,Ottawa,Ontario,2022-06-18,Bronze
C00121,Mathew,Silva,biancaraymond@example.net,Ottawa,Ontario,2023-04-06,Silver
C00122,Sharon,Morris,bakerelizabeth@example.com,Toronto,Ontario,2024-05-02,Bronze
C00123,Eric,Weiss,amberbarnes@example.net,Mississauga,Ontario,2022-05-09,Gold
C00124,Christopher,Lee,petersricky@example.org,Ottawa,Ontario,2023-11-14,Silver
C00125,Janice,White,davidmejia@example.org,Hamilton,Ontario,2022-04-14,Gold
C00126,Edward,Tucker,qmorris@example.com,Brampton,Ontario,2023-01-10,Silver
C00127,Sarah,Miller,dshepard@example.com,Calgary,Alberta,2026-03-26,Bronze
C00128,Robert,Mcdaniel,hesskari@example.org,Calgary,Alberta,2026-05-18,Bronze
C00129,Mathew,Wilson,wbowers@example.org,Toronto,Ontario,2025-08-03,Silver
C00130,Deanna,Watkins,cassandra26@example.org,Calgary,Alberta,2023-02-01,Bronze
C00131,Penny,Coleman,moratanya@example.net,Vancouver,British Columbia,2023-03-19,Silver
C00132,Nicole,Ryan,iallen@example.net,Edmonton,Alberta,2024-02-25,Bronze
C00133,Michael,Marshall,alice19@example.com,Calgary,Alberta,2021-12-12,Bronze
C00134,Michael,Neal,jeremysummers@example.org,Mississauga,Ontario,2021-12-03,Silver
C00135,Brent,Johnson,gregory89@example.net,Ottawa,Ontario,2026-06-28,Silver
C00136,Katelyn,Sampson,jonathanlucero@example.net,Ottawa,Ontario,2026-07-18,Bronze
C00137,Melissa,Adams,mooreelizabeth@example.net,Mississauga,Ontario,2025-08-02,Silver
C00138,Christopher,Carter,paulmitchell@example.org,Brampton,Ontario,2026-06-01,Bronze
C00139,Nathaniel,Munoz,bridget16@example.org,Toronto,Ontario,2022-03-12,Bronze
C00140,Nichole,Johnson,morganlisa@example.org,Toronto,Ontario,2022-03-25,Bronze
C00141,Brian,Lewis,steven17@example.org,Hamilton,Ontario,2026-02-13,Gold
C00142,James,Crawford,mclaughlinbrittney@example.net,Brampton,Ontario,2022-08-20,Bronze
C00143,Lori,Parker,ywilliams@example.com,Edmonton,Alberta,2024-03-13,Silver
C00144,Teresa,Pratt,robertopalmer@example.org,Ottawa,Ontario,2021-08-28,Bronze
C00145,Nicole,Anderson,michaelnelson@example.com,Ottawa,Ontario,2025-08-08,Silver
C00146,Melanie,Becker,stephenjackson@example.net,Ottawa,Ontario,2025-03-13,Silver
C00147,Andrew,Mann,fburns@example.net,Brampton,Ontario,2021-12-09,Silver
C00148,Michael,Lin,erinharris@example.org,Vancouver,British Columbia,2025-01-27,Bronze
C00149,Jeffrey,Vazquez,robertbrady@example.com,Hamilton,Ontario,2025-10-24,Silver
C00150,Sarah,Pierce,tamarahicks@example.com,Hamilton,Ontario,2024-06-13,Bronze
C00151,Jeremy,Curtis,muellertyler@example.com,Vancouver,British Columbia,2022-12-25,Bronze
C00152,Joseph,Coleman,taylorhall@example.org,Brampton,Ontario,2025-03-02,Silver
C00153,Brenda,Myers,scoleman@example.com,Brampton,Ontario,2026-03-01,Bronze
C00154,Kristina,Reeves,hobbscindy@example.org,Calgary,Alberta,2025-02-23,Silver
C00155,Sherri,Murray,elizabeth34@example.net,Brampton,Ontario,2024-05-28,Gold
C00156,Marcus,Mays,sheenagray@example.org,Ottawa,Ontario,2025-03-04,Bronze
C00157,Brian,Parks,ngutierrez@example.com,Vancouver,British Columbia,2022-11-11,Bronze
C00158,Peter,Miles,ooneal@example.net,Brampton,Ontario,2022-07-15,Gold
C00159,Samantha,Valentine,tiffanyruiz@example.net,Vancouver,British Columbia,2021-08-27,Bronze
C00160,Wyatt,Anderson,scarter@example.com,Vancouver,British Columbia,2025-06-09,Silver
C00161,Jerry,Mcdonald,jeremy57@example.com,Hamilton,Ontario,2025-06-30,Bronze
C00162,Adam,Ware,zporter@example.com,Vancouver,British Columbia,2023-09-25,Bronze
C00163,Jeffrey,Wilcox,petersonjoy@example.org,Toronto,Ontario,2025-08-30,Silver
C00164,Nancy,Andrews,sarahtaylor@example.org,Mississauga,Ontario,2025-09-01,Bronze
C00165,Jamie,Schroeder,clinejulie@example.com,Calgary,Alberta,2021-09-14,Bronze
C00166,Jose,Torres,balljoseph@example.net,Vancouver,British Columbia,2025-12-07,Bronze
C00167,Elizabeth,Hill,amberwang@example.com,Brampton,Ontario,2022-01-01,Bronze
C00168,Erika,Greene,allisonkenneth@example.com,Hamilton,Ontario,2022-10-05,Bronze
C00169,Nicole,Chapman,mitchellmartha@example.net,Toronto,Ontario,2025-11-21,Bronze
C00170,Lisa,Cain,youngjohn@example.com,Brampton,Ontario,2022-11-13,Bronze
C00171,Andrea,Maldonado,jennifermathews@example.net,Toronto,Ontario,2024-03-07,Silver
C00172,Diane,Little,njohnson@example.com,Mississauga,Ontario,2024-01-05,Bronze
C00173,Brittany,Alexander,bscott@example.org,Calgary,Alberta,2022-03-30,Bronze
C00174,Brenda,Jackson,justin92@example.com,Hamilton,Ontario,2025-11-05,Silver
C00175,James,Davis,krystalshelton@example.net,Hamilton,Ontario,2025-08-24,Gold
C00176,Emily,Harper,angela45@example.org,Hamilton,Ontario,2022-10-14,Gold
C00177,Robert,Vance,megancampbell@example.net,Calgary,Alberta,2024-01-31,Bronze
C00178,Martin,Bennett,umiller@example.net,Vancouver,British Columbia,2022-05-12,Bronze
C00179,Charles,Vasquez,jessica51@example.org,Hamilton,Ontario,2021-11-24,Bronze
C00180,Chad,Foster,brewernatalie@example.com,Edmonton,Alberta,2023-07-19,Silver
C00181,Amy,Chavez,abigail94@example.net,Hamilton,Ontario,2022-04-14,Bronze
C00182,Erika,Johnson,shellyyoung@example.org,Ottawa,Ontario,2024-03-21,Gold
C00183,Victoria,Gomez,rsmith@example.net,Toronto,Ontario,2024-07-29,Bronze
C00184,Shawna,Clark,medinabrian@example.net,Mississauga,Ontario,2022-06-21,Bronze
C00185,Benjamin,Osborne,lrodriguez@example.com,Mississauga,Ontario,2026-03-25,Silver
C00186,Laura,Black,farleypeter@example.org,Calgary,Alberta,2023-11-17,Bronze
C00187,Debra,Rodriguez,sara66@example.org,Vancouver,British Columbia,2025-04-12,Bronze
C00188,Amanda,Murray,ucruz@example.net,Vancouver,British Columbia,2025-02-26,Silver
C00189,Desiree,Ruiz,morrisjose@example.org,Ottawa,Ontario,2025-06-15,Bronze
C00190,David,Martinez,bryan65@example.net,Edmonton,Alberta,2024-09-09,Gold
C00191,Daniel,Taylor,hawkinserin@example.net,Edmonton,Alberta,2026-07-19,Silver
C00192,Dylan,Peters,jennifer53@example.org,Vancouver,British Columbia,2023-11-23,Bronze
C00193,Sophia,Miller,burnsrobyn@example.net,Hamilton,Ontario,2022-06-19,Bronze
C00194,Andrew,Welch,crystal32@example.net,Mississauga,Ontario,2025-12-27,Silver
C00195,Hannah,Gordon,cooperalejandra@example.net,Brampton,Ontario,2022-01-12,Bronze
C00196,Anthony,Powell,randall73@example.net,Ottawa,Ontario,2021-11-04,Silver
C00197,Edward,Wiley,bethrhodes@example.org,Hamilton,Ontario,2026-04-19,Bronze
C00198,Amy,Murphy,shanewelch@example.org,Hamilton,Ontario,2026-05-03,Bronze
C00199,Megan,Greer,harrisbrenda@example.net,Toronto,Ontario,2022-02-09,Bronze
C00200,Paul,Myers,janice83@example.com,Vancouver,British Columbia,2021-11-09,Bronze
C00201,Mary,Reed,amber79@example.com,Calgary,Alberta,2023-07-31,Silver
C00202,Jennifer,Brown,swilson@example.net,Brampton,Ontario,2022-03-21,Bronze
C00203,Bradley,Zimmerman,tsharp@example.org,Edmonton,Alberta,2024-08-03,Bronze
C00204,Caitlin,Lee,gsalazar@example.com,Vancouver,British Columbia,2026-05-29,Bronze
C00205,Kimberly,Villa,matthewsholly@example.com,Mississauga,Ontario,2021-10-28,Bronze
C00206,Benjamin,Lopez,friedmanjeffrey@example.net,Brampton,Ontario,2023-06-09,Bronze
C00207,Sharon,Thomas,juliehudson@example.org,Hamilton,Ontario,2025-06-06,Bronze
C00208,Tamara,Garrett,probinson@example.com,Calgary,Alberta,2024-10-12,Silver
C00209,Angie,Andrews,allenamy@example.net,Brampton,Ontario,2023-04-24,Bronze
C00210,Jacqueline,Castaneda,andrewmcpherson@example.com,Edmonton,Alberta,2025-08-30,Bronze
C00211,Lisa,Brown,fcline@example.net,Calgary,Alberta,2024-10-21,Bronze
C00212,Sean,Cook,sanchezsharon@example.org,Brampton,Ontario,2021-08-17,Silver
C00213,David,Davis,dennislam@example.com,Vancouver,British Columbia,2021-08-16,Bronze
C00214,Gabriela,Mckinney,michelle88@example.org,Brampton,Ontario,2022-05-05,Bronze
C00215,Dennis,Jennings,pknight@example.net,Mississauga,Ontario,2022-02-22,Bronze
C00216,Anthony,Anderson,mgould@example.net,Edmonton,Alberta,2025-08-26,Silver
C00217,Ryan,Banks,herbert13@example.org,Ottawa,Ontario,2022-04-28,Bronze
C00218,Travis,Smith,idavidson@example.com,Ottawa,Ontario,2023-08-27,Bronze
C00219,Nicole,Porter,michaelfischer@example.com,Brampton,Ontario,2022-04-08,Silver
C00220,Erin,Lane,richardmiller@example.com,Calgary,Alberta,2024-12-07,Bronze
C00221,Brandy,Foster,brandonjackson@example.com,Vancouver,British Columbia,2025-03-08,Silver
C00222,Alexander,Murphy,nleblanc@example.net,Brampton,Ontario,2021-10-14,Bronze
C00223,Richard,Clements,amendez@example.net,Toronto,Ontario,2024-01-19,Bronze
C00224,Robert,Martin,dylan04@example.net,Ottawa,Ontario,2021-11-26,Bronze
C00225,Dylan,Singh,tcline@example.org,Ottawa,Ontario,2024-09-11,Gold
C00226,Tamara,Ward,poolemadeline@example.net,Hamilton,Ontario,2024-02-20,Silver
C00227,Kelly,Patterson,dickersonjason@example.org,Calgary,Alberta,2022-01-24,Bronze
C00228,Christine,Johnson,pyoung@example.org,Ottawa,Ontario,2025-03-13,Silver
C00229,Raymond,Cuevas,jroberts@example.org,Brampton,Ontario,2021-08-10,Bronze
C00230,Michael,Liu,lisaburgess@example.org,Hamilton,Ontario,2023-09-24,Silver
C00231,Derek,Ward,lisajoseph@example.net,Edmonton,Alberta,2025-03-20,Bronze
C00232,Michelle,Baker,marynewman@example.org,Calgary,Alberta,2024-05-26,Bronze
C00233,Rachel,Phillips,bharris@example.com,Hamilton,Ontario,2025-09-15,Bronze
C00234,Kristin,Johnson,phillipmathis@example.com,Brampton,Ontario,2022-07-18,Bronze
C00235,Melissa,West,aflores@example.org,Edmonton,Alberta,2025-04-01,Bronze
C00236,Megan,Allen,nellis@example.com,Edmonton,Alberta,2021-09-10,Silver
C00237,Kimberly,Daniels,ryankelly@example.net,Calgary,Alberta,2025-08-01,Bronze
C00238,William,Johnson,joseph16@example.net,Calgary,Alberta,2025-07-02,Silver
C00239,Erin,Harrison,zsmith@example.org,Calgary,Alberta,2024-01-08,Silver
C00240,Kimberly,Clay,clarkjeffrey@example.org,Mississauga,Ontario,2025-11-08,Bronze
C00241,Bobby,Brown,stephaniemartinez@example.net,Toronto,Ontario,2021-10-06,Silver
C00242,Jane,Price,hesterchristina@example.org,Calgary,Alberta,2023-07-14,Bronze
C00243,Linda,Werner,sharon84@example.org,Hamilton,Ontario,2025-06-11,Bronze
C00244,Tammy,Moran,yatescrystal@example.org,Vancouver,British Columbia,2021-12-15,Gold
C00245,Erik,Smith,margaret13@example.org,Brampton,Ontario,2025-12-26,Gold
C00246,Mariah,Hayes,keithking@example.org,Vancouver,British Columbia,2026-04-07,Bronze
C00247,James,Allen,owenwilliam@example.org,Ottawa,Ontario,2023-03-27,Silver
C00248,Jennifer,Little,tinamueller@example.org,Calgary,Alberta,2025-03-29,Bronze
C00249,Thomas,Martinez,jessicayoder@example.net,Vancouver,British Columbia,2026-05-15,Bronze
C00250,Sherry,Burns,ianrobinson@example.net,Vancouver,British Columbia,2022-03-29,Bronze
C00251,Benjamin,Reilly,gmcguire@example.org,Mississauga,Ontario,2024-02-12,Bronze
C00252,Carol,Brewer,dorismcdonald@example.org,Hamilton,Ontario,2021-10-12,Silver
C00253,Paul,Smith,tcunningham@example.net,Mississauga,Ontario,2025-08-17,Bronze
C00254,Spencer,Bass,collinssara@example.org,Edmonton,Alberta,2023-12-27,Gold
C00255,Jennifer,Johnston,gabrielobrien@example.com,Calgary,Alberta,2023-08-02,Silver
C00256,Tami,Jennings,manuelconner@example.net,Mississauga,Ontario,2022-06-06,Silver
C00257,Anita,Garrett,pjacobson@example.net,Calgary,Alberta,2023-10-25,Gold
C00258,Ronald,Parrish,moyerbrianna@example.com,Brampton,Ontario,2026-05-03,Bronze
C00259,Crystal,White,karajackson@example.org,Mississauga,Ontario,2024-07-01,Bronze
C00260,Paul,Evans,kimberly16@example.net,Brampton,Ontario,2022-06-04,Bronze
C00261,Lisa,Brown,stephanie94@example.org,Mississauga,Ontario,2024-07-17,Bronze
C00262,Adrian,Taylor,jamesschmidt@example.net,Calgary,Alberta,2021-10-30,Bronze
C00263,Elizabeth,Daniels,patrickrivera@example.org,Mississauga,Ontario,2022-11-27,Silver
C00264,Erik,Guzman,keithprice@example.com,Vancouver,British Columbia,2025-07-09,Bronze
C00265,Sara,Jones,yrussell@example.org,Calgary,Alberta,2023-12-15,Bronze
C00266,Gloria,Hall,linda25@example.net,Ottawa,Ontario,2023-07-19,Silver
C00267,Jeanette,Mejia,jasoncole@example.net,Brampton,Ontario,2023-01-08,Silver
C00268,Michael,Adams,xshort@example.net,Calgary,Alberta,2025-10-28,Bronze
C00269,Donald,Weaver,robertweber@example.org,Hamilton,Ontario,2024-12-10,Silver
C00270,Heather,Gonzales,megan76@example.com,Edmonton,Alberta,2023-06-05,Bronze
C00271,Steven,Burke,lopezmichael@example.com,Calgary,Alberta,2022-11-29,Bronze
C00272,Andrew,Taylor,fullerjeanette@example.org,Hamilton,Ontario,2023-11-07,Silver
C00273,Allison,Moore,tfleming@example.org,Vancouver,British Columbia,2021-10-29,Silver
C00274,David,Howard,randall82@example.org,Toronto,Ontario,2021-12-17,Bronze
C00275,Jason,Chan,joannecarter@example.net,Ottawa,Ontario,2023-04-14,Bronze
C00276,Jeffrey,Sampson,nicholas35@example.org,Toronto,Ontario,2022-05-16,Silver
C00277,Megan,Smith,timothyfrazier@example.com,Vancouver,British Columbia,2023-03-17,Bronze
C00278,Joshua,Mitchell,glennhebert@example.net,Mississauga,Ontario,2025-12-14,Bronze
C00279,Andrea,Evans,mallory43@example.com,Hamilton,Ontario,2024-07-19,Bronze
C00280,Richard,Bennett,howellashley@example.com,Mississauga,Ontario,2025-01-13,Bronze
C00281,Rickey,Fritz,gsmith@example.net,Toronto,Ontario,2023-09-08,Bronze
C00282,Bonnie,Ross,umorgan@example.org,Toronto,Ontario,2024-12-08,Bronze
C00283,Alejandra,Rose,zreilly@example.com,Hamilton,Ontario,2023-03-25,Bronze
C00284,Jane,Cox,kelly24@example.com,Toronto,Ontario,2026-01-24,Bronze
C00285,Victoria,Ford,hwhite@example.com,Vancouver,British Columbia,2022-09-16,Bronze
C00286,Samantha,Williams,vanessamiller@example.net,Ottawa,Ontario,2023-07-25,Bronze
C00287,Stephanie,Boone,taylorbrandon@example.net,Calgary,Alberta,2026-06-15,Bronze
C00288,Abigail,Howard,sean89@example.org,Edmonton,Alberta,2022-03-29,Bronze
C00289,Crystal,Hart,durhamkatherine@example.net,Calgary,Alberta,2025-06-22,Bronze
C00290,Martin,Mcmillan,rhernandez@example.org,Mississauga,Ontario,2023-06-04,Bronze
C00291,Michael,Butler,hickscourtney@example.net,Mississauga,Ontario,2023-08-04,Bronze
C00292,John,Wright,younglynn@example.com,Hamilton,Ontario,2025-11-22,Silver
C00293,Lori,Roy,qpeterson@example.com,Toronto,Ontario,2024-12-05,Bronze
C00294,Alexis,Kirby,ericksoncraig@example.com,Mississauga,Ontario,2025-04-11,Bronze
C00295,Chelsea,Robinson,torresalice@example.com,Ottawa,Ontario,2023-10-12,Bronze
C00296,Anthony,Douglas,halldennis@example.net,Vancouver,British Columbia,2026-04-11,Bronze
C00297,Richard,Mills,omcfarland@example.com,Calgary,Alberta,2024-06-27,Silver
C00298,Natalie,Herrera,henryvelez@example.org,Toronto,Ontario,2024-06-29,Bronze
C00299,Ronald,Lynn,tmoyer@example.net,Vancouver,British Columbia,2022-01-25,Bronze
C00300,Jessica,Johnson,mrichard@example.com,Toronto,Ontario,2024-01-03,Gold
C00301,Jamie,Morgan,roberthamilton@example.com,Ottawa,Ontario,2023-02-04,Silver
C00302,Melinda,Mendoza,pauldestiny@example.net,Hamilton,Ontario,2022-11-12,Silver
C00303,Stephanie,Johnson,steven84@example.net,Ottawa,Ontario,2024-01-26,Bronze
C00304,Gary,Barnes,eferguson@example.com,Vancouver,British Columbia,2023-02-10,Bronze
C00305,David,Gilbert,robert78@example.net,Brampton,Ontario,2023-04-28,Bronze
C00306,Veronica,Alvarez,millerfrank@example.com,Edmonton,Alberta,2022-04-27,Bronze
C00307,Kevin,Lara,padillakevin@example.net,Edmonton,Alberta,2024-02-29,Bronze
C00308,Michael,Sullivan,morenodiana@example.net,Toronto,Ontario,2022-02-10,Bronze
C00309,Wesley,Bender,hdavis@example.com,Toronto,Ontario,2022-07-30,Silver
C00310,John,Romero,gcrawford@example.com,Toronto,Ontario,2024-07-19,Silver
C00311,Robert,Garrett,sarahwilliams@example.net,Hamilton,Ontario,2024-01-08,Silver
C00312,Raymond,Roman,joshua13@example.org,Ottawa,Ontario,2025-10-25,Silver
C00313,Richard,Thompson,robert34@example.com,Brampton,Ontario,2026-01-03,Gold
C00314,Jennifer,Hill,qanderson@example.org,Hamilton,Ontario,2024-06-08,Bronze
C00315,Anne,Castillo,rossgerald@example.net,Ottawa,Ontario,2025-11-27,Bronze
C00316,Brianna,Ewing,judy63@example.org,Hamilton,Ontario,2022-09-13,Bronze
C00317,David,Holmes,grantflores@example.com,Toronto,Ontario,2024-10-27,Bronze
C00318,Andre,Le,asmith@example.net,Hamilton,Ontario,2025-02-14,Gold
C00319,Olivia,Castillo,paul14@example.org,Toronto,Ontario,2024-01-31,Bronze
C00320,John,Morris,brobertson@example.com,Ottawa,Ontario,2025-08-15,Bronze
C00321,Jamie,David,richardwright@example.net,Toronto,Ontario,2025-11-13,Silver
C00322,Jesse,Cooper,raymond73@example.org,Mississauga,Ontario,2025-12-30,Bronze
C00323,Sharon,Guzman,harold19@example.net,Calgary,Alberta,2025-06-26,Silver
C00324,Andres,Dunlap,jamieschmidt@example.org,Brampton,Ontario,2021-10-02,Silver
C00325,Daniel,Garcia,longashley@example.com,Vancouver,British Columbia,2022-01-21,Bronze
C00326,Amy,Wilson,christopher96@example.net,Calgary,Alberta,2025-08-21,Bronze
C00327,Derek,Flores,mckenziewilliam@example.com,Edmonton,Alberta,2025-04-27,Bronze
C00328,Taylor,Williams,michelle42@example.net,Edmonton,Alberta,2023-02-08,Bronze
C00329,Cindy,Turner,leslie13@example.org,Calgary,Alberta,2025-10-04,Bronze
C00330,Christina,Jordan,waltondiane@example.com,Calgary,Alberta,2026-02-26,Bronze
C00331,Edward,Martinez,collinsjessica@example.net,Ottawa,Ontario,2022-05-16,Bronze
C00332,Elizabeth,Jackson,woodkimberly@example.com,Vancouver,British Columbia,2023-01-13,Bronze
C00333,Derek,Waters,smithmichael@example.net,Toronto,Ontario,2023-09-16,Bronze
C00334,Kimberly,Moreno,pwalker@example.net,Toronto,Ontario,2021-11-29,Silver
C00335,James,Stewart,kevin10@example.com,Edmonton,Alberta,2023-06-09,Bronze
C00336,Samantha,Hansen,aaron15@example.com,Mississauga,Ontario,2025-02-24,Bronze
C00337,Jeremy,Reed,yweeks@example.org,Ottawa,Ontario,2022-11-26,Bronze
C00338,Denise,Simmons,julie71@example.org,Mississauga,Ontario,2023-04-27,Bronze
C00339,Eric,Jackson,kentvictor@example.org,Mississauga,Ontario,2021-11-24,Bronze
C00340,Larry,Morris,buckleybill@example.com,Hamilton,Ontario,2023-11-27,Bronze
C00341,Paula,Adams,hoodtonya@example.net,Calgary,Alberta,2026-07-08,Bronze
C00342,Christina,Summers,jamesgalvan@example.com,Vancouver,British Columbia,2023-07-16,Bronze
C00343,Frank,Jordan,harrisonbenjamin@example.com,Ottawa,Ontario,2023-10-29,Bronze
C00344,Michelle,Davis,andrewschristian@example.net,Toronto,Ontario,2024-03-22,Silver
C00345,Christopher,French,sanderssharon@example.net,Ottawa,Ontario,2023-01-07,Bronze
C00346,William,Zuniga,ryan81@example.net,Toronto,Ontario,2024-03-25,Bronze
C00347,Matthew,Wright,qburns@example.net,Toronto,Ontario,2021-12-25,Gold
C00348,Gloria,Robinson,monica48@example.net,Edmonton,Alberta,2023-05-12,Bronze
C00349,Carol,Mullen,christineryan@example.com,Vancouver,British Columbia,2023-11-22,Silver
C00350,Brianna,Miranda,miguel85@example.org,Toronto,Ontario,2022-03-17,Silver
C00351,Patrick,Lawson,elaine24@example.org,Ottawa,Ontario,2021-12-13,Bronze
C00352,Jack,Neal,rachelsimpson@example.net,Brampton,Ontario,2026-03-01,Bronze
C00353,Rickey,Vazquez,grantmary@example.com,Calgary,Alberta,2024-03-07,Silver
C00354,Virginia,Larson,murillodeborah@example.org,Mississauga,Ontario,2023-04-05,Bronze
C00355,Teresa,Hudson,kenneth44@example.org,Vancouver,British Columbia,2022-10-22,Gold
C00356,Brooke,Stevens,pittmandarlene@example.com,Toronto,Ontario,2023-07-22,Silver
C00357,Michele,Taylor,reedmitchell@example.org,Toronto,Ontario,2026-05-12,Silver
C00358,Jorge,Holmes,dallen@example.com,Calgary,Alberta,2025-08-22,Bronze
C00359,Sherry,Harris,martinandrew@example.org,Ottawa,Ontario,2023-05-23,Bronze
C00360,Benjamin,Castillo,alexis06@example.com,Brampton,Ontario,2024-11-03,Silver
C00361,Daniel,Jones,brett38@example.net,Edmonton,Alberta,2022-04-16,Bronze
C00362,Erin,Fleming,robertschmidt@example.org,Ottawa,Ontario,2024-03-31,Bronze
C00363,James,Parker,brandon69@example.net,Toronto,Ontario,2023-01-27,Bronze
C00364,Marcus,Coleman,briggsstephen@example.com,Hamilton,Ontario,2025-01-22,Silver
C00365,Lisa,Mclaughlin,johnpadilla@example.net,Calgary,Alberta,2022-10-11,Silver
C00366,Kelly,Davis,chad21@example.com,Ottawa,Ontario,2022-11-05,Silver
C00367,Timothy,Reyes,staceygonzales@example.net,Vancouver,British Columbia,2024-10-30,Bronze
C00368,Anthony,Sanchez,mreyes@example.net,Brampton,Ontario,2023-03-01,Bronze
C00369,Krystal,Fischer,tamigeorge@example.org,Mississauga,Ontario,2023-02-24,Bronze
C00370,Erik,Tucker,englishrobert@example.org,Toronto,Ontario,2022-05-26,Bronze
C00371,Susan,Bailey,junderwood@example.org,Hamilton,Ontario,2024-01-17,Bronze
C00372,Bruce,Ramos,alambert@example.net,Hamilton,Ontario,2022-08-14,Silver
C00373,David,Camacho,johnrivera@example.com,Mississauga,Ontario,2024-07-30,Bronze
C00374,Kerri,Mitchell,marcus59@example.net,Hamilton,Ontario,2021-12-21,Bronze
C00375,Caitlin,Brooks,kramerjames@example.net,Toronto,Ontario,2024-08-08,Bronze
C00376,Sherri,Torres,christinecox@example.com,Brampton,Ontario,2025-11-16,Silver
C00377,Jesse,Camacho,wallacesamantha@example.com,Edmonton,Alberta,2024-07-19,Silver
C00378,Anthony,Miller,helencarlson@example.com,Ottawa,Ontario,2023-01-17,Gold
C00379,Michael,Wiggins,thomas01@example.net,Calgary,Alberta,2022-05-08,Silver
C00380,Joshua,Goodwin,petersonjessica@example.net,Ottawa,Ontario,2022-05-05,Bronze
C00381,Amanda,Sims,lherring@example.com,Brampton,Ontario,2023-01-17,Silver
C00382,Laura,Torres,martinamber@example.net,Brampton,Ontario,2021-08-02,Silver
C00383,Kimberly,Brown,walterskathleen@example.net,Vancouver,British Columbia,2024-02-22,Bronze
C00384,Jared,Vincent,rdavis@example.org,Calgary,Alberta,2023-11-19,Bronze
C00385,Lacey,Walsh,gcallahan@example.org,Mississauga,Ontario,2026-01-19,Bronze
C00386,Robert,Anderson,tinafleming@example.org,Ottawa,Ontario,2021-09-16,Bronze
C00387,Peter,Goodman,sarahcarter@example.com,Calgary,Alberta,2022-03-22,Bronze
C00388,April,Davis,william51@example.net,Ottawa,Ontario,2021-12-27,Bronze
C00389,Carlos,Campbell,reyesrebekah@example.com,Hamilton,Ontario,2024-06-04,Bronze
C00390,Joe,Bailey,cvasquez@example.org,Ottawa,Ontario,2023-08-15,Bronze
C00391,Holly,Lowe,justin27@example.com,Edmonton,Alberta,2025-05-20,Silver
C00392,Ryan,Fisher,ruth90@example.org,Mississauga,Ontario,2021-08-07,Silver
C00393,Marc,Perez,christophershea@example.net,Mississauga,Ontario,2022-05-07,Silver
C00394,Mary,Reese,jennifer36@example.net,Mississauga,Ontario,2024-09-03,Bronze
C00395,Angela,Burke,villarrealpatricia@example.com,Toronto,Ontario,2024-01-18,Gold
C00396,Jennifer,Mcdaniel,margaret01@example.org,Edmonton,Alberta,2022-10-22,Gold
C00397,Marcia,Davis,humphreynicole@example.com,Calgary,Alberta,2025-04-29,Bronze
C00398,Gabriel,Wilson,madison35@example.org,Mississauga,Ontario,2024-06-24,Silver
C00399,Andrea,Joyce,monicayoung@example.org,Vancouver,British Columbia,2021-11-12,Bronze
C00400,Michael,Carter,benjamingarcia@example.com,Edmonton,Alberta,2025-08-20,Silver
C00401,Sean,Garcia,laura05@example.org,Ottawa,Ontario,2024-04-06,Gold
C00402,Bryan,James,nelsonscott@example.net,Hamilton,Ontario,2024-01-12,Silver
C00403,Edward,Sloan,ymedina@example.net,Calgary,Alberta,2023-12-18,Bronze
C00404,Erin,Lewis,john28@example.net,Edmonton,Alberta,2025-02-24,Bronze
C00405,Melinda,Joyce,lauren56@example.com,Ottawa,Ontario,2026-03-17,Silver
C00406,Katie,Romero,rramsey@example.com,Calgary,Alberta,2025-03-06,Bronze
C00407,Vanessa,Cochran,smithkristin@example.com,Vancouver,British Columbia,2024-08-25,Bronze
C00408,Robert,Wilson,christy36@example.org,Ottawa,Ontario,2025-09-29,Bronze
C00409,Brad,Young,josephcampbell@example.net,Ottawa,Ontario,2023-02-14,Silver
C00410,Scott,Myers,jonathanhughes@example.net,Brampton,Ontario,2023-02-02,Silver
C00411,Ashley,Bond,ana02@example.org,Brampton,Ontario,2025-09-20,Silver
C00412,Melanie,Meyer,jason76@example.net,Mississauga,Ontario,2022-04-01,Silver
C00413,Brandon,Cox,chase07@example.com,Ottawa,Ontario,2026-01-03,Bronze
C00414,Manuel,Moody,kennethrodriguez@example.net,Calgary,Alberta,2024-02-17,Bronze
C00415,Victor,Brown,sanchezisaac@example.com,Vancouver,British Columbia,2022-12-06,Silver
C00416,Krystal,Hicks,esanchez@example.org,Hamilton,Ontario,2023-06-17,Silver
C00417,Cynthia,Cobb,iwebster@example.net,Edmonton,Alberta,2021-09-07,Bronze
C00418,Kevin,Decker,elizabeth12@example.org,Hamilton,Ontario,2025-10-29,Bronze
C00419,Eric,Petersen,todd86@example.net,Edmonton,Alberta,2023-02-19,Bronze
C00420,Valerie,Hicks,wwallace@example.com,Mississauga,Ontario,2022-08-01,Bronze
C00421,Randy,Bush,michelle83@example.net,Toronto,Ontario,2022-04-14,Bronze
C00422,Matthew,Herrera,tyler30@example.com,Hamilton,Ontario,2025-07-17,Bronze
C00423,David,Martinez,xnguyen@example.net,Mississauga,Ontario,2022-01-13,Bronze
C00424,Joe,Nelson,williamlewis@example.org,Calgary,Alberta,2024-10-01,Bronze
C00425,Bruce,Joseph,patrickgreen@example.org,Toronto,Ontario,2022-10-19,Bronze
C00426,James,Moore,sandy44@example.net,Hamilton,Ontario,2024-03-17,Bronze
C00427,Andrea,Fritz,ericterry@example.org,Edmonton,Alberta,2023-04-16,Bronze
C00428,Joshua,Bryan,zmartinez@example.net,Calgary,Alberta,2023-06-30,Bronze
C00429,Charles,Scott,lisa62@example.org,Vancouver,British Columbia,2022-02-12,Silver
C00430,Margaret,Garrett,igarcia@example.com,Vancouver,British Columbia,2025-06-30,Bronze
C00431,Sarah,Boyd,ascott@example.org,Ottawa,Ontario,2024-01-04,Silver
C00432,Jennifer,Anderson,virginiascott@example.com,Toronto,Ontario,2023-02-22,Bronze
C00433,Lee,Wilson,marissaevans@example.org,Edmonton,Alberta,2025-09-16,Silver
C00434,Lisa,Haas,floressheila@example.org,Edmonton,Alberta,2026-05-09,Bronze
C00435,Robert,Stevenson,rebecca41@example.com,Calgary,Alberta,2023-12-14,Bronze
C00436,Daniel,Holmes,hdaniels@example.net,Ottawa,Ontario,2024-06-07,Bronze
C00437,Luke,Moss,ronaldmoore@example.net,Toronto,Ontario,2025-11-07,Bronze
C00438,Dennis,Payne,qchang@example.net,Ottawa,Ontario,2025-03-12,Silver
C00439,Jasmine,Caldwell,sandra59@example.org,Hamilton,Ontario,2022-03-06,Gold
C00440,Sarah,Sims,paul49@example.com,Hamilton,Ontario,2026-04-18,Bronze
C00441,Miranda,Moore,kristinmurphy@example.org,Hamilton,Ontario,2022-07-27,Bronze
C00442,Zachary,Ramirez,xpeterson@example.net,Hamilton,Ontario,2025-12-04,Bronze
C00443,Joseph,Roberts,anthonythomas@example.com,Hamilton,Ontario,2025-07-16,Gold
C00444,Shelly,Brown,wongchristina@example.org,Mississauga,Ontario,2023-01-04,Gold
C00445,Denise,Wolfe,ysmith@example.org,Toronto,Ontario,2023-06-22,Silver
C00446,Kathryn,Johnston,mark27@example.com,Brampton,Ontario,2022-03-12,Bronze
C00447,Jamie,Allen,jasonprice@example.org,Hamilton,Ontario,2023-08-16,Silver
C00448,Monica,Allen,richardmartinez@example.org,Calgary,Alberta,2022-01-15,Gold
C00449,Rachel,Sandoval,schultzlisa@example.com,Ottawa,Ontario,2024-03-30,Silver
C00450,Donna,Chavez,riveramark@example.com,Toronto,Ontario,2022-03-14,Silver
C00451,Gina,Cannon,oavila@example.org,Ottawa,Ontario,2025-03-17,Bronze
C00452,Amanda,Gardner,howardmary@example.org,Toronto,Ontario,2025-07-25,Bronze
C00453,Kelly,Walker,oray@example.org,Toronto,Ontario,2023-06-11,Bronze
C00454,Lynn,Foster,dawn25@example.org,Vancouver,British Columbia,2023-02-10,Bronze
C00455,Stacy,Roach,davispaige@example.com,Edmonton,Alberta,2024-12-09,Bronze
C00456,Taylor,Anderson,burnssara@example.net,Edmonton,Alberta,2024-03-23,Bronze
C00457,Colleen,Johnson,crogers@example.org,Mississauga,Ontario,2024-05-01,Silver
C00458,Ryan,Stephens,sarah38@example.org,Calgary,Alberta,2021-11-04,Bronze
C00459,Alexander,Schneider,fosterwilliam@example.com,Toronto,Ontario,2021-09-09,Gold
C00460,Anna,Campos,sergiojackson@example.org,Brampton,Ontario,2022-06-16,Silver
C00461,Shannon,Fritz,tkidd@example.com,Toronto,Ontario,2022-06-10,Bronze
C00462,Miguel,Mason,jacksoncourtney@example.net,Toronto,Ontario,2024-08-13,Gold
C00463,Nicholas,Harrington,aaroncox@example.net,Mississauga,Ontario,2024-09-02,Bronze
C00464,William,Peterson,cesarsanchez@example.com,Toronto,Ontario,2024-11-08,Silver
C00465,Monica,Jackson,william86@example.com,Mississauga,Ontario,2022-04-07,Bronze
C00466,Sherri,Nicholson,sallydelgado@example.com,Ottawa,Ontario,2022-06-11,Silver
C00467,Sarah,Buckley,jeffrey87@example.com,Edmonton,Alberta,2023-09-02,Silver
C00468,Ricky,Ramos,brandon96@example.net,Vancouver,British Columbia,2022-07-19,Bronze
C00469,Laurie,Atkins,caseyjackson@example.com,Ottawa,Ontario,2021-09-05,Bronze
C00470,Ashley,Murray,greeneteresa@example.org,Vancouver,British Columbia,2021-08-21,Silver
C00471,Nathaniel,Hanson,dennismatthew@example.net,Ottawa,Ontario,2024-08-10,Bronze
C00472,Barry,Patel,yorozco@example.net,Vancouver,British Columbia,2025-06-10,Bronze
C00473,Amanda,Lee,gloriaowens@example.org,Hamilton,Ontario,2025-05-22,Bronze
C00474,Bethany,Holmes,stephanie05@example.org,Edmonton,Alberta,2023-08-27,Bronze
C00475,Jerry,Spence,brooke52@example.com,Vancouver,British Columbia,2025-08-24,Bronze
C00476,William,Hill,hjones@example.com,Vancouver,British Columbia,2022-05-28,Bronze
C00477,Virginia,Gibbs,qnixon@example.org,Hamilton,Ontario,2022-08-01,Bronze
C00478,Traci,West,kimberlymurphy@example.net,Calgary,Alberta,2023-12-20,Bronze
C00479,Hannah,Wright,laurasimpson@example.net,Brampton,Ontario,2021-09-07,Gold
C00480,Randy,Coleman,richardmarshall@example.org,Hamilton,Ontario,2024-10-22,Silver
C00481,Mary,Mayer,idean@example.com,Ottawa,Ontario,2022-04-17,Silver
C00482,Kim,King,nterry@example.com,Vancouver,British Columbia,2026-01-12,Silver
C00483,Andrew,Cain,pjohnson@example.net,Brampton,Ontario,2026-03-31,Bronze
C00484,Michele,Robertson,rossdavid@example.org,Toronto,Ontario,2026-04-05,Bronze
C00485,Cynthia,Petersen,deborahjimenez@example.net,Toronto,Ontario,2024-12-23,Silver
C00486,Gabriella,Sparks,amartin@example.org,Vancouver,British Columbia,2022-10-07,Bronze
C00487,Robert,Myers,wgreer@example.org,Brampton,Ontario,2022-04-16,Silver
C00488,Stephanie,Suarez,katie79@example.org,Toronto,Ontario,2023-05-02,Bronze
C00489,Jennifer,Chapman,btaylor@example.net,Brampton,Ontario,2026-03-04,Bronze
C00490,Thomas,Gomez,raustin@example.net,Edmonton,Alberta,2024-12-04,Silver
C00491,Dawn,Roy,gkim@example.net,Hamilton,Ontario,2022-09-05,Gold
C00492,Jack,Ortiz,hpineda@example.org,Ottawa,Ontario,2025-02-25,Gold
C00493,Elizabeth,James,sortega@example.org,Brampton,Ontario,2023-10-29,Silver
C00494,Stephanie,Stephens,wilsonsamantha@example.net,Brampton,Ontario,2025-08-07,Bronze
C00495,Barbara,Wright,amberwelch@example.com,Calgary,Alberta,2023-06-10,Silver
C00496,Christina,Caldwell,timothyfranco@example.org,Toronto,Ontario,2023-05-30,Bronze
C00497,Daniel,Morales,theresa28@example.net,Vancouver,British Columbia,2023-02-26,Bronze
C00498,Stacey,Hunter,obailey@example.net,Edmonton,Alberta,2022-08-16,Bronze
C00499,Patricia,Fowler,robinsonsteven@example.org,Calgary,Alberta,2025-04-27,Gold
C00500,Kimberly,Carroll,valdezandrew@example.org,Mississauga,Ontario,2026-02-18,Bronze
C00501,Joshua,Smith,heather83@example.org,Mississauga,Ontario,2023-02-04,Gold
C00502,Ryan,Serrano,taylorsanchez@example.net,Ottawa,Ontario,2023-02-27,Bronze
C00503,Michael,Perez,lopezsharon@example.net,Calgary,Alberta,2021-07-27,Bronze
C00504,George,Mccoy,amanda10@example.org,Edmonton,Alberta,2021-09-01,Silver
C00505,James,Mitchell,rebecca36@example.com,Vancouver,British Columbia,2022-09-01,Gold
C00506,Anna,Duncan,lisajones@example.com,Mississauga,Ontario,2023-07-30,Bronze
C00507,Edward,Foley,colechristopher@example.org,Vancouver,British Columbia,2023-05-29,Bronze
C00508,Megan,Hays,williseric@example.org,Edmonton,Alberta,2024-10-16,Silver
C00509,Heather,Tapia,umurphy@example.net,Calgary,Alberta,2023-09-27,Bronze
C00510,Nicholas,Wagner,yweaver@example.com,Brampton,Ontario,2025-09-10,Bronze
C00511,Trevor,Diaz,kevinwest@example.com,Calgary,Alberta,2024-03-17,Silver
C00512,Debra,Franco,nthomas@example.org,Brampton,Ontario,2021-09-01,Bronze
C00513,Crystal,James,susan87@example.net,Ottawa,Ontario,2022-02-15,Bronze
C00514,Jessica,Burns,gwilliams@example.com,Ottawa,Ontario,2024-08-08,Gold
C00515,Laura,Lindsey,rachaelmoore@example.net,Calgary,Alberta,2024-05-20,Bronze
C00516,Mark,Greene,brianroman@example.com,Mississauga,Ontario,2026-06-12,Bronze
C00517,Cindy,Medina,eugenecoleman@example.org,Brampton,Ontario,2024-06-22,Bronze
C00518,Karen,Fox,pricejamie@example.net,Mississauga,Ontario,2023-01-04,Bronze
C00519,Paul,Ball,hhenderson@example.org,Mississauga,Ontario,2025-07-27,Bronze
C00520,Kristin,Flowers,erinmyers@example.org,Edmonton,Alberta,2022-08-26,Bronze
C00521,Bradley,Arroyo,kwhite@example.net,Vancouver,British Columbia,2026-05-02,Silver
C00522,Wanda,Johnson,egray@example.com,Ottawa,Ontario,2022-10-26,Bronze
C00523,Brittany,Anderson,emilywalker@example.org,Edmonton,Alberta,2021-10-30,Bronze
C00524,Nathan,Mccall,shawnmiller@example.com,Calgary,Alberta,2026-05-29,Bronze
C00525,Jay,Bradley,michaelosborne@example.org,Hamilton,Ontario,2026-06-04,Bronze
C00526,Victor,Carroll,ybeck@example.net,Vancouver,British Columbia,2022-09-09,Silver
C00527,Keith,Howard,wilsonjennifer@example.org,Toronto,Ontario,2024-05-13,Bronze
C00528,Megan,Morales,whayes@example.com,Calgary,Alberta,2024-12-23,Silver
C00529,Melody,Weaver,cheryl64@example.com,Edmonton,Alberta,2025-07-13,Bronze
C00530,Christina,Cordova,whitelaura@example.org,Calgary,Alberta,2025-08-31,Bronze
C00531,Heather,West,grivera@example.net,Ottawa,Ontario,2023-12-09,Silver
C00532,Samuel,Hayden,fmartinez@example.org,Brampton,Ontario,2022-08-21,Gold
C00533,Amy,Singh,kaitlynmiller@example.com,Hamilton,Ontario,2026-06-18,Bronze
C00534,Stephanie,Flores,qdelgado@example.net,Mississauga,Ontario,2022-06-06,Bronze
C00535,Jennifer,Obrien,eflores@example.org,Brampton,Ontario,2021-10-06,Silver
C00536,Christine,Roberson,yhernandez@example.net,Edmonton,Alberta,2022-07-20,Bronze
C00537,Douglas,Hall,anamoore@example.net,Ottawa,Ontario,2023-06-17,Bronze
C00538,Austin,Hodge,kcraig@example.net,Calgary,Alberta,2022-03-31,Gold
C00539,Melinda,Clark,vegajulia@example.org,Vancouver,British Columbia,2021-08-08,Silver
C00540,Todd,Mata,blankenshipandrew@example.com,Brampton,Ontario,2022-01-09,Silver
C00541,Joseph,Frederick,travisdonovan@example.com,Ottawa,Ontario,2024-12-09,Bronze
C00542,Alyssa,Banks,ibauer@example.org,Vancouver,British Columbia,2025-08-18,Bronze
C00543,Sierra,Moore,jeremiahbriggs@example.com,Brampton,Ontario,2022-09-25,Silver
C00544,Mark,Coleman,williamslisa@example.net,Toronto,Ontario,2022-02-19,Bronze
C00545,Olivia,Lee,jasminepollard@example.net,Edmonton,Alberta,2024-03-18,Silver
C00546,Mark,Bridges,michelle31@example.net,Toronto,Ontario,2022-03-17,Bronze
C00547,Cynthia,Bradley,qdavis@example.com,Ottawa,Ontario,2024-03-14,Silver
C00548,Steven,Frank,jeffreyshields@example.net,Toronto,Ontario,2024-07-08,Gold
C00549,Jennifer,Park,melanieshields@example.com,Vancouver,British Columbia,2024-06-23,Bronze
C00550,Nicole,Williams,sarahtorres@example.net,Calgary,Alberta,2021-11-23,Bronze
C00551,Robert,Dudley,dennis25@example.org,Toronto,Ontario,2022-12-17,Bronze
C00552,Miranda,Padilla,jamesdelgado@example.net,Calgary,Alberta,2026-05-29,Bronze
C00553,Lisa,Duffy,thompsondiana@example.net,Vancouver,British Columbia,2025-09-03,Bronze
C00554,Bobby,Ramirez,cjimenez@example.net,Mississauga,Ontario,2024-09-28,Silver
C00555,Marcus,Mcgrath,markflores@example.org,Ottawa,Ontario,2023-04-17,Bronze
C00556,Ashley,Terry,jamieali@example.net,Toronto,Ontario,2024-05-03,Silver
C00557,Philip,Cross,cmurray@example.com,Calgary,Alberta,2022-10-10,Silver
C00558,Christy,Walker,pacesusan@example.com,Calgary,Alberta,2025-06-29,Bronze
C00559,Megan,Ochoa,marthawilliams@example.org,Vancouver,British Columbia,2025-10-29,Bronze
C00560,Jacqueline,Wagner,pamelamurillo@example.com,Brampton,Ontario,2025-02-07,Silver
C00561,Donna,Hill,onealelizabeth@example.org,Mississauga,Ontario,2026-05-05,Silver
C00562,Brianna,Nelson,michael90@example.org,Brampton,Ontario,2025-09-28,Bronze
C00563,Kelly,Ryan,edouglas@example.net,Edmonton,Alberta,2026-05-15,Bronze
C00564,Paula,Robinson,brianna68@example.net,Brampton,Ontario,2022-06-30,Bronze
C00565,Mary,Thompson,bridgestiffany@example.org,Ottawa,Ontario,2025-10-04,Silver
C00566,Dawn,Bailey,fparsons@example.com,Hamilton,Ontario,2025-11-08,Bronze
C00567,Jeremiah,Parker,joannaporter@example.org,Edmonton,Alberta,2021-09-14,Bronze
C00568,Bryan,Rodriguez,stephanie09@example.com,Ottawa,Ontario,2024-07-28,Bronze
C00569,Jonathan,Turner,joshua05@example.net,Ottawa,Ontario,2022-07-26,Silver
C00570,Donna,Allen,danielmiller@example.com,Vancouver,British Columbia,2022-11-13,Silver
C00571,Luis,Thomas,nichole83@example.net,Brampton,Ontario,2024-10-03,Silver
C00572,Dean,Howell,oallen@example.net,Ottawa,Ontario,2022-09-05,Bronze
C00573,Sandra,Becker,brian89@example.net,Toronto,Ontario,2024-02-29,Silver
C00574,James,Charles,kellybarry@example.net,Ottawa,Ontario,2023-05-22,Bronze
C00575,Matthew,Bailey,martha66@example.com,Ottawa,Ontario,2021-08-31,Bronze
C00576,Alan,Lowery,xparker@example.net,Brampton,Ontario,2024-05-13,Silver
C00577,Michael,Mendez,zpoole@example.com,Toronto,Ontario,2025-06-27,Silver
C00578,Andrew,Green,heathryan@example.com,Edmonton,Alberta,2025-04-26,Silver
C00579,William,Hernandez,ayalatammy@example.org,Hamilton,Ontario,2025-04-30,Bronze
C00580,Mandy,Williamson,debrahoffman@example.org,Toronto,Ontario,2022-01-15,Gold
C00581,Mark,Rogers,robinstout@example.net,Vancouver,British Columbia,2024-03-04,Bronze
C00582,Melissa,Russell,sandra87@example.com,Calgary,Alberta,2023-06-15,Bronze
C00583,Shawn,Davis,torressusan@example.net,Calgary,Alberta,2024-05-15,Silver
C00584,Michael,Sweeney,dickersonmark@example.net,Mississauga,Ontario,2026-04-06,Gold
C00585,Lawrence,Campos,crawfordtimothy@example.net,Hamilton,Ontario,2021-11-11,Silver
C00586,Caleb,Gonzalez,hineslisa@example.com,Ottawa,Ontario,2023-08-26,Bronze
C00587,Darrell,Black,heidi90@example.com,Toronto,Ontario,2023-11-15,Bronze
C00588,Scott,Duncan,blakepeterson@example.org,Brampton,Ontario,2024-02-06,Bronze
C00589,John,Ward,mswanson@example.com,Edmonton,Alberta,2022-09-10,Bronze
C00590,Dennis,Hubbard,johnsonjohn@example.org,Brampton,Ontario,2025-03-11,Silver
C00591,Kaitlyn,Shea,erikataylor@example.com,Calgary,Alberta,2021-12-17,Bronze
C00592,Jessica,Wilson,tgarner@example.com,Toronto,Ontario,2024-03-29,Silver
C00593,Carrie,Lee,josemiller@example.net,Hamilton,Ontario,2023-01-08,Silver
C00594,Tracie,Murphy,stevenssuzanne@example.com,Mississauga,Ontario,2023-07-25,Bronze
C00595,Michael,Lewis,nrobbins@example.com,Calgary,Alberta,2024-05-19,Silver
C00596,Jessica,Brown,juan12@example.org,Ottawa,Ontario,2024-06-18,Bronze
C00597,Teresa,Saunders,sarahsavage@example.org,Hamilton,Ontario,2024-02-02,Bronze
C00598,Kimberly,Murray,caleballen@example.com,Mississauga,Ontario,2024-09-08,Gold
C00599,Judy,Brown,rochaamanda@example.com,Calgary,Alberta,2024-03-10,Silver
C00600,Dennis,King,randallkatelyn@example.net,Edmonton,Alberta,2022-10-12,Bronze
C00601,Andrew,Wang,breannamorales@example.org,Brampton,Ontario,2025-05-07,Bronze
C00602,Wesley,Knapp,charles17@example.com,Mississauga,Ontario,2024-09-03,Gold
C00603,Steven,Hardy,hlucas@example.com,Edmonton,Alberta,2025-10-30,Silver
C00604,Gary,Robinson,jonathan47@example.org,Ottawa,Ontario,2025-12-02,Bronze
C00605,Tammy,Grant,ihernandez@example.com,Mississauga,Ontario,2021-10-15,Bronze
C00606,Linda,Murphy,mhernandez@example.net,Calgary,Alberta,2024-04-04,Bronze
C00607,Alyssa,Allen,gonzalezoscar@example.net,Ottawa,Ontario,2022-11-27,Bronze
C00608,Savannah,Fleming,shane16@example.net,Hamilton,Ontario,2022-06-17,Bronze
C00609,Lynn,Gray,natasha65@example.org,Mississauga,Ontario,2022-08-06,Bronze
C00610,Misty,Miller,edward02@example.com,Edmonton,Alberta,2024-08-08,Bronze
C00611,Harold,Moore,meredith43@example.net,Brampton,Ontario,2025-01-10,Silver
C00612,David,Howard,velezkristen@example.net,Ottawa,Ontario,2025-01-03,Silver
C00613,Katherine,Walker,sara90@example.net,Brampton,Ontario,2023-06-10,Silver
C00614,Gregory,Everett,aaron67@example.net,Calgary,Alberta,2023-12-17,Gold
C00615,Jeremy,May,stephaniepacheco@example.net,Toronto,Ontario,2025-09-16,Bronze
C00616,Robin,Aguilar,ssmith@example.org,Brampton,Ontario,2022-02-17,Bronze
C00617,Dalton,Harvey,megancooley@example.com,Brampton,Ontario,2024-10-04,Bronze
C00618,Matthew,Conley,peggy44@example.org,Brampton,Ontario,2026-03-17,Bronze
C00619,Eric,Taylor,edward66@example.org,Brampton,Ontario,2023-04-05,Gold
C00620,Scott,Andrews,patrick45@example.com,Brampton,Ontario,2023-09-21,Bronze
C00621,Leslie,Baldwin,bfletcher@example.org,Edmonton,Alberta,2024-08-05,Silver
C00622,Mark,Moon,qmorris@example.net,Ottawa,Ontario,2024-04-18,Bronze
C00623,Steven,Gillespie,david28@example.net,Edmonton,Alberta,2023-01-11,Bronze
C00624,Dennis,Clayton,sandra73@example.net,Brampton,Ontario,2023-08-30,Bronze
C00625,Jennifer,Rose,kevin46@example.org,Edmonton,Alberta,2022-01-27,Bronze
C00626,Monica,Mitchell,oglover@example.org,Vancouver,British Columbia,2026-06-23,Bronze
C00627,Melissa,Zuniga,jessicawise@example.net,Toronto,Ontario,2022-10-07,Silver
C00628,Benjamin,Leon,rick77@example.com,Hamilton,Ontario,2024-10-18,Gold
C00629,John,Moore,karenallen@example.net,Toronto,Ontario,2023-02-25,Bronze
C00630,Sheila,Cortez,mkramer@example.org,Edmonton,Alberta,2025-09-25,Bronze
C00631,Debbie,Ford,chunt@example.org,Brampton,Ontario,2023-12-29,Silver
C00632,Chad,Hill,mnorman@example.net,Toronto,Ontario,2025-10-01,Bronze
C00633,Chad,Guerrero,wdavis@example.net,Edmonton,Alberta,2023-04-12,Silver
C00634,Heather,Thomas,xgraham@example.net,Vancouver,British Columbia,2023-09-18,Bronze
C00635,Dana,Hernandez,charles09@example.org,Hamilton,Ontario,2021-12-13,Bronze
C00636,Jesus,Byrd,jacobwiley@example.net,Vancouver,British Columbia,2024-05-02,Gold
C00637,Allison,Pennington,jennifersloan@example.net,Mississauga,Ontario,2023-04-29,Silver
C00638,Crystal,Mathis,treese@example.org,Ottawa,Ontario,2024-11-21,Bronze
C00639,Lindsay,Kelly,owilliams@example.com,Hamilton,Ontario,2025-11-13,Bronze
C00640,Joseph,Davis,lauren31@example.org,Hamilton,Ontario,2022-12-31,Silver
C00641,Julian,Carey,dblack@example.net,Toronto,Ontario,2023-07-27,Bronze
C00642,Jacob,King,jenniferwilliams@example.org,Mississauga,Ontario,2022-10-09,Bronze
C00643,Gloria,Long,murraynicole@example.net,Calgary,Alberta,2024-06-26,Gold
C00644,Heidi,Martinez,jacqueline78@example.net,Edmonton,Alberta,2024-03-07,Bronze
C00645,David,Donovan,xpena@example.com,Calgary,Alberta,2025-02-17,Silver
C00646,Kim,Petersen,ahines@example.net,Mississauga,Ontario,2022-10-05,Bronze
C00647,Debra,Oconnor,floresbradley@example.net,Brampton,Ontario,2025-11-30,Silver
C00648,Samuel,Gomez,anthony40@example.net,Hamilton,Ontario,2022-11-13,Silver
C00649,Teresa,Walter,summer04@example.org,Toronto,Ontario,2022-07-06,Silver
C00650,Cheryl,Nguyen,suzanneflores@example.org,Calgary,Alberta,2025-11-12,Silver
C00651,Jonathan,Schneider,carrie02@example.org,Hamilton,Ontario,2021-09-29,Silver
C00652,James,Gilbert,pcarter@example.com,Hamilton,Ontario,2022-06-22,Gold
C00653,Jennifer,Bass,tinahaynes@example.net,Hamilton,Ontario,2024-08-11,Bronze
C00654,Taylor,Rivera,gallaghermary@example.net,Hamilton,Ontario,2023-11-24,Silver
C00655,Sabrina,Sutton,william26@example.org,Hamilton,Ontario,2025-11-08,Silver
C00656,Olivia,Jordan,vbarry@example.com,Brampton,Ontario,2025-03-13,Silver
C00657,Robin,Scott,lisa81@example.org,Hamilton,Ontario,2025-08-01,Bronze
C00658,Thomas,Bennett,hollyhenderson@example.com,Ottawa,Ontario,2023-08-22,Bronze
C00659,Elizabeth,Rhodes,cmartinez@example.org,Edmonton,Alberta,2025-06-11,Bronze
C00660,Holly,Zuniga,lperry@example.org,Ottawa,Ontario,2026-04-16,Silver
C00661,Cheryl,Owens,aaronmorris@example.net,Hamilton,Ontario,2024-05-18,Bronze
C00662,Lisa,Matthews,alyssa35@example.net,Toronto,Ontario,2024-08-24,Silver
C00663,Kelsey,Koch,jon94@example.org,Calgary,Alberta,2024-03-11,Bronze
C00664,Katelyn,Phillips,tammy36@example.org,Brampton,Ontario,2026-06-14,Silver
C00665,Tony,Smith,kayla11@example.net,Hamilton,Ontario,2022-02-15,Bronze
C00666,Melissa,Gomez,christopher70@example.org,Edmonton,Alberta,2023-01-12,Bronze
C00667,Wesley,Coleman,andrew33@example.org,Hamilton,Ontario,2025-12-12,Bronze
C00668,Tyrone,Rodriguez,vhiggins@example.org,Brampton,Ontario,2023-04-21,Bronze
C00669,Melissa,Gonzalez,stanleyjessica@example.net,Hamilton,Ontario,2022-11-09,Bronze
C00670,Theresa,Jackson,dking@example.org,Hamilton,Ontario,2026-07-03,Silver
C00671,Ian,Calhoun,gcarter@example.org,Edmonton,Alberta,2022-10-29,Bronze
C00672,Brandon,Vazquez,johnathan53@example.org,Ottawa,Ontario,2025-10-04,Bronze
C00673,Ashley,Hall,zachary62@example.com,Edmonton,Alberta,2025-02-19,Silver
C00674,James,Burns,jorgecunningham@example.org,Mississauga,Ontario,2021-08-31,Gold
C00675,Monica,Tran,dphillips@example.com,Vancouver,British Columbia,2025-02-20,Bronze
C00676,John,Buckley,hoopervictor@example.net,Vancouver,British Columbia,2022-12-23,Gold
C00677,Patrick,Wilson,jacobmartinez@example.net,Ottawa,Ontario,2024-11-01,Silver
C00678,Christopher,Hawkins,owilliamson@example.com,Hamilton,Ontario,2026-05-29,Silver
C00679,David,Thompson,watsonsarah@example.com,Hamilton,Ontario,2022-06-25,Bronze
C00680,Ashley,Burton,imartinez@example.org,Edmonton,Alberta,2021-08-25,Bronze
C00681,Sarah,Freeman,moralesmelissa@example.org,Edmonton,Alberta,2025-08-28,Silver
C00682,Nathaniel,Matthews,mgeorge@example.net,Calgary,Alberta,2023-12-12,Gold
C00683,Michelle,Scott,jblankenship@example.org,Hamilton,Ontario,2025-04-30,Bronze
C00684,Julia,Anderson,tanya94@example.net,Calgary,Alberta,2023-09-15,Bronze
C00685,Vanessa,Ferguson,samantha73@example.com,Vancouver,British Columbia,2023-04-02,Bronze
C00686,Samantha,Potter,alexanderbarton@example.org,Brampton,Ontario,2025-06-26,Bronze
C00687,Fred,Callahan,iingram@example.com,Vancouver,British Columbia,2024-11-19,Gold
C00688,Jeffrey,Mata,jasmine88@example.org,Calgary,Alberta,2022-08-20,Bronze
C00689,Alvin,Tran,egibson@example.org,Brampton,Ontario,2022-09-08,Bronze
C00690,Tracey,Bonilla,cruzbrian@example.net,Vancouver,British Columbia,2022-08-04,Bronze
C00691,Leslie,Holden,amy29@example.org,Hamilton,Ontario,2025-07-31,Silver
C00692,Debra,Garcia,nsmith@example.com,Mississauga,Ontario,2023-04-03,Bronze
C00693,Mary,Cox,hunterjulie@example.net,Toronto,Ontario,2022-12-08,Silver
C00694,Elizabeth,Green,xcook@example.com,Vancouver,British Columbia,2023-09-22,Bronze
C00695,Jacob,Hall,jessicalane@example.com,Edmonton,Alberta,2025-12-09,Silver
C00696,Paige,Murray,rachel27@example.org,Calgary,Alberta,2023-05-02,Silver
C00697,Mathew,Gilbert,bhenderson@example.com,Ottawa,Ontario,2025-04-28,Bronze
C00698,Courtney,Harper,zachary90@example.com,Vancouver,British Columbia,2026-05-01,Bronze
C00699,Kevin,Jackson,cneal@example.net,Calgary,Alberta,2024-05-23,Bronze
C00700,Antonio,Pace,dawn66@example.com,Ottawa,Ontario,2024-05-22,Bronze
C00701,Crystal,Price,raypaul@example.com,Brampton,Ontario,2024-12-22,Bronze
C00702,Denise,Banks,jeremiahcampos@example.com,Brampton,Ontario,2022-04-10,Bronze
C00703,Adam,Taylor,ble@example.net,Edmonton,Alberta,2026-02-14,Bronze
C00704,Danny,Barnes,webbtrevor@example.org,Calgary,Alberta,2024-01-26,Bronze
C00705,Ralph,Morgan,david30@example.com,Brampton,Ontario,2025-10-11,Bronze
C00706,Andrew,Morrow,tanyasweeney@example.net,Hamilton,Ontario,2023-10-13,Bronze
C00707,Suzanne,Walters,garciadustin@example.org,Mississauga,Ontario,2022-08-26,Bronze
C00708,Charles,Holden,nicholasmiles@example.net,Vancouver,British Columbia,2022-03-02,Bronze
C00709,Michael,Cobb,buckleysteve@example.org,Mississauga,Ontario,2023-10-18,Silver
C00710,John,Savage,jeffrey56@example.net,Toronto,Ontario,2021-10-04,Gold
C00711,Justin,Shannon,rodneymichael@example.net,Brampton,Ontario,2025-03-30,Bronze
C00712,Heather,Bailey,ftaylor@example.net,Edmonton,Alberta,2024-01-30,Bronze
C00713,Dean,Warren,tracy31@example.com,Calgary,Alberta,2026-02-08,Gold
C00714,Ryan,Snyder,usmith@example.com,Edmonton,Alberta,2021-11-23,Silver
C00715,Mary,Mckee,lsmith@example.org,Brampton,Ontario,2025-06-28,Bronze
C00716,Jeffrey,Webb,rachel72@example.org,Vancouver,British Columbia,2025-05-28,Bronze
C00717,Cynthia,Ward,hernandezgina@example.net,Edmonton,Alberta,2026-05-19,Silver
C00718,Robin,Melendez,leonardronald@example.net,Hamilton,Ontario,2023-05-11,Bronze
C00719,Amanda,Cox,william85@example.org,Mississauga,Ontario,2025-04-18,Bronze
C00720,Frederick,Ramirez,valerie29@example.org,Hamilton,Ontario,2023-03-03,Bronze
C00721,Jordan,Brown,woodsnathan@example.org,Calgary,Alberta,2024-11-08,Bronze
C00722,Brandon,Hamilton,philliprandall@example.org,Edmonton,Alberta,2022-06-19,Bronze
C00723,Zoe,Anderson,cclark@example.org,Vancouver,British Columbia,2023-08-29,Silver
C00724,Daniel,Dennis,humphreyjacob@example.net,Mississauga,Ontario,2024-09-12,Bronze
C00725,Heather,Harrington,arthur74@example.com,Calgary,Alberta,2023-08-18,Gold
C00726,Aimee,Young,qbyrd@example.com,Hamilton,Ontario,2025-05-13,Silver
C00727,Michael,Richards,michael35@example.org,Brampton,Ontario,2023-12-17,Silver
C00728,Kathleen,Cook,matamichael@example.com,Mississauga,Ontario,2026-06-12,Bronze
C00729,Amy,Vincent,rachel48@example.net,Ottawa,Ontario,2024-07-19,Bronze
C00730,Raymond,Scott,anthony70@example.net,Toronto,Ontario,2022-10-12,Bronze
C00731,William,Hernandez,qjohnson@example.org,Toronto,Ontario,2024-12-28,Bronze
C00732,Patricia,Quinn,lesterpeter@example.net,Vancouver,British Columbia,2023-06-27,Silver
C00733,Jay,Wong,chanmichael@example.net,Toronto,Ontario,2025-10-01,Silver
C00734,Peggy,Wallace,montgomerybarbara@example.net,Calgary,Alberta,2024-04-03,Silver
C00735,Cindy,Joseph,erinfox@example.net,Calgary,Alberta,2025-01-16,Bronze
C00736,Katie,Campos,josephnelson@example.net,Toronto,Ontario,2026-07-15,Silver
C00737,James,Johnson,marylin@example.com,Brampton,Ontario,2022-04-10,Silver
C00738,Eric,Velasquez,lopezjeffrey@example.com,Brampton,Ontario,2022-07-23,Bronze
C00739,Charles,Hall,kevin74@example.net,Toronto,Ontario,2026-07-07,Bronze
C00740,Jeffrey,Ryan,markmorris@example.com,Brampton,Ontario,2021-07-29,Bronze
C00741,Steven,Mathews,prodriguez@example.com,Ottawa,Ontario,2024-10-20,Bronze
C00742,Donna,Mooney,thomasrandall@example.net,Hamilton,Ontario,2021-12-05,Silver
C00743,Daniel,Jimenez,snyderkatherine@example.org,Mississauga,Ontario,2025-05-26,Bronze
C00744,David,Lopez,michelle42@example.net,Brampton,Ontario,2025-10-12,Bronze
C00745,Donald,Perez,choidavid@example.net,Ottawa,Ontario,2026-06-13,Gold
C00746,Wendy,Sanchez,downskayla@example.net,Edmonton,Alberta,2025-10-19,Bronze
C00747,Erica,Jordan,valeriemartinez@example.com,Brampton,Ontario,2024-08-25,Bronze
C00748,Marisa,Morris,bethanyfreeman@example.com,Edmonton,Alberta,2022-08-22,Bronze
C00749,Alyssa,Franco,kennethleonard@example.net,Vancouver,British Columbia,2024-11-15,Bronze
C00750,Maria,Chambers,peterjoseph@example.org,Brampton,Ontario,2025-05-21,Bronze
C00751,Karen,Smith,walkerpaige@example.net,Hamilton,Ontario,2024-07-19,Bronze
C00752,Lauren,White,williamortiz@example.org,Vancouver,British Columbia,2024-06-05,Bronze
C00753,Logan,Campbell,adrianoconnor@example.net,Calgary,Alberta,2022-09-21,Gold
C00754,Monica,Davis,garrisonpeter@example.net,Hamilton,Ontario,2025-04-11,Silver
C00755,Jesus,Munoz,matthewshaley@example.org,Ottawa,Ontario,2024-09-22,Bronze
C00756,Jeffrey,Cooke,masseykayla@example.com,Calgary,Alberta,2023-10-12,Bronze
C00757,Alec,Hughes,paulchristopher@example.org,Toronto,Ontario,2021-08-07,Bronze
C00758,Samuel,Luna,lsanders@example.org,Brampton,Ontario,2025-06-25,Bronze
C00759,Frederick,Bailey,teresachapman@example.com,Vancouver,British Columbia,2022-05-13,Bronze
C00760,Dawn,Davis,xday@example.com,Hamilton,Ontario,2023-02-12,Gold
C00761,Mark,Moore,matthew57@example.com,Brampton,Ontario,2021-09-21,Silver
C00762,Robert,Moreno,qhutchinson@example.net,Ottawa,Ontario,2024-08-25,Bronze
C00763,Paul,Pitts,steven33@example.net,Hamilton,Ontario,2022-07-24,Bronze
C00764,Edward,Rogers,jmarshall@example.net,Brampton,Ontario,2023-07-17,Bronze
C00765,Cassandra,Jensen,robert36@example.com,Mississauga,Ontario,2025-09-24,Bronze
C00766,Eric,Wagner,johnsweeney@example.com,Toronto,Ontario,2021-08-11,Bronze
C00767,Jeffrey,Wagner,nflynn@example.net,Hamilton,Ontario,2024-05-08,Bronze
C00768,Jennifer,Potter,yolandakerr@example.com,Toronto,Ontario,2026-05-16,Bronze
C00769,Tyler,Thomas,wangdonald@example.com,Mississauga,Ontario,2022-04-06,Silver
C00770,Kelly,Chavez,christopherfranklin@example.org,Calgary,Alberta,2025-03-11,Silver
C00771,Tina,Spears,walshbrent@example.com,Hamilton,Ontario,2022-12-27,Bronze
C00772,Marissa,Hood,masonguerra@example.com,Brampton,Ontario,2025-09-24,Silver
C00773,Joshua,Hamilton,ghiggins@example.com,Toronto,Ontario,2022-12-06,Bronze
C00774,Benjamin,Guzman,bethanyhart@example.com,Mississauga,Ontario,2024-11-18,Bronze
C00775,Deborah,Smith,derekcisneros@example.org,Vancouver,British Columbia,2023-11-28,Silver
C00776,Melvin,Hester,christopher68@example.net,Calgary,Alberta,2024-08-04,Bronze
C00777,Joseph,King,qjenkins@example.com,Mississauga,Ontario,2022-12-21,Bronze
C00778,Jose,Cochran,michaellucas@example.net,Hamilton,Ontario,2021-12-20,Gold
C00779,Karen,Shepard,danieljones@example.net,Toronto,Ontario,2024-06-17,Bronze
C00780,Garrett,Hernandez,james15@example.net,Brampton,Ontario,2022-08-14,Bronze
C00781,Danielle,Baker,halldaniel@example.net,Toronto,Ontario,2022-01-07,Silver
C00782,Michael,Oneal,ejones@example.org,Ottawa,Ontario,2021-11-13,Bronze
C00783,Brenda,Potter,vanessa80@example.org,Toronto,Ontario,2022-10-01,Bronze
C00784,Timothy,Espinoza,vray@example.net,Hamilton,Ontario,2021-12-26,Silver
C00785,Kenneth,Herrera,hilllisa@example.org,Vancouver,British Columbia,2023-08-18,Bronze
C00786,Kimberly,Liu,michaelhiggins@example.net,Vancouver,British Columbia,2023-09-26,Silver
C00787,Matthew,Wilkinson,vasquezlauren@example.net,Toronto,Ontario,2023-12-06,Bronze
C00788,Cheryl,Bass,catherinegonzales@example.net,Hamilton,Ontario,2024-04-16,Silver
C00789,Victoria,Juarez,richardsweeney@example.org,Hamilton,Ontario,2026-06-21,Bronze
C00790,John,Bowman,mary65@example.com,Toronto,Ontario,2022-08-08,Gold
C00791,Robert,Alexander,pcook@example.org,Vancouver,British Columbia,2024-09-10,Bronze
C00792,Jennifer,Arellano,robertmolina@example.com,Vancouver,British Columbia,2022-08-17,Silver
C00793,Michael,Lowe,beardlindsay@example.net,Edmonton,Alberta,2023-08-29,Silver
C00794,Cindy,Guerrero,francesreed@example.net,Mississauga,Ontario,2025-12-31,Bronze
C00795,Jesus,Malone,eric43@example.com,Brampton,Ontario,2022-05-12,Silver
C00796,Jacob,Jenkins,garystevens@example.org,Vancouver,British Columbia,2026-04-22,Bronze
C00797,Carlos,Rogers,christianfelicia@example.net,Vancouver,British Columbia,2024-04-04,Bronze
C00798,Melissa,Gilbert,heather80@example.com,Hamilton,Ontario,2023-06-16,Gold
C00799,Julie,Hernandez,danielyoung@example.net,Hamilton,Ontario,2025-08-21,Bronze
C00800,Shane,Daniels,xbanks@example.org,Brampton,Ontario,2024-03-22,Silver
C00801,Shannon,Houston,mhill@example.org,Brampton,Ontario,2023-04-12,Bronze
C00802,Susan,Hickman,acostadustin@example.com,Toronto,Ontario,2026-02-07,Bronze
C00803,Nancy,Wong,whitemichael@example.com,Edmonton,Alberta,2025-06-05,Bronze
C00804,David,Estes,courtneylove@example.org,Edmonton,Alberta,2025-04-01,Bronze
C00805,Catherine,Mejia,susan84@example.net,Edmonton,Alberta,2025-05-13,Bronze
C00806,Christina,Torres,kimberlyerickson@example.org,Edmonton,Alberta,2022-09-26,Bronze
C00807,Austin,Gomez,joshua88@example.org,Calgary,Alberta,2022-01-25,Bronze
C00808,Kevin,Simmons,perezsamuel@example.net,Ottawa,Ontario,2023-03-11,Silver
C00809,Stephen,Rivera,clarkbrandon@example.com,Ottawa,Ontario,2026-06-22,Silver
C00810,Amanda,Gray,thenderson@example.com,Toronto,Ontario,2024-10-06,Silver
C00811,Jason,Mercer,derrick04@example.com,Vancouver,British Columbia,2021-09-18,Bronze
C00812,Joseph,Johnson,kelli52@example.org,Hamilton,Ontario,2026-05-27,Bronze
C00813,Andrew,Hanson,sara68@example.net,Vancouver,British Columbia,2024-01-11,Gold
C00814,Lauren,Stone,campostracy@example.net,Toronto,Ontario,2025-04-23,Silver
C00815,Karen,Oliver,navarroanthony@example.com,Mississauga,Ontario,2023-11-17,Bronze
C00816,Barry,Smith,harrisalexandria@example.com,Mississauga,Ontario,2025-07-29,Silver
C00817,Stuart,Hall,danielcoffey@example.net,Hamilton,Ontario,2022-12-30,Bronze
C00818,Colleen,Obrien,lambertalexandria@example.org,Mississauga,Ontario,2022-01-28,Bronze
C00819,Andrew,Colon,vickihill@example.com,Ottawa,Ontario,2025-10-13,Bronze
C00820,John,Beck,znelson@example.com,Hamilton,Ontario,2025-01-17,Silver
C00821,Tony,Tyler,lisa24@example.com,Ottawa,Ontario,2025-12-30,Bronze
C00822,Mark,Werner,michaelnelson@example.org,Edmonton,Alberta,2025-02-24,Bronze
C00823,Trevor,Alexander,meganowens@example.com,Brampton,Ontario,2021-11-18,Silver
C00824,David,Johnson,gregoryfisher@example.net,Vancouver,British Columbia,2022-02-02,Bronze
C00825,Corey,Good,caleb33@example.org,Toronto,Ontario,2023-07-20,Bronze
C00826,Melanie,Roach,dianaprince@example.org,Hamilton,Ontario,2025-05-20,Bronze
C00827,Jason,Moore,bradley33@example.org,Ottawa,Ontario,2023-03-30,Bronze
C00828,James,Phillips,sheriwood@example.net,Vancouver,British Columbia,2021-11-04,Bronze
C00829,Melanie,Mccann,kimheather@example.net,Edmonton,Alberta,2022-01-27,Bronze
C00830,William,Francis,jimmyrussell@example.net,Edmonton,Alberta,2023-10-04,Silver
C00831,Ryan,Lopez,danny57@example.net,Calgary,Alberta,2021-07-30,Silver
C00832,Travis,Bray,tgarcia@example.com,Mississauga,Ontario,2022-04-23,Silver
C00833,Michael,Mills,dustinmitchell@example.com,Edmonton,Alberta,2026-03-12,Bronze
C00834,Connor,Gregory,thomaspark@example.net,Brampton,Ontario,2026-03-15,Bronze
C00835,Johnny,Thomas,robertwilliams@example.com,Mississauga,Ontario,2022-07-31,Gold
C00836,Kristy,Payne,emily50@example.com,Calgary,Alberta,2026-07-16,Bronze
C00837,Tammy,Greene,simschristopher@example.net,Ottawa,Ontario,2023-11-16,Bronze
C00838,Kelsey,Richmond,melissa08@example.com,Vancouver,British Columbia,2024-10-14,Silver
C00839,Joe,Smith,olsonmark@example.org,Edmonton,Alberta,2026-04-22,Bronze
C00840,Billy,Cole,cheryl69@example.net,Calgary,Alberta,2026-01-15,Bronze
C00841,Debra,Jones,fthomas@example.org,Edmonton,Alberta,2026-03-09,Bronze
C00842,Julie,Brown,ghicks@example.org,Brampton,Ontario,2025-09-09,Silver
C00843,Roger,Henry,jayvasquez@example.org,Vancouver,British Columbia,2022-01-02,Bronze
C00844,Shawn,King,johnny36@example.com,Ottawa,Ontario,2021-10-06,Bronze
C00845,Sandra,Anderson,burgesseric@example.org,Toronto,Ontario,2022-12-24,Bronze
C00846,Stephanie,Schneider,hensleycourtney@example.com,Ottawa,Ontario,2022-04-26,Silver
C00847,Michael,Burns,zhenderson@example.org,Hamilton,Ontario,2025-10-28,Bronze
C00848,Christine,May,ginaperkins@example.com,Edmonton,Alberta,2023-11-12,Bronze
C00849,Steven,Morris,gcollins@example.org,Hamilton,Ontario,2023-08-05,Bronze
C00850,Steven,Cook,thomas05@example.com,Vancouver,British Columbia,2024-09-24,Silver
C00851,Amy,Ramirez,franksmith@example.com,Mississauga,Ontario,2022-02-05,Silver
C00852,Michael,Cox,tony87@example.org,Mississauga,Ontario,2026-04-05,Bronze
C00853,Oscar,Gonzalez,alexmcguire@example.com,Mississauga,Ontario,2025-01-28,Silver
C00854,Laura,Fernandez,riossonya@example.net,Toronto,Ontario,2025-08-14,Bronze
C00855,Rebecca,Mitchell,aliciadelgado@example.org,Toronto,Ontario,2022-01-30,Silver
C00856,Zachary,Griffin,yatescraig@example.com,Vancouver,British Columbia,2024-11-04,Bronze
C00857,Jeffery,Hull,alex65@example.org,Calgary,Alberta,2024-05-18,Silver
C00858,Jade,Taylor,fordtony@example.com,Hamilton,Ontario,2022-03-11,Bronze
C00859,Robert,Miller,kara23@example.net,Edmonton,Alberta,2025-04-22,Bronze
C00860,Peter,Simmons,lisawalsh@example.org,Calgary,Alberta,2025-08-18,Bronze
C00861,Christina,Kelly,hmitchell@example.com,Brampton,Ontario,2024-07-12,Bronze
C00862,Denise,Moreno,hernandezmorgan@example.com,Edmonton,Alberta,2023-09-26,Silver
C00863,Eric,Brown,jacobsmith@example.net,Hamilton,Ontario,2023-06-28,Bronze
C00864,Marie,Hanna,jennifer96@example.net,Vancouver,British Columbia,2024-09-30,Bronze
C00865,Carla,Pugh,davidscott@example.com,Toronto,Ontario,2025-06-20,Bronze
C00866,Michael,Pope,jonessarah@example.net,Edmonton,Alberta,2025-06-17,Silver
C00867,Leah,Pham,morrislori@example.net,Mississauga,Ontario,2025-08-08,Bronze
C00868,Thomas,Jackson,rwilliams@example.org,Vancouver,British Columbia,2023-02-26,Bronze
C00869,Melissa,White,arnolddebbie@example.net,Ottawa,Ontario,2022-07-13,Bronze
C00870,Chelsea,Ross,gillespiewhitney@example.org,Vancouver,British Columbia,2026-03-16,Bronze
C00871,Allison,Leonard,rrodriguez@example.net,Edmonton,Alberta,2025-01-26,Bronze
C00872,Marissa,Collins,twilliams@example.net,Calgary,Alberta,2023-06-14,Bronze
C00873,Zachary,Miller,vcollier@example.com,Calgary,Alberta,2023-07-14,Bronze
C00874,Tiffany,Kelly,ovega@example.org,Edmonton,Alberta,2024-11-04,Bronze
C00875,John,Russell,gwarner@example.org,Mississauga,Ontario,2025-04-06,Silver
C00876,Leslie,Vazquez,christopher99@example.org,Vancouver,British Columbia,2024-11-12,Bronze
C00877,John,Thompson,charles73@example.net,Calgary,Alberta,2023-09-18,Bronze
C00878,Dylan,Grant,george19@example.net,Ottawa,Ontario,2024-10-04,Silver
C00879,Tammy,Gray,ecunningham@example.net,Ottawa,Ontario,2022-05-29,Bronze
C00880,Donald,Wallace,heather51@example.net,Hamilton,Ontario,2022-01-02,Bronze
C00881,Brittney,Eaton,qbrown@example.net,Edmonton,Alberta,2022-01-07,Bronze
C00882,Gary,Cox,reevesedward@example.org,Calgary,Alberta,2022-07-05,Bronze
C00883,Anthony,Saunders,darius86@example.net,Calgary,Alberta,2022-11-07,Silver
C00884,Kenneth,Brown,haleyerika@example.org,Calgary,Alberta,2025-01-02,Silver
C00885,Gloria,Campbell,brooke69@example.org,Toronto,Ontario,2024-08-29,Bronze
C00886,Gregory,Adams,noahwood@example.org,Edmonton,Alberta,2022-03-25,Gold
C00887,Robert,Suarez,kleinbrian@example.org,Calgary,Alberta,2023-10-30,Bronze
C00888,Heather,Thompson,fnelson@example.com,Vancouver,British Columbia,2024-04-26,Bronze
C00889,Max,Mayer,taylorsteven@example.net,Toronto,Ontario,2021-10-31,Bronze
C00890,Judy,Faulkner,kim00@example.org,Edmonton,Alberta,2025-07-06,Silver
C00891,Matthew,Anderson,kathleen76@example.com,Ottawa,Ontario,2024-03-25,Bronze
C00892,Miranda,Paul,johnsonrachael@example.com,Hamilton,Ontario,2022-12-08,Bronze
C00893,Rachel,Hammond,sara30@example.net,Mississauga,Ontario,2022-05-18,Silver
C00894,Eric,Holt,susan88@example.org,Brampton,Ontario,2025-08-30,Bronze
C00895,Jesse,Scott,kcarter@example.net,Vancouver,British Columbia,2025-07-28,Bronze
C00896,Michelle,Rivera,danielsmichael@example.org,Edmonton,Alberta,2022-04-19,Silver
C00897,Brenda,Hardin,mary79@example.com,Vancouver,British Columbia,2021-11-15,Silver
C00898,Samuel,Burke,waltersrobin@example.net,Mississauga,Ontario,2022-07-04,Bronze
C00899,Crystal,Decker,julie19@example.com,Vancouver,British Columbia,2024-07-29,Bronze
C00900,Mallory,Gregory,amandamorris@example.com,Brampton,Ontario,2023-12-13,Bronze
C00901,John,Patel,xjackson@example.net,Brampton,Ontario,2021-10-28,Bronze
C00902,Mary,Ross,sfernandez@example.org,Calgary,Alberta,2022-06-19,Gold
C00903,Joshua,Bush,laurenguerrero@example.com,Mississauga,Ontario,2024-06-26,Bronze
C00904,Amanda,Patterson,tmoore@example.com,Ottawa,Ontario,2023-05-16,Silver
C00905,Mark,Mosley,lopezscott@example.org,Hamilton,Ontario,2025-05-21,Bronze
C00906,Lauren,Miller,alvaradoamanda@example.com,Mississauga,Ontario,2024-03-10,Gold
C00907,William,Woodard,griffinteresa@example.org,Hamilton,Ontario,2026-06-15,Bronze
C00908,Christy,Price,joyce49@example.org,Vancouver,British Columbia,2024-04-26,Silver
C00909,Ryan,Hensley,rhodestaylor@example.com,Edmonton,Alberta,2026-06-12,Bronze
C00910,Allen,Duncan,gmunoz@example.net,Hamilton,Ontario,2023-01-01,Silver
C00911,Michele,Spence,carly76@example.net,Mississauga,Ontario,2023-10-20,Bronze
C00912,John,Blake,david05@example.com,Hamilton,Ontario,2026-02-03,Silver
C00913,Russell,Ross,gcollins@example.net,Hamilton,Ontario,2022-09-26,Gold
C00914,David,Weaver,nicholebarton@example.net,Hamilton,Ontario,2023-04-18,Bronze
C00915,Jeffrey,Williams,freemanrichard@example.net,Edmonton,Alberta,2024-01-15,Gold
C00916,Michael,Russo,briangoodwin@example.com,Edmonton,Alberta,2024-03-30,Bronze
C00917,Paul,Adams,deborah46@example.com,Ottawa,Ontario,2025-01-20,Silver
C00918,Rita,Allen,zespinoza@example.net,Mississauga,Ontario,2024-01-02,Silver
C00919,Hannah,Burns,matthewjohnson@example.org,Brampton,Ontario,2025-01-24,Bronze
C00920,Destiny,Griffith,richardbrown@example.com,Brampton,Ontario,2022-09-26,Silver
C00921,Jessica,Hernandez,zsawyer@example.net,Mississauga,Ontario,2025-05-22,Gold
C00922,James,Clay,cookbrian@example.net,Ottawa,Ontario,2025-05-02,Bronze
C00923,Jason,Roy,devin63@example.com,Ottawa,Ontario,2021-12-29,Bronze
C00924,David,Mcbride,greenejulie@example.org,Toronto,Ontario,2021-12-06,Silver
C00925,Monica,Stephens,hollandjeffrey@example.org,Edmonton,Alberta,2021-09-24,Bronze
C00926,Thomas,Pittman,craigjoanna@example.com,Brampton,Ontario,2022-07-29,Silver
C00927,Amy,Caldwell,pamelabailey@example.com,Vancouver,British Columbia,2023-09-05,Bronze
C00928,Dennis,Mccoy,upeterson@example.com,Toronto,Ontario,2024-07-06,Bronze
C00929,David,Roberts,colleenpierce@example.com,Mississauga,Ontario,2026-05-28,Bronze
C00930,Robert,Warner,hmckee@example.com,Hamilton,Ontario,2024-07-10,Bronze
C00931,Taylor,Cameron,angelacobb@example.org,Mississauga,Ontario,2025-09-25,Bronze
C00932,Philip,Schneider,andrew94@example.com,Ottawa,Ontario,2023-03-13,Bronze
C00933,Tyler,Chan,davidmelissa@example.net,Vancouver,British Columbia,2025-09-07,Gold
C00934,Taylor,Green,jamesvincent@example.org,Brampton,Ontario,2025-08-06,Bronze
C00935,Gail,Atkinson,heatherwest@example.com,Edmonton,Alberta,2023-09-25,Bronze
C00936,Jesse,Davis,derek21@example.com,Toronto,Ontario,2026-03-18,Bronze
C00937,Heather,Madden,richard79@example.org,Toronto,Ontario,2021-08-19,Silver
C00938,Sandy,Wilkerson,willislauren@example.org,Toronto,Ontario,2026-01-19,Silver
C00939,Bradley,Pacheco,taylormichael@example.net,Vancouver,British Columbia,2021-08-01,Bronze
C00940,Darin,Stark,daniel54@example.net,Vancouver,British Columbia,2023-09-15,Bronze
C00941,Benjamin,Lawrence,frank12@example.net,Mississauga,Ontario,2026-02-18,Bronze
C00942,Kathleen,Carter,mirandaray@example.org,Calgary,Alberta,2025-03-09,Silver
C00943,Brianna,Wolfe,destiny86@example.net,Hamilton,Ontario,2022-10-05,Bronze
C00944,Kelly,Greer,olsonheidi@example.net,Ottawa,Ontario,2023-05-16,Bronze
C00945,Eric,Rose,jacob13@example.com,Brampton,Ontario,2024-07-16,Silver
C00946,Robert,Walker,parsonsdebra@example.net,Edmonton,Alberta,2022-12-25,Silver
C00947,Elizabeth,Perez,jessicamiller@example.com,Calgary,Alberta,2022-03-27,Silver
C00948,Michael,Blair,lauren10@example.net,Toronto,Ontario,2022-06-21,Silver
C00949,Karen,Bond,aarellano@example.net,Hamilton,Ontario,2026-03-05,Gold
C00950,Justin,Gordon,johnmoore@example.com,Brampton,Ontario,2022-05-24,Gold
C00951,David,Smith,heidijohnston@example.com,Toronto,Ontario,2026-04-18,Bronze
C00952,Alexandra,Roberts,csmith@example.org,Vancouver,British Columbia,2025-02-04,Bronze
C00953,Amber,Kemp,twright@example.net,Edmonton,Alberta,2021-08-03,Silver
C00954,Ian,King,barkerkrista@example.com,Brampton,Ontario,2025-07-13,Bronze
C00955,Charles,Taylor,rgentry@example.org,Vancouver,British Columbia,2024-12-16,Bronze
C00956,Barbara,Griffin,dylanhall@example.org,Ottawa,Ontario,2024-01-07,Gold
C00957,Maria,Chen,anthonytaylor@example.net,Edmonton,Alberta,2025-07-21,Silver
C00958,Michael,Cox,benjamingamble@example.com,Mississauga,Ontario,2023-05-03,Bronze
C00959,Samantha,Bishop,elarsen@example.org,Edmonton,Alberta,2021-08-10,Gold
C00960,Jacob,Hahn,julielawrence@example.com,Calgary,Alberta,2025-11-05,Gold
C00961,Timothy,Osborn,darlenepetty@example.org,Toronto,Ontario,2025-06-28,Silver
C00962,Hannah,Wilson,ronaldmartinez@example.net,Brampton,Ontario,2022-03-02,Bronze
C00963,Michael,Baker,jbell@example.org,Toronto,Ontario,2021-11-26,Bronze
C00964,Jason,Alvarez,esmith@example.com,Toronto,Ontario,2022-08-05,Bronze
C00965,Justin,Rodriguez,ygray@example.com,Toronto,Ontario,2022-10-21,Gold
C00966,Angela,Willis,qhansen@example.org,Ottawa,Ontario,2021-10-19,Bronze
C00967,Samuel,Brown,garciaerica@example.net,Toronto,Ontario,2025-09-01,Silver
C00968,John,Smith,andrewsmith@example.org,Hamilton,Ontario,2023-03-08,Silver
C00969,Tonya,Ali,iannunez@example.com,Vancouver,British Columbia,2025-06-10,Silver
C00970,Richard,Warren,pabbott@example.org,Calgary,Alberta,2023-12-13,Silver
C00971,Terri,Flores,landrycarl@example.org,Vancouver,British Columbia,2021-12-25,Silver
C00972,Trevor,Vance,annahodges@example.com,Ottawa,Ontario,2026-04-27,Silver
C00973,Susan,James,murraydeanna@example.net,Mississauga,Ontario,2023-11-12,Bronze
C00974,Jack,Gonzalez,sarah33@example.org,Brampton,Ontario,2024-08-03,Bronze
C00975,Gina,Smith,brownkristen@example.net,Toronto,Ontario,2025-06-22,Bronze
C00976,Elizabeth,Castro,gabriellamccoy@example.com,Brampton,Ontario,2026-05-04,Bronze
C00977,Ethan,Mata,jhenry@example.org,Brampton,Ontario,2025-11-19,Bronze
C00978,Stephanie,Martinez,steven88@example.org,Mississauga,Ontario,2024-09-22,Silver
C00979,Suzanne,Garza,mary90@example.org,Vancouver,British Columbia,2024-11-27,Bronze
C00980,Wayne,Adams,oheath@example.org,Ottawa,Ontario,2025-11-09,Bronze
C00981,Steven,Anderson,ygonzalez@example.net,Brampton,Ontario,2022-12-04,Bronze
C00982,Julie,Johnson,danielle10@example.net,Ottawa,Ontario,2024-02-13,Bronze
C00983,Kristina,Sanchez,jessicalawrence@example.net,Calgary,Alberta,2024-10-17,Bronze
C00984,Stacey,Ellis,griley@example.org,Mississauga,Ontario,2023-04-18,Bronze
C00985,Daniel,Carroll,yolanda72@example.com,Vancouver,British Columbia,2026-05-23,Bronze
C00986,Bryan,Morris,curtisheidi@example.org,Mississauga,Ontario,2022-11-15,Bronze
C00987,Brian,Craig,johnsonbrett@example.org,Calgary,Alberta,2022-06-21,Silver
C00988,Danielle,Brown,john97@example.com,Mississauga,Ontario,2023-09-21,Silver
C00989,Daniel,Morgan,davidmunoz@example.net,Calgary,Alberta,2023-08-26,Bronze
C00990,Cheryl,Vazquez,imorris@example.org,Calgary,Alberta,2022-09-23,Bronze
C00991,Daniel,Love,efloyd@example.org,Brampton,Ontario,2024-04-30,Silver
C00992,Charles,Pena,daltonmichelle@example.org,Calgary,Alberta,2023-05-21,Silver
C00993,Kathleen,Jackson,cristiancisneros@example.com,Hamilton,Ontario,2025-10-20,Silver
C00994,William,Jackson,josephmcgee@example.com,Hamilton,Ontario,2023-02-19,Bronze
C00995,Jennifer,Anderson,mallory20@example.org,Brampton,Ontario,2025-04-25,Silver
C00996,Heather,Logan,carrollkenneth@example.org,Calgary,Alberta,2024-04-26,Bronze
C00997,Wayne,Austin,hebertjessica@example.net,Hamilton,Ontario,2024-10-02,Bronze
C00998,Christopher,Hill,burkemason@example.org,Brampton,Ontario,2025-03-26,Bronze
C00999,Jorge,Washington,thomasrobinson@example.net,Vancouver,British Columbia,2025-03-09,Bronze
C01000,Kevin,Miller,tammywoods@example.net,Toronto,Ontario,2025-12-13,Gold
C01001,Melissa,Page,christinabrown@example.net,Calgary,Alberta,2024-08-19,Silver
C01002,Brittany,Mccarthy,cobbraymond@example.com,Brampton,Ontario,2023-01-22,Silver
C01003,Kelly,Kemp,ojones@example.com,Calgary,Alberta,2024-07-03,Silver
C01004,Anthony,Boyd,ellislaura@example.net,Mississauga,Ontario,2022-03-07,Bronze
C01005,Lisa,Mullins,brandonmunoz@example.org,Toronto,Ontario,2023-03-31,Bronze
C01006,Mark,Taylor,maydevin@example.org,Toronto,Ontario,2025-07-10,Bronze
C01007,Charles,Carpenter,youngdiane@example.com,Edmonton,Alberta,2026-07-06,Bronze
C01008,Roy,Lee,pamelabrown@example.com,Toronto,Ontario,2025-05-30,Bronze
C01009,Michael,Brown,xbaker@example.com,Mississauga,Ontario,2022-06-08,Bronze
C01010,Angela,Allen,amandajones@example.net,Hamilton,Ontario,2026-04-25,Silver
C01011,Kimberly,Smith,leonardherrera@example.net,Edmonton,Alberta,2023-02-23,Silver
C01012,Tracey,Bradley,franciscoliu@example.org,Toronto,Ontario,2026-07-22,Gold
C01013,William,Gomez,amberbarrett@example.org,Calgary,Alberta,2022-04-09,Silver
C01014,Joan,Wilson,brenda94@example.net,Brampton,Ontario,2023-02-06,Bronze
C01015,Darlene,Hayes,dperry@example.org,Ottawa,Ontario,2023-06-19,Gold
C01016,Craig,Marsh,erika26@example.com,Edmonton,Alberta,2025-02-13,Bronze
C01017,Rebecca,Watkins,jgreene@example.net,Mississauga,Ontario,2022-02-13,Bronze
C01018,Brandon,Porter,fphillips@example.net,Ottawa,Ontario,2026-04-19,Silver
C01019,Allen,Robinson,hsalazar@example.net,Mississauga,Ontario,2022-05-23,Bronze
C01020,Nathan,Becker,andrea65@example.org,Mississauga,Ontario,2024-12-16,Bronze
C01021,David,Blackwell,bennetttheresa@example.org,Ottawa,Ontario,2024-05-27,Silver
C01022,William,Martinez,zsimpson@example.net,Calgary,Alberta,2024-02-11,Bronze
C01023,Melinda,Jimenez,xboyer@example.org,Vancouver,British Columbia,2025-05-06,Bronze
C01024,Ryan,Johnson,waltersjason@example.com,Hamilton,Ontario,2026-03-27,Silver
C01025,Alejandro,Smith,halledward@example.net,Toronto,Ontario,2021-09-30,Bronze
C01026,Jason,Miller,bellalison@example.com,Calgary,Alberta,2023-07-20,Silver
C01027,Brianna,Riley,glendavaldez@example.org,Calgary,Alberta,2025-12-14,Bronze
C01028,Justin,Kim,cameronwilliams@example.org,Edmonton,Alberta,2023-05-28,Bronze
C01029,James,Schultz,nguyenlaura@example.org,Hamilton,Ontario,2022-07-28,Silver
C01030,Danielle,Smith,keith74@example.net,Toronto,Ontario,2022-05-06,Bronze
C01031,Kenneth,Adams,ybeck@example.org,Brampton,Ontario,2022-02-15,Bronze
C01032,Reginald,Holland,adrianpark@example.net,Toronto,Ontario,2021-10-16,Bronze
C01033,Brandon,Martin,oliviamorris@example.com,Toronto,Ontario,2021-09-29,Bronze
C01034,Ruben,Hubbard,swalker@example.org,Calgary,Alberta,2021-12-18,Silver
C01035,Michael,Reyes,urojas@example.com,Vancouver,British Columbia,2023-07-17,Bronze
C01036,Taylor,Collins,wyatt51@example.net,Brampton,Ontario,2025-06-03,Bronze
C01037,James,Solomon,mckinneywilliam@example.com,Toronto,Ontario,2023-09-04,Silver
C01038,Todd,Wallace,vgutierrez@example.net,Mississauga,Ontario,2026-06-27,Silver
C01039,Tiffany,Williams,zmeyers@example.com,Mississauga,Ontario,2025-01-14,Bronze
C01040,Melissa,Martin,brett04@example.com,Edmonton,Alberta,2024-02-16,Silver
C01041,Brandon,Brooks,sbryant@example.com,Ottawa,Ontario,2025-06-23,Bronze
C01042,Theresa,Jordan,richardlee@example.com,Hamilton,Ontario,2026-03-15,Bronze
C01043,Erika,Smith,mitchell84@example.org,Edmonton,Alberta,2022-02-02,Bronze
C01044,Christy,Cox,christophertucker@example.com,Brampton,Ontario,2024-12-21,Silver
C01045,Christina,Pineda,cynthiaalvarez@example.org,Brampton,Ontario,2025-06-02,Bronze
C01046,Matthew,Warren,dannyhayes@example.net,Calgary,Alberta,2024-09-16,Gold
C01047,Allen,Alexander,lisadennis@example.org,Edmonton,Alberta,2025-06-23,Silver
C01048,Alan,Kelly,james51@example.com,Vancouver,British Columbia,2025-01-03,Bronze
C01049,John,Cox,haasheather@example.org,Calgary,Alberta,2023-10-23,Silver
C01050,Michael,Jenkins,tammy58@example.com,Hamilton,Ontario,2024-11-02,Bronze
C01051,Toni,Cooke,michelle09@example.com,Mississauga,Ontario,2021-11-21,Silver
C01052,Jeff,Edwards,elizabeth76@example.net,Hamilton,Ontario,2021-12-24,Bronze
C01053,Bradley,White,corey61@example.com,Calgary,Alberta,2022-02-13,Bronze
C01054,Amber,Wheeler,xlee@example.org,Calgary,Alberta,2023-12-20,Bronze
C01055,Frederick,Jackson,susanprice@example.net,Mississauga,Ontario,2023-05-23,Bronze
C01056,Angelica,Gray,cgallagher@example.org,Toronto,Ontario,2022-08-27,Bronze
C01057,Annette,Bonilla,karenbrown@example.org,Edmonton,Alberta,2025-05-20,Bronze
C01058,Nicholas,Stone,alvaradoelizabeth@example.com,Calgary,Alberta,2023-02-25,Silver
C01059,Janet,Miller,fnorris@example.org,Calgary,Alberta,2025-01-24,Bronze
C01060,Amanda,Gonzalez,lindsay72@example.com,Mississauga,Ontario,2025-06-13,Silver
C01061,Theresa,Garza,james74@example.org,Toronto,Ontario,2022-04-05,Bronze
C01062,Mark,Johnson,suzanne93@example.com,Hamilton,Ontario,2022-07-26,Silver
C01063,William,Doyle,wilcoxmolly@example.com,Hamilton,Ontario,2022-03-28,Bronze
C01064,Katie,Cole,gibbskatherine@example.com,Brampton,Ontario,2022-04-02,Bronze
C01065,Alejandra,Coleman,richard53@example.org,Ottawa,Ontario,2025-06-24,Bronze
C01066,Jason,Anderson,mcgrathmarissa@example.org,Ottawa,Ontario,2024-09-09,Bronze
C01067,Dakota,Gonzalez,hclark@example.org,Ottawa,Ontario,2022-04-05,Bronze
C01068,Tracey,Scott,donnablake@example.org,Edmonton,Alberta,2024-02-19,Bronze
C01069,Mark,Fox,jamesmeyer@example.com,Calgary,Alberta,2025-01-12,Bronze
C01070,Travis,Brown,benitezsteven@example.com,Calgary,Alberta,2021-12-12,Bronze
C01071,Jessica,Snyder,timothy77@example.org,Calgary,Alberta,2026-07-11,Silver
C01072,Ashlee,Garza,mbolton@example.net,Toronto,Ontario,2021-11-10,Bronze
C01073,Nancy,Holloway,brittany14@example.com,Vancouver,British Columbia,2025-10-03,Bronze
C01074,Cheryl,Nguyen,perezkara@example.org,Brampton,Ontario,2024-01-08,Bronze
C01075,Clayton,Delgado,mcmahonjessica@example.com,Mississauga,Ontario,2025-08-07,Bronze
C01076,Susan,Gentry,millerjames@example.net,Vancouver,British Columbia,2024-04-27,Silver
C01077,Tammy,Burnett,xford@example.org,Ottawa,Ontario,2023-10-31,Silver
C01078,Michael,Vasquez,kent85@example.net,Toronto,Ontario,2023-08-10,Silver
C01079,Cody,Lee,ulopez@example.net,Toronto,Ontario,2025-01-25,Bronze
C01080,Bobby,Freeman,wagnerscott@example.com,Vancouver,British Columbia,2021-11-23,Bronze
C01081,Courtney,Dunn,jennifersims@example.net,Calgary,Alberta,2022-12-17,Bronze
C01082,Grant,Williams,ntorres@example.net,Brampton,Ontario,2025-10-10,Bronze
C01083,Roger,Gomez,smithmarcus@example.com,Vancouver,British Columbia,2023-12-24,Bronze
C01084,Kenneth,Mata,ncastro@example.com,Brampton,Ontario,2026-02-06,Silver
C01085,Ricardo,Hall,jenniferstevenson@example.org,Toronto,Ontario,2021-12-06,Bronze
C01086,Michael,Boyd,sarah09@example.com,Vancouver,British Columbia,2023-07-01,Bronze
C01087,Melissa,Fields,dawsontina@example.com,Ottawa,Ontario,2023-10-19,Bronze
C01088,Tracey,Hall,andrewnunez@example.com,Ottawa,Ontario,2026-06-25,Gold
C01089,Jay,Carter,omunoz@example.com,Brampton,Ontario,2025-03-09,Bronze
C01090,Kimberly,Bryant,elizabeth41@example.com,Vancouver,British Columbia,2023-07-29,Silver
C01091,James,Payne,greerjames@example.org,Calgary,Alberta,2022-07-12,Bronze
C01092,Melissa,Patton,zhess@example.org,Toronto,Ontario,2021-08-11,Bronze
C01093,Jeremiah,Bartlett,taylor26@example.org,Hamilton,Ontario,2022-05-09,Silver
C01094,Raymond,Williams,rodriguezstephen@example.com,Hamilton,Ontario,2026-01-11,Bronze
C01095,Melinda,Oliver,efuller@example.com,Hamilton,Ontario,2025-11-24,Bronze
C01096,Sarah,Butler,kimberly83@example.net,Mississauga,Ontario,2023-02-28,Gold
C01097,Bonnie,Galloway,jonathanbrooks@example.net,Calgary,Alberta,2023-07-31,Bronze
C01098,Jonathan,Miller,bryan40@example.net,Vancouver,British Columbia,2025-04-14,Silver
C01099,Jamie,Farmer,terri80@example.com,Calgary,Alberta,2022-10-20,Bronze
C01100,Anthony,Madden,heatherholder@example.net,Vancouver,British Columbia,2025-02-23,Bronze
C01101,Kimberly,Harrison,kevinjordan@example.net,Edmonton,Alberta,2025-04-06,Silver
C01102,Jeffrey,Pacheco,kbrown@example.org,Vancouver,British Columbia,2022-10-03,Silver
C01103,Alexis,Perry,mcfarlandscott@example.org,Vancouver,British Columbia,2025-03-12,Bronze
C01104,David,Valdez,victoriawelch@example.net,Vancouver,British Columbia,2025-12-18,Gold
C01105,Nancy,White,callahanmartin@example.org,Mississauga,Ontario,2026-05-26,Silver
C01106,Holly,Bauer,rodneymcgee@example.com,Calgary,Alberta,2024-05-16,Silver
C01107,Elaine,Gibson,lawrence28@example.net,Hamilton,Ontario,2026-04-13,Bronze
C01108,Chase,Gonzalez,medinabeth@example.com,Mississauga,Ontario,2023-12-30,Bronze
C01109,Lisa,Delgado,zsanders@example.com,Ottawa,Ontario,2021-10-17,Bronze
C01110,Matthew,Harris,yortiz@example.net,Toronto,Ontario,2023-01-09,Bronze
C01111,Melissa,Pitts,hannah93@example.org,Brampton,Ontario,2024-09-06,Silver
C01112,Cindy,Hunter,andersonjeremy@example.org,Ottawa,Ontario,2026-03-29,Gold
C01113,Robert,Brown,lorimendoza@example.com,Edmonton,Alberta,2026-04-27,Silver
C01114,Joseph,Mason,jasminejohnson@example.net,Ottawa,Ontario,2024-04-27,Bronze
C01115,Sean,Farmer,alyssa04@example.org,Hamilton,Ontario,2026-01-10,Silver
C01116,Lauren,Ferguson,wilsonmartha@example.org,Toronto,Ontario,2022-11-25,Bronze
C01117,Lynn,Davis,gregory68@example.com,Edmonton,Alberta,2026-06-02,Gold
C01118,Bradley,Vargas,christopherchambers@example.org,Brampton,Ontario,2021-08-25,Gold
C01119,Stephanie,Lamb,darrellbuckley@example.com,Calgary,Alberta,2025-10-01,Bronze
C01120,Thomas,Sparks,hardinrobert@example.com,Vancouver,British Columbia,2026-02-27,Bronze
C01121,Mary,Mcneil,charles04@example.org,Vancouver,British Columbia,2022-02-03,Bronze
C01122,Alexander,Miller,sierraprice@example.net,Brampton,Ontario,2023-04-13,Bronze
C01123,Vincent,Hardy,ruizpaul@example.com,Toronto,Ontario,2021-11-11,Silver
C01124,Maureen,Atkinson,sharonsilva@example.org,Toronto,Ontario,2024-09-13,Bronze
C01125,Joyce,Rogers,seanarnold@example.com,Calgary,Alberta,2024-11-24,Silver
C01126,Rebecca,Day,emilypollard@example.net,Mississauga,Ontario,2022-03-26,Bronze
C01127,Patrick,Moore,xdonaldson@example.net,Mississauga,Ontario,2023-01-27,Silver
C01128,Lisa,Mitchell,anthony96@example.net,Mississauga,Ontario,2025-10-02,Silver
C01129,Brandon,Carter,michael06@example.net,Calgary,Alberta,2022-03-25,Bronze
C01130,Erica,Rowe,brittanyneal@example.com,Vancouver,British Columbia,2023-01-19,Silver
C01131,Madison,Allison,brownchristopher@example.net,Mississauga,Ontario,2025-09-04,Bronze
C01132,Tammy,Hill,sweeneyrichard@example.com,Vancouver,British Columbia,2024-08-17,Silver
C01133,Lisa,Combs,nguyencorey@example.net,Edmonton,Alberta,2022-02-19,Bronze
C01134,Ricky,Kim,dylanmorales@example.com,Calgary,Alberta,2025-01-14,Silver
C01135,Jason,Sanchez,amanda36@example.org,Calgary,Alberta,2026-04-23,Bronze
C01136,Charles,Morgan,hphillips@example.net,Ottawa,Ontario,2022-07-29,Bronze
C01137,Michael,Mcintyre,ymiller@example.org,Hamilton,Ontario,2022-10-02,Bronze
C01138,Mark,Morales,krichards@example.com,Edmonton,Alberta,2022-01-30,Silver
C01139,Barry,Maxwell,kevin85@example.net,Toronto,Ontario,2024-07-12,Gold
C01140,Shannon,Moss,eric97@example.org,Hamilton,Ontario,2026-05-05,Bronze
C01141,Allison,Torres,petersonpaul@example.org,Vancouver,British Columbia,2022-04-28,Bronze
C01142,Jeffrey,Vargas,andrewthomas@example.org,Vancouver,British Columbia,2022-08-18,Silver
C01143,Jimmy,Mosley,watsonterrance@example.org,Edmonton,Alberta,2025-07-31,Silver
C01144,Steven,Spencer,qmcclure@example.com,Mississauga,Ontario,2025-07-04,Bronze
C01145,Michael,Blankenship,pamelastrong@example.net,Toronto,Ontario,2023-05-22,Bronze
C01146,Renee,Robinson,ashleyrobbins@example.net,Hamilton,Ontario,2022-10-12,Bronze
C01147,Virginia,Elliott,ronaldguzman@example.com,Edmonton,Alberta,2025-07-28,Silver
C01148,John,Wiley,kimandrew@example.net,Calgary,Alberta,2025-02-15,Bronze
C01149,John,Todd,michael82@example.net,Calgary,Alberta,2021-11-04,Bronze
C01150,Heather,Hernandez,tonydavies@example.net,Mississauga,Ontario,2022-08-07,Gold
C01151,Benjamin,Conway,perrydiamond@example.org,Hamilton,Ontario,2025-06-18,Silver
C01152,Victoria,Schwartz,gloria31@example.net,Vancouver,British Columbia,2023-12-07,Bronze
C01153,Glenn,Martinez,greg40@example.net,Brampton,Ontario,2022-12-03,Bronze
C01154,James,Alexander,vbruce@example.org,Calgary,Alberta,2022-07-09,Bronze
C01155,Tracey,Wilson,riverapaul@example.net,Edmonton,Alberta,2024-07-18,Bronze
C01156,Eric,Hill,vhill@example.org,Vancouver,British Columbia,2021-08-17,Bronze
C01157,Robert,White,rfloyd@example.com,Calgary,Alberta,2023-10-10,Bronze
C01158,Jessica,Price,lewisjared@example.org,Calgary,Alberta,2021-10-31,Bronze
C01159,Sara,Johnson,duane65@example.com,Brampton,Ontario,2023-05-31,Bronze
C01160,Sarah,Lee,yhines@example.org,Calgary,Alberta,2024-05-27,Bronze
C01161,Christopher,Montoya,darrellshah@example.org,Ottawa,Ontario,2024-12-23,Bronze
C01162,James,Nelson,bwoods@example.org,Toronto,Ontario,2024-11-27,Bronze
C01163,Diana,Graves,michaeloconnor@example.net,Hamilton,Ontario,2021-10-20,Gold
C01164,Susan,Price,goodmanjennifer@example.net,Hamilton,Ontario,2025-08-27,Bronze
C01165,Jennifer,Lawrence,donald61@example.net,Vancouver,British Columbia,2023-01-12,Bronze
C01166,Jennifer,Pruitt,jennifer97@example.net,Mississauga,Ontario,2022-08-15,Gold
C01167,Thomas,Francis,marissavalenzuela@example.net,Mississauga,Ontario,2024-04-16,Bronze
C01168,Stephanie,Williams,morganshane@example.org,Toronto,Ontario,2024-09-20,Silver
C01169,Jennifer,Taylor,sarahparrish@example.org,Mississauga,Ontario,2022-04-09,Bronze
C01170,Leslie,Frederick,christopherpalmer@example.net,Toronto,Ontario,2026-02-22,Bronze
C01171,James,Williams,cassandraboone@example.net,Brampton,Ontario,2023-04-11,Bronze
C01172,Amanda,Austin,alyssa74@example.net,Toronto,Ontario,2025-01-08,Silver
C01173,Justin,Bailey,xburke@example.net,Mississauga,Ontario,2024-01-15,Bronze
C01174,Sandra,Curry,miguel68@example.org,Toronto,Ontario,2024-06-19,Bronze
C01175,Nicole,Wilson,karen69@example.org,Edmonton,Alberta,2021-09-08,Silver
C01176,Carolyn,Costa,schaney@example.com,Toronto,Ontario,2024-09-13,Bronze
C01177,Jessica,Johnson,kathleen80@example.net,Mississauga,Ontario,2025-05-21,Bronze
C01178,Anthony,Goodman,hamiltondenise@example.net,Brampton,Ontario,2023-12-27,Bronze
C01179,Christopher,Garza,jason86@example.org,Toronto,Ontario,2026-05-23,Silver
C01180,Kathleen,Harrington,smithanthony@example.com,Ottawa,Ontario,2023-07-18,Bronze
C01181,Leslie,Lucero,uosborn@example.net,Calgary,Alberta,2022-06-09,Silver
C01182,Brandon,Myers,monroedavid@example.com,Ottawa,Ontario,2023-10-10,Bronze
C01183,Wyatt,Green,hilldenise@example.org,Vancouver,British Columbia,2026-06-23,Silver
C01184,Nicole,Lamb,kconner@example.com,Ottawa,Ontario,2025-05-05,Bronze
C01185,Brittany,Black,wfoley@example.com,Ottawa,Ontario,2026-06-01,Gold
C01186,Donald,Stevens,adam02@example.net,Ottawa,Ontario,2025-11-09,Bronze
C01187,Joseph,Sanchez,mflynn@example.net,Toronto,Ontario,2022-07-26,Bronze
C01188,Shawn,Cabrera,tmullen@example.org,Edmonton,Alberta,2023-10-30,Silver
C01189,Charles,Schneider,pmartin@example.net,Ottawa,Ontario,2025-08-19,Bronze
C01190,Nicholas,Gaines,sarahsalazar@example.com,Hamilton,Ontario,2023-02-27,Bronze
C01191,Mark,Meyer,johnharding@example.net,Ottawa,Ontario,2024-06-02,Gold
C01192,Elizabeth,Hanson,anthonybutler@example.net,Hamilton,Ontario,2026-01-04,Silver
C01193,Derrick,Sampson,meyerchristine@example.org,Toronto,Ontario,2022-06-05,Gold
C01194,Jessica,Leach,ihunt@example.net,Toronto,Ontario,2023-03-13,Bronze
C01195,Wesley,Adams,floresashley@example.org,Hamilton,Ontario,2025-12-11,Silver
C01196,Kimberly,Moses,shelly82@example.com,Brampton,Ontario,2023-07-26,Bronze
C01197,Michele,Blair,james35@example.org,Vancouver,British Columbia,2023-08-12,Bronze
C01198,Brenda,Phillips,weaverlisa@example.org,Ottawa,Ontario,2022-01-19,Silver
C01199,David,Morales,martinmark@example.com,Hamilton,Ontario,2024-09-16,Silver
C01200,Kimberly,Buchanan,hmiller@example.org,Mississauga,Ontario,2021-10-10,Gold
C01201,Erin,Wolfe,smithroger@example.net,Edmonton,Alberta,2021-12-14,Bronze
C01202,Micheal,Gray,uhouse@example.net,Brampton,Ontario,2025-10-12,Bronze
C01203,Steven,Newton,mary87@example.org,Mississauga,Ontario,2022-07-06,Gold
C01204,Jeremiah,Thompson,elizabeth94@example.net,Calgary,Alberta,2022-01-30,Bronze
C01205,Michael,Vazquez,davidpatel@example.org,Brampton,Ontario,2023-05-31,Bronze
C01206,Stephanie,Austin,bryannguyen@example.com,Mississauga,Ontario,2024-08-30,Silver
C01207,Amber,Santiago,aliciamendoza@example.com,Toronto,Ontario,2023-04-10,Bronze
C01208,Joseph,Berry,saundersamy@example.com,Hamilton,Ontario,2024-04-16,Silver
C01209,Evan,Anderson,fgonzalez@example.com,Edmonton,Alberta,2023-10-28,Silver
C01210,Jennifer,Taylor,fletchercheryl@example.net,Hamilton,Ontario,2022-11-14,Bronze
C01211,Garrett,Bell,harold76@example.net,Hamilton,Ontario,2022-02-23,Silver
C01212,Lee,Salas,mmclaughlin@example.org,Ottawa,Ontario,2024-01-02,Silver
C01213,Zachary,Adams,sabrina49@example.org,Ottawa,Ontario,2026-04-18,Silver
C01214,Lance,Jones,dianecardenas@example.net,Edmonton,Alberta,2022-08-06,Bronze
C01215,Scott,Munoz,robertmoore@example.com,Ottawa,Ontario,2022-05-28,Bronze
C01216,Deborah,Wolfe,tylerchad@example.net,Calgary,Alberta,2024-05-05,Silver
C01217,Douglas,Jones,tammy44@example.net,Edmonton,Alberta,2025-03-12,Silver
C01218,Brenda,Young,huynhemily@example.net,Toronto,Ontario,2025-03-30,Silver
C01219,Jonathon,Smith,ramirezmonica@example.com,Ottawa,Ontario,2022-10-06,Silver
C01220,Benjamin,Nielsen,david42@example.net,Ottawa,Ontario,2023-09-16,Bronze
C01221,Jackie,Bailey,raymondbarr@example.org,Edmonton,Alberta,2026-07-14,Bronze
C01222,Joseph,Jefferson,cswanson@example.net,Brampton,Ontario,2024-02-01,Bronze
C01223,Brenda,Ayala,omoore@example.org,Brampton,Ontario,2021-11-25,Silver
C01224,Benjamin,Cobb,xmorrison@example.org,Vancouver,British Columbia,2023-07-14,Bronze
C01225,Lisa,West,williamhayes@example.net,Brampton,Ontario,2022-07-21,Bronze
C01226,Robert,Bright,mjackson@example.org,Edmonton,Alberta,2026-03-02,Bronze
C01227,Brian,Weiss,amysherman@example.net,Mississauga,Ontario,2025-02-07,Silver
C01228,James,Walker,aaronmoore@example.net,Hamilton,Ontario,2025-07-03,Gold
C01229,Kari,Randall,lauriewalker@example.org,Toronto,Ontario,2022-08-30,Silver
C01230,Jackson,Stewart,jacobpearson@example.com,Vancouver,British Columbia,2022-05-18,Bronze
C01231,Colleen,Martin,qjohnson@example.com,Calgary,Alberta,2023-06-14,Bronze
C01232,Julie,Hendricks,tammybrown@example.org,Ottawa,Ontario,2026-05-24,Gold
C01233,Brandon,Garza,millerkelsey@example.org,Vancouver,British Columbia,2025-08-28,Bronze
C01234,Maria,Diaz,justinmcguire@example.com,Toronto,Ontario,2024-05-31,Silver
C01235,Melvin,Smith,hgordon@example.net,Hamilton,Ontario,2024-10-09,Bronze
C01236,Tina,Williamson,lee43@example.net,Ottawa,Ontario,2025-06-05,Bronze
C01237,Sarah,Burgess,scott12@example.net,Calgary,Alberta,2026-01-04,Gold
C01238,Marissa,Carroll,john48@example.org,Toronto,Ontario,2024-12-17,Bronze
C01239,Ashley,Barnes,armstrongkatie@example.org,Ottawa,Ontario,2021-08-11,Bronze
C01240,David,Smith,jenniferstark@example.com,Vancouver,British Columbia,2026-02-14,Silver
C01241,Curtis,Carlson,asmith@example.net,Ottawa,Ontario,2022-07-11,Bronze
C01242,Jeffrey,Spence,jamescalderon@example.net,Brampton,Ontario,2022-03-19,Silver
C01243,Thomas,Brown,zachary31@example.org,Vancouver,British Columbia,2026-06-19,Gold
C01244,Carol,Kelley,jason68@example.net,Toronto,Ontario,2024-04-19,Bronze
C01245,Samuel,Green,bethanysmith@example.org,Mississauga,Ontario,2026-05-02,Bronze
C01246,Kelly,Johnson,richardssamantha@example.com,Brampton,Ontario,2024-01-09,Bronze
C01247,Timothy,Wu,jeffrey41@example.net,Calgary,Alberta,2024-02-21,Silver
C01248,Joy,Arnold,brian82@example.com,Toronto,Ontario,2025-04-14,Bronze
C01249,Maria,Morris,cmorales@example.com,Mississauga,Ontario,2021-10-26,Bronze
C01250,Kevin,Roberts,tina23@example.org,Hamilton,Ontario,2026-05-16,Bronze
C01251,Ashley,Bailey,iwilson@example.net,Hamilton,Ontario,2025-09-04,Silver
C01252,Sarah,Bray,alexandra90@example.org,Hamilton,Ontario,2025-08-22,Bronze
C01253,Nicholas,Wilson,luisblanchard@example.net,Edmonton,Alberta,2025-09-21,Bronze
C01254,Justin,Singleton,charleselijah@example.net,Edmonton,Alberta,2023-01-06,Silver
C01255,Monica,Gonzalez,christinecook@example.net,Vancouver,British Columbia,2026-07-19,Silver
C01256,Ray,Thornton,bromero@example.com,Calgary,Alberta,2025-06-16,Silver
C01257,Jonathan,Ward,wolfemichelle@example.org,Edmonton,Alberta,2021-10-27,Bronze
C01258,Charles,Rivas,mike56@example.org,Ottawa,Ontario,2024-02-06,Bronze
C01259,Dan,Rodriguez,debbiesantiago@example.net,Ottawa,Ontario,2026-04-22,Silver
C01260,William,Barker,jennifer80@example.com,Brampton,Ontario,2026-05-30,Silver
C01261,Gregory,Freeman,heathersmith@example.com,Mississauga,Ontario,2023-07-04,Gold
C01262,Tiffany,Medina,justinvasquez@example.org,Calgary,Alberta,2026-04-28,Bronze
C01263,Kenneth,Morgan,susanjohnson@example.net,Ottawa,Ontario,2021-09-23,Bronze
C01264,Adam,Cannon,jamesharrington@example.net,Mississauga,Ontario,2025-11-26,Bronze
C01265,Johnathan,Patel,gsimmons@example.com,Calgary,Alberta,2026-04-26,Bronze
C01266,Charles,Ramirez,donaldfletcher@example.net,Vancouver,British Columbia,2025-12-29,Bronze
C01267,Gabriel,Jones,sheltonryan@example.org,Brampton,Ontario,2022-07-12,Bronze
C01268,Michael,Brown,brianna80@example.org,Brampton,Ontario,2024-10-05,Bronze
C01269,Emma,Mckenzie,catherine67@example.net,Ottawa,Ontario,2022-08-24,Bronze
C01270,Jill,Mills,ymorgan@example.org,Mississauga,Ontario,2025-03-25,Bronze
C01271,Jacob,Dixon,christine24@example.org,Calgary,Alberta,2023-09-12,Silver
C01272,Jeremy,Pham,mariahlarsen@example.net,Toronto,Ontario,2025-06-24,Silver
C01273,Colleen,Hernandez,everettjason@example.org,Toronto,Ontario,2023-11-07,Bronze
C01274,Carl,Walker,michael77@example.com,Toronto,Ontario,2022-03-11,Bronze
C01275,Michael,Morton,paynealexis@example.net,Vancouver,British Columbia,2026-03-27,Silver
C01276,Christopher,Rose,morgannicole@example.com,Calgary,Alberta,2025-03-25,Bronze
C01277,Megan,Hebert,robert39@example.com,Toronto,Ontario,2024-06-10,Bronze
C01278,Samantha,Baxter,youngelizabeth@example.net,Hamilton,Ontario,2023-10-06,Gold
C01279,Stanley,Hernandez,crawfordmichael@example.net,Vancouver,British Columbia,2022-12-04,Bronze
C01280,John,Perez,kellerallen@example.com,Edmonton,Alberta,2025-11-03,Bronze
C01281,Desiree,Kelly,zlogan@example.org,Mississauga,Ontario,2023-07-18,Bronze
C01282,Kimberly,Cruz,erikalong@example.net,Mississauga,Ontario,2023-03-15,Silver
C01283,Emily,Rogers,cknight@example.net,Mississauga,Ontario,2022-11-23,Bronze
C01284,Devin,Patel,josephmoore@example.net,Edmonton,Alberta,2022-06-24,Bronze
C01285,Brenda,Wheeler,ikeith@example.com,Calgary,Alberta,2022-02-05,Silver
C01286,Jonathan,Long,mooremichael@example.org,Edmonton,Alberta,2022-11-03,Bronze
C01287,Kiara,Young,vdunn@example.net,Toronto,Ontario,2023-02-06,Gold
C01288,Kathryn,Luna,christina23@example.com,Ottawa,Ontario,2024-04-21,Bronze
C01289,Darrell,Phillips,jessicajacobs@example.com,Vancouver,British Columbia,2022-07-17,Bronze
C01290,Richard,Moore,harriskristen@example.com,Calgary,Alberta,2022-09-14,Bronze
C01291,Mary,Shelton,daniellereed@example.com,Ottawa,Ontario,2023-11-04,Gold
C01292,Keith,Key,jasonlewis@example.org,Hamilton,Ontario,2023-01-29,Gold
C01293,Robert,Harris,alyssagrant@example.com,Hamilton,Ontario,2025-01-09,Silver
C01294,Kevin,Mitchell,timothybrown@example.net,Vancouver,British Columbia,2022-06-12,Silver
C01295,Alexandria,Jones,arnoldmeredith@example.com,Hamilton,Ontario,2024-12-31,Bronze
C01296,Justin,Koch,gonzalezshelby@example.org,Calgary,Alberta,2023-07-30,Bronze
C01297,Jacob,Schultz,sean69@example.org,Mississauga,Ontario,2022-09-23,Bronze
C01298,Misty,Tapia,jasonmills@example.org,Ottawa,Ontario,2026-03-21,Gold
C01299,Hannah,Jensen,davismiguel@example.net,Mississauga,Ontario,2023-02-09,Bronze
C01300,Bryan,Bowers,catherineanderson@example.com,Toronto,Ontario,2023-09-13,Bronze
C01301,Elizabeth,Johnson,crawfordcaleb@example.org,Edmonton,Alberta,2024-06-19,Bronze
C01302,Christopher,Rivera,dylantrujillo@example.net,Ottawa,Ontario,2024-03-29,Silver
C01303,Gail,Rios,donna39@example.com,Brampton,Ontario,2024-04-05,Bronze
C01304,Kelsey,Cox,thomaslopez@example.net,Calgary,Alberta,2024-05-16,Gold
C01305,Sherry,Robbins,watsonlaura@example.net,Hamilton,Ontario,2023-08-17,Gold
C01306,Cory,Christian,todd38@example.org,Calgary,Alberta,2022-03-03,Bronze
C01307,Paula,Gillespie,youngryan@example.net,Calgary,Alberta,2022-07-25,Bronze
C01308,Rodney,Frazier,johnathan40@example.net,Mississauga,Ontario,2023-03-28,Bronze
C01309,Katherine,Ramirez,allison75@example.com,Calgary,Alberta,2022-04-01,Bronze
C01310,Nathan,Mcclure,kristopher94@example.org,Mississauga,Ontario,2021-08-17,Gold
C01311,Victoria,Martin,barbara28@example.com,Ottawa,Ontario,2023-02-25,Silver
C01312,Sean,Lewis,owhite@example.net,Brampton,Ontario,2025-05-28,Gold
C01313,Randy,Brooks,andreagreene@example.com,Mississauga,Ontario,2021-12-05,Silver
C01314,Nicole,Tanner,wcunningham@example.org,Ottawa,Ontario,2021-08-11,Bronze
C01315,Jacob,Smith,padams@example.com,Brampton,Ontario,2024-05-04,Silver
C01316,William,Jordan,olong@example.net,Calgary,Alberta,2023-11-30,Bronze
C01317,Nathan,Day,patrick98@example.org,Calgary,Alberta,2023-10-11,Silver
C01318,Lee,Cook,johnsonfrederick@example.net,Vancouver,British Columbia,2024-12-26,Bronze
C01319,Kendra,Santiago,fyoung@example.com,Ottawa,Ontario,2023-05-26,Bronze
C01320,Daisy,Johnson,carriehamilton@example.net,Toronto,Ontario,2026-06-06,Bronze
C01321,Amy,Walls,elijah94@example.com,Vancouver,British Columbia,2024-01-01,Silver
C01322,Patricia,Edwards,michaeldebra@example.com,Calgary,Alberta,2023-12-10,Bronze
C01323,Ronald,Swanson,munozshawna@example.com,Mississauga,Ontario,2022-07-07,Bronze
C01324,Sean,Taylor,fredsmith@example.com,Vancouver,British Columbia,2022-06-21,Bronze
C01325,William,Esparza,nicholas75@example.com,Toronto,Ontario,2023-12-30,Bronze
C01326,Shannon,Dodson,ambermartin@example.com,Mississauga,Ontario,2026-01-12,Bronze
C01327,David,Simpson,berryanthony@example.com,Toronto,Ontario,2024-04-19,Bronze
C01328,Lauren,Hernandez,luis59@example.com,Calgary,Alberta,2024-02-27,Bronze
C01329,Sandy,Conner,qwong@example.com,Vancouver,British Columbia,2021-10-16,Bronze
C01330,Robert,Herrera,kennedysusan@example.com,Mississauga,Ontario,2022-11-25,Bronze
C01331,Ronald,Shah,ccisneros@example.net,Toronto,Ontario,2024-08-06,Bronze
C01332,Wendy,Mullins,uthomas@example.com,Edmonton,Alberta,2023-02-08,Bronze
C01333,Scott,Sanchez,woodspatrick@example.org,Vancouver,British Columbia,2025-10-17,Bronze
C01334,Kristi,Sanchez,jaredhuff@example.com,Calgary,Alberta,2023-02-17,Bronze
C01335,Chelsea,Acevedo,samuel59@example.net,Brampton,Ontario,2021-12-30,Bronze
C01336,Christopher,Griffin,melissa94@example.org,Edmonton,Alberta,2023-08-13,Bronze
C01337,Jennifer,Henderson,tinavazquez@example.org,Edmonton,Alberta,2022-07-05,Silver
C01338,Julia,Russell,wrightmichael@example.net,Mississauga,Ontario,2025-05-24,Silver
C01339,Hayden,Hall,brendanriddle@example.com,Vancouver,British Columbia,2024-01-24,Bronze
C01340,Maurice,Acosta,ruizmichael@example.net,Vancouver,British Columbia,2025-07-13,Bronze
C01341,Sarah,Kirk,smathis@example.net,Toronto,Ontario,2022-07-26,Silver
C01342,Elizabeth,Hill,sking@example.org,Toronto,Ontario,2025-10-24,Silver
C01343,Melissa,Flores,icook@example.net,Toronto,Ontario,2026-03-03,Bronze
C01344,Jennifer,Pugh,vclark@example.org,Vancouver,British Columbia,2025-10-08,Silver
C01345,Nicole,Knox,glowe@example.org,Hamilton,Ontario,2026-05-13,Gold
C01346,Cynthia,King,ymartinez@example.org,Ottawa,Ontario,2026-06-17,Silver
C01347,Stephanie,Silva,richardgriffin@example.net,Toronto,Ontario,2024-08-14,Silver
C01348,William,Friedman,meganliu@example.org,Mississauga,Ontario,2024-12-12,Bronze
C01349,Kim,Lawrence,mcguirehannah@example.com,Ottawa,Ontario,2025-05-08,Silver
C01350,Michelle,Hunter,brettcampos@example.com,Edmonton,Alberta,2021-11-23,Bronze
C01351,Henry,Wilson,martinangel@example.com,Toronto,Ontario,2022-06-18,Bronze
C01352,Robert,Taylor,ybishop@example.org,Calgary,Alberta,2025-04-06,Silver
C01353,Dan,Avery,laneashley@example.org,Brampton,Ontario,2023-09-12,Bronze
C01354,Jonathan,Gonzalez,christopher90@example.net,Ottawa,Ontario,2023-12-31,Bronze
C01355,David,Mitchell,lopezanna@example.net,Calgary,Alberta,2022-08-26,Silver
C01356,David,Rogers,brownsherry@example.org,Vancouver,British Columbia,2025-10-27,Silver
C01357,Mackenzie,Mejia,osborntrevor@example.net,Edmonton,Alberta,2025-04-16,Silver
C01358,Joshua,Cook,jking@example.net,Ottawa,Ontario,2022-07-04,Bronze
C01359,Lori,Patton,clarkejames@example.net,Toronto,Ontario,2024-07-10,Silver
C01360,Daniel,Thompson,graygina@example.org,Mississauga,Ontario,2022-04-21,Bronze
C01361,Kristin,Hall,qdalton@example.net,Calgary,Alberta,2025-06-27,Silver
C01362,Tammy,Clark,jacobsbrian@example.net,Mississauga,Ontario,2024-07-24,Bronze
C01363,James,Harrison,leslie78@example.net,Brampton,Ontario,2021-11-02,Bronze
C01364,Joel,Smith,lgonzalez@example.net,Hamilton,Ontario,2022-04-10,Silver
C01365,Joann,Watkins,torresluke@example.org,Mississauga,Ontario,2022-03-22,Bronze
C01366,Robert,Gonzalez,joshua66@example.net,Edmonton,Alberta,2022-07-24,Bronze
C01367,Ray,Scott,croberts@example.net,Toronto,Ontario,2021-11-16,Gold
C01368,George,Perez,shari88@example.net,Mississauga,Ontario,2024-02-07,Silver
C01369,Gabriela,Friedman,sandra26@example.com,Calgary,Alberta,2021-11-19,Bronze
C01370,Laura,Drake,smithrebecca@example.com,Edmonton,Alberta,2024-05-25,Bronze
C01371,Anthony,Martinez,thomas50@example.org,Hamilton,Ontario,2021-08-28,Bronze
C01372,Bryan,Ramos,tweeks@example.net,Mississauga,Ontario,2025-06-26,Silver
C01373,Travis,Myers,xcole@example.net,Ottawa,Ontario,2022-02-23,Silver
C01374,Matthew,Cantu,karla57@example.com,Mississauga,Ontario,2024-02-03,Bronze
C01375,Joseph,Adams,ryan34@example.net,Brampton,Ontario,2025-12-09,Bronze
C01376,Thomas,Murphy,brian64@example.net,Calgary,Alberta,2022-07-25,Bronze
C01377,Keith,Gallegos,smithdebbie@example.com,Calgary,Alberta,2023-06-01,Bronze
C01378,Paige,Rodriguez,karen98@example.org,Calgary,Alberta,2024-09-20,Bronze
C01379,Dana,Garrett,jerryjones@example.com,Toronto,Ontario,2022-04-20,Bronze
C01380,Kimberly,Gilmore,sylviagarza@example.net,Calgary,Alberta,2023-05-29,Bronze
C01381,Brandon,Schmidt,nkirk@example.org,Toronto,Ontario,2021-12-05,Bronze
C01382,Lindsay,Gallegos,thomaschambers@example.com,Mississauga,Ontario,2024-10-17,Bronze
C01383,John,Sanders,matthew02@example.org,Edmonton,Alberta,2023-11-01,Silver
C01384,Amanda,Harris,stefanieduke@example.org,Toronto,Ontario,2022-03-12,Gold
C01385,Steven,Chapman,douglas45@example.net,Brampton,Ontario,2025-09-22,Gold
C01386,David,Mccoy,iharris@example.net,Hamilton,Ontario,2024-10-25,Bronze
C01387,Joshua,Evans,byrdjennifer@example.net,Toronto,Ontario,2023-09-28,Bronze
C01388,William,Hawkins,john15@example.com,Toronto,Ontario,2023-09-25,Bronze
C01389,Sherri,Hamilton,reedmiguel@example.com,Calgary,Alberta,2024-08-28,Bronze
C01390,James,West,schwartzbrianna@example.com,Hamilton,Ontario,2024-11-28,Bronze
C01391,John,Mata,wellsmichele@example.org,Toronto,Ontario,2022-02-05,Bronze
C01392,Nicholas,Moore,kirstenchan@example.org,Edmonton,Alberta,2022-02-04,Bronze
C01393,Briana,West,gonzalezheather@example.net,Vancouver,British Columbia,2026-01-10,Gold
C01394,Nathan,Mason,josephhawkins@example.com,Vancouver,British Columbia,2022-06-16,Bronze
C01395,Andrew,Proctor,mrivera@example.org,Mississauga,Ontario,2023-07-05,Bronze
C01396,Katelyn,Thompson,christopher39@example.org,Brampton,Ontario,2023-11-06,Bronze
C01397,Scott,Phillips,waterssusan@example.com,Edmonton,Alberta,2022-02-10,Bronze
C01398,John,Lara,jillhoward@example.org,Brampton,Ontario,2022-12-10,Bronze
C01399,Shane,Johns,elizabethpratt@example.org,Toronto,Ontario,2024-11-05,Bronze
C01400,Joseph,Owens,deborah91@example.org,Vancouver,British Columbia,2024-05-18,Silver
C01401,Phillip,Christensen,hansenemily@example.net,Ottawa,Ontario,2022-11-25,Silver
C01402,Larry,Dunn,danielsjames@example.org,Hamilton,Ontario,2024-01-21,Silver
C01403,Richard,Flores,lallen@example.com,Calgary,Alberta,2025-08-15,Bronze
C01404,Diane,Smith,rodrigueztimothy@example.com,Edmonton,Alberta,2023-07-04,Gold
C01405,Sherry,Haynes,egonzales@example.org,Toronto,Ontario,2025-11-15,Bronze
C01406,Catherine,Byrd,hrobinson@example.com,Mississauga,Ontario,2025-08-31,Gold
C01407,Renee,Castillo,areynolds@example.com,Calgary,Alberta,2026-07-21,Bronze
C01408,Chad,Browning,richardpruitt@example.org,Mississauga,Ontario,2025-04-26,Gold
C01409,Elizabeth,Johnson,navarrodebra@example.net,Calgary,Alberta,2025-09-10,Bronze
C01410,Ronald,Schmidt,qweaver@example.com,Vancouver,British Columbia,2024-01-24,Bronze
C01411,Jenny,Watkins,jeffreyward@example.net,Brampton,Ontario,2022-10-19,Gold
C01412,Christopher,Simmons,sean72@example.org,Vancouver,British Columbia,2022-07-04,Bronze
C01413,Karen,Martinez,hugheschristina@example.org,Ottawa,Ontario,2025-05-10,Silver
C01414,Shannon,Wilson,jonathan45@example.net,Hamilton,Ontario,2023-08-17,Bronze
C01415,Trevor,Lopez,bmcdonald@example.org,Brampton,Ontario,2025-08-12,Bronze
C01416,Leslie,Clements,nicholas87@example.org,Brampton,Ontario,2024-09-14,Silver
C01417,Jennifer,Ramirez,makayla07@example.org,Calgary,Alberta,2023-12-20,Bronze
C01418,Jaime,Johnson,gholland@example.org,Ottawa,Ontario,2026-05-16,Bronze
C01419,Marvin,Pearson,iewing@example.com,Edmonton,Alberta,2021-08-05,Bronze
C01420,Bruce,Morales,danielle68@example.org,Mississauga,Ontario,2025-07-18,Bronze
C01421,Amy,Davis,djenkins@example.net,Edmonton,Alberta,2022-02-07,Silver
C01422,Henry,Erickson,christinelewis@example.net,Hamilton,Ontario,2021-08-17,Silver
C01423,Ellen,Elliott,robertharris@example.org,Hamilton,Ontario,2026-07-08,Gold
C01424,Alexander,Bailey,deborahford@example.com,Hamilton,Ontario,2023-02-22,Silver
C01425,William,Long,tyler89@example.net,Hamilton,Ontario,2023-04-24,Bronze
C01426,Andrea,Garrett,stephaniedennis@example.org,Edmonton,Alberta,2025-08-13,Bronze
C01427,Alexander,Andrade,markwest@example.net,Calgary,Alberta,2025-07-11,Bronze
C01428,Ronald,Rodriguez,kerrjohn@example.org,Vancouver,British Columbia,2024-10-18,Bronze
C01429,James,Leonard,nprince@example.net,Calgary,Alberta,2025-08-28,Bronze
C01430,Jessica,Harvey,wilsonmelissa@example.org,Calgary,Alberta,2025-01-17,Bronze
C01431,Elizabeth,Gaines,everettrandy@example.com,Brampton,Ontario,2022-11-23,Silver
C01432,Michael,Thomas,mcphersonolivia@example.org,Ottawa,Ontario,2022-11-02,Bronze
C01433,Jessica,Jackson,zbrooks@example.com,Mississauga,Ontario,2022-10-08,Bronze
C01434,Kyle,Hall,wallacedavid@example.com,Edmonton,Alberta,2026-03-05,Silver
C01435,Amy,Harris,mturner@example.com,Brampton,Ontario,2023-10-13,Gold
C01436,Haley,Parker,derek63@example.net,Calgary,Alberta,2024-05-21,Silver
C01437,Kathleen,Ruiz,jayholder@example.com,Ottawa,Ontario,2024-06-15,Bronze
C01438,Julia,Fisher,shawchristine@example.com,Edmonton,Alberta,2023-08-13,Bronze
C01439,Maria,Parker,brianvillarreal@example.net,Toronto,Ontario,2022-01-23,Bronze
C01440,Kelly,Bailey,christopherrogers@example.net,Brampton,Ontario,2024-12-10,Silver
C01441,Daniel,Parker,warneryvonne@example.net,Vancouver,British Columbia,2024-10-02,Bronze
C01442,Angela,Evans,rortiz@example.org,Ottawa,Ontario,2025-03-08,Bronze
C01443,Monica,Stanley,phelpskevin@example.org,Calgary,Alberta,2025-03-30,Bronze
C01444,Scott,Jordan,jonesellen@example.org,Hamilton,Ontario,2022-09-08,Bronze
C01445,Katrina,Lewis,jjackson@example.net,Brampton,Ontario,2025-06-22,Bronze
C01446,Kayla,Livingston,lindsaybaker@example.org,Calgary,Alberta,2022-11-24,Bronze
C01447,Michelle,Fernandez,anthonycruz@example.com,Mississauga,Ontario,2025-11-12,Bronze
C01448,Alexandra,Warner,ywilson@example.com,Hamilton,Ontario,2023-02-27,Bronze
C01449,Melissa,Mercado,chadcarroll@example.org,Brampton,Ontario,2023-12-25,Silver
C01450,Ashley,Harrell,klee@example.com,Toronto,Ontario,2024-10-18,Bronze
C01451,Nicolas,Stafford,nguyenmichael@example.org,Edmonton,Alberta,2026-05-17,Bronze
C01452,Brandon,Leblanc,uramos@example.org,Edmonton,Alberta,2021-12-07,Silver
C01453,Melinda,Gonzalez,mackenziefreeman@example.net,Calgary,Alberta,2023-02-27,Bronze
C01454,Pamela,Barnes,ukhan@example.com,Brampton,Ontario,2022-11-28,Bronze
C01455,Zachary,Washington,sdowns@example.net,Brampton,Ontario,2024-01-16,Bronze
C01456,Andrew,Turner,edgarortiz@example.com,Ottawa,Ontario,2023-06-26,Silver
C01457,Samuel,Howard,lynnbrewer@example.net,Ottawa,Ontario,2025-12-18,Silver
C01458,Jason,Mitchell,frodriguez@example.net,Hamilton,Ontario,2025-07-21,Silver
C01459,Michael,Johnson,michelle07@example.net,Hamilton,Ontario,2025-04-16,Bronze
C01460,Lori,Villarreal,allengregory@example.org,Edmonton,Alberta,2025-12-24,Silver
C01461,Kathryn,Robles,vsuarez@example.net,Brampton,Ontario,2021-09-30,Silver
C01462,Tiffany,Perez,sanchezcatherine@example.com,Brampton,Ontario,2023-08-29,Bronze
C01463,Christopher,Kerr,hollanddavid@example.com,Ottawa,Ontario,2025-10-04,Bronze
C01464,Roberto,Dickerson,nriley@example.org,Hamilton,Ontario,2023-12-04,Gold
C01465,Melanie,Nelson,armstrongtiffany@example.org,Brampton,Ontario,2024-04-27,Gold
C01466,David,Boyd,adampalmer@example.com,Mississauga,Ontario,2022-09-26,Bronze
C01467,Michelle,Rose,oriley@example.org,Brampton,Ontario,2024-07-27,Bronze
C01468,Jamie,Nelson,craig05@example.net,Vancouver,British Columbia,2022-12-18,Bronze
C01469,Jill,Carlson,powellmelissa@example.net,Toronto,Ontario,2025-10-29,Bronze
C01470,Tara,Randall,powellcarmen@example.org,Mississauga,Ontario,2022-12-26,Bronze
C01471,Megan,Harris,ucurry@example.org,Hamilton,Ontario,2025-10-27,Silver
C01472,Christina,Turner,bestmadison@example.org,Hamilton,Ontario,2026-04-12,Bronze
C01473,Louis,Russell,morgan70@example.org,Mississauga,Ontario,2022-02-06,Bronze
C01474,Jennifer,Harris,currymichael@example.net,Hamilton,Ontario,2024-10-15,Bronze
C01475,William,Phillips,michael35@example.com,Edmonton,Alberta,2025-03-25,Bronze
C01476,Darryl,Perkins,karen09@example.net,Mississauga,Ontario,2025-03-29,Bronze
C01477,Debra,Barr,testrada@example.net,Mississauga,Ontario,2022-05-05,Silver
C01478,Dean,Molina,eclark@example.net,Mississauga,Ontario,2024-07-25,Bronze
C01479,Tina,Palmer,kevin12@example.net,Edmonton,Alberta,2023-07-13,Silver
C01480,Robert,Smith,wjohnson@example.net,Toronto,Ontario,2021-10-22,Silver
C01481,Michael,Lopez,rodriguezjames@example.net,Calgary,Alberta,2024-03-22,Bronze
C01482,Melissa,Nguyen,thomas57@example.com,Brampton,Ontario,2024-09-01,Silver
C01483,Jason,Martinez,paulagarcia@example.com,Toronto,Ontario,2024-05-09,Silver
C01484,Cynthia,Avila,michelehuffman@example.com,Hamilton,Ontario,2022-01-18,Bronze
C01485,Timothy,Miranda,thomasdorsey@example.org,Vancouver,British Columbia,2026-04-28,Silver
C01486,Shawn,Garcia,dalelara@example.net,Ottawa,Ontario,2022-10-21,Gold
C01487,Jeffrey,Pitts,lgregory@example.org,Hamilton,Ontario,2021-10-07,Bronze
C01488,Stacey,Everett,fsmith@example.org,Ottawa,Ontario,2022-10-07,Silver
C01489,Jenna,Juarez,mccarthymichael@example.org,Edmonton,Alberta,2024-10-28,Bronze
C01490,Virginia,Hunt,nelliott@example.org,Vancouver,British Columbia,2024-07-06,Bronze
C01491,Kayla,Walters,jeremy52@example.org,Ottawa,Ontario,2025-01-08,Silver
C01492,Peter,Reynolds,tprice@example.net,Calgary,Alberta,2025-07-12,Bronze
C01493,Eugene,Perez,wzhang@example.org,Toronto,Ontario,2023-11-24,Silver
C01494,Emily,Jones,donna33@example.net,Hamilton,Ontario,2025-10-08,Gold
C01495,Crystal,Manning,brandon94@example.org,Toronto,Ontario,2022-11-13,Gold
C01496,Gloria,James,johnavery@example.net,Edmonton,Alberta,2022-07-19,Bronze
C01497,Sheila,Pope,terri39@example.net,Toronto,Ontario,2024-10-30,Bronze
C01498,Carolyn,Davis,carol15@example.com,Mississauga,Ontario,2026-07-15,Bronze
C01499,Thomas,Hill,adavis@example.org,Edmonton,Alberta,2025-04-26,Silver
C01500,Mark,Bennett,tarajoseph@example.net,Hamilton,Ontario,2022-10-03,Silver
C01501,Chelsey,Williams,jason31@example.net,Vancouver,British Columbia,2026-04-22,Silver
C01502,Matthew,Brewer,rstark@example.org,Toronto,Ontario,2026-04-08,Bronze
C01503,Bill,Fernandez,turnerlauren@example.com,Ottawa,Ontario,2022-10-28,Silver
C01504,Ashley,Brown,sarahward@example.net,Ottawa,Ontario,2023-09-03,Bronze
C01505,Laurie,Williamson,josephbryant@example.com,Ottawa,Ontario,2024-04-19,Silver
C01506,James,Snow,nicholsmichael@example.com,Edmonton,Alberta,2026-01-11,Silver
C01507,Adrian,Wade,snowjessica@example.org,Brampton,Ontario,2024-10-27,Silver
C01508,Nicole,Hernandez,williamsrichard@example.com,Ottawa,Ontario,2022-12-02,Silver
C01509,Colin,Nelson,connorwolfe@example.org,Ottawa,Ontario,2022-10-10,Bronze
C01510,Darrell,Lopez,wmartin@example.com,Hamilton,Ontario,2025-05-14,Bronze
C01511,Karina,Hester,gho@example.net,Hamilton,Ontario,2026-04-10,Bronze
C01512,Sharon,Hill,valeriemartinez@example.com,Mississauga,Ontario,2022-05-25,Silver
C01513,Rachel,Patel,dpeterson@example.org,Toronto,Ontario,2024-10-06,Bronze
C01514,Michael,Best,qsmith@example.com,Brampton,Ontario,2023-04-15,Bronze
C01515,Lucas,Reilly,yguerra@example.org,Calgary,Alberta,2025-02-21,Bronze
C01516,Daniel,Pratt,clintonwilson@example.net,Vancouver,British Columbia,2024-04-19,Silver
C01517,Vanessa,Maldonado,cardenastanner@example.com,Ottawa,Ontario,2025-09-05,Bronze
C01518,Richard,Nguyen,kelly32@example.net,Brampton,Ontario,2024-08-08,Bronze
C01519,Heather,Jackson,evanssierra@example.net,Calgary,Alberta,2023-01-30,Silver
C01520,Heather,Taylor,christopher14@example.org,Edmonton,Alberta,2022-08-07,Bronze
C01521,Joel,Reynolds,brownbrenda@example.org,Edmonton,Alberta,2021-12-10,Gold
C01522,Tony,Porter,millerdanielle@example.net,Brampton,Ontario,2022-06-14,Bronze
C01523,Sherry,Ray,averydavid@example.com,Hamilton,Ontario,2025-02-04,Silver
C01524,Gary,Le,nicholasgibson@example.com,Edmonton,Alberta,2021-11-04,Bronze
C01525,Susan,White,michael36@example.org,Vancouver,British Columbia,2025-09-07,Silver
C01526,David,Johnson,xgarcia@example.net,Brampton,Ontario,2021-08-23,Bronze
C01527,Kathryn,Obrien,carsoncolleen@example.com,Vancouver,British Columbia,2022-06-18,Bronze
C01528,Amy,Rodriguez,littlekristi@example.net,Ottawa,Ontario,2022-10-13,Silver
C01529,Shannon,Harris,oblack@example.org,Brampton,Ontario,2025-12-24,Bronze
C01530,Dawn,Paul,gilbert20@example.com,Calgary,Alberta,2022-08-17,Bronze
C01531,Amanda,Holmes,andrearobertson@example.org,Mississauga,Ontario,2025-02-04,Bronze
C01532,Darren,Smith,julie94@example.com,Edmonton,Alberta,2024-10-15,Bronze
C01533,Caitlin,Walters,johngilbert@example.net,Calgary,Alberta,2022-08-26,Gold
C01534,Jerry,Stark,victoriaflores@example.org,Brampton,Ontario,2021-10-26,Bronze
C01535,Richard,Beck,douglas36@example.net,Calgary,Alberta,2025-06-17,Bronze
C01536,Stephen,Sanchez,jeremymoore@example.com,Mississauga,Ontario,2025-12-30,Bronze
C01537,Angela,Anderson,carolynmcmahon@example.org,Vancouver,British Columbia,2026-06-16,Gold
C01538,Jodi,Downs,patricia84@example.org,Calgary,Alberta,2025-05-14,Bronze
C01539,Cathy,West,john38@example.com,Edmonton,Alberta,2022-07-25,Bronze
C01540,Stephanie,Gardner,ncollins@example.org,Calgary,Alberta,2023-08-22,Silver
C01541,Nicholas,Rodriguez,vcampos@example.net,Mississauga,Ontario,2023-10-12,Bronze
C01542,Courtney,Baker,harperjames@example.com,Calgary,Alberta,2025-07-04,Silver
C01543,Amanda,Ellis,mdavis@example.net,Toronto,Ontario,2022-04-11,Bronze
C01544,Joel,Skinner,sextondouglas@example.com,Edmonton,Alberta,2026-05-15,Bronze
C01545,Daniel,Bennett,sharonbarron@example.net,Vancouver,British Columbia,2025-06-27,Bronze
C01546,John,Duncan,brittany67@example.net,Calgary,Alberta,2022-12-15,Bronze
C01547,Allison,Banks,awilson@example.org,Ottawa,Ontario,2023-05-29,Bronze
C01548,April,Buck,jvasquez@example.net,Brampton,Ontario,2026-05-28,Silver
C01549,Debra,Taylor,hernandezmary@example.net,Vancouver,British Columbia,2024-11-10,Bronze
C01550,Thomas,Patel,qguerrero@example.net,Toronto,Ontario,2021-08-05,Bronze
C01551,Eric,Rodriguez,lherman@example.com,Calgary,Alberta,2026-02-27,Bronze
C01552,Kellie,Pham,jasonwood@example.net,Vancouver,British Columbia,2022-05-06,Silver
C01553,Bethany,Peters,millerjimmy@example.com,Toronto,Ontario,2023-03-21,Bronze
C01554,Laurie,Moore,jstafford@example.net,Toronto,Ontario,2026-04-04,Silver
C01555,Jessica,George,david11@example.net,Brampton,Ontario,2021-10-25,Gold
C01556,Annette,White,jeanette83@example.com,Ottawa,Ontario,2022-06-23,Gold
C01557,Bryce,Clark,john98@example.net,Toronto,Ontario,2021-08-07,Bronze
C01558,Jessica,Cooper,sierra44@example.com,Edmonton,Alberta,2026-01-01,Bronze
C01559,Amber,Johnson,russokathleen@example.com,Brampton,Ontario,2025-06-11,Bronze
C01560,Amy,Sanders,cooperpaul@example.com,Toronto,Ontario,2021-09-08,Gold
C01561,David,Adams,davisjared@example.com,Vancouver,British Columbia,2024-07-08,Bronze
C01562,Penny,Williams,christophergomez@example.com,Hamilton,Ontario,2026-02-13,Bronze
C01563,Aimee,Kim,benjaminolson@example.net,Hamilton,Ontario,2026-04-10,Bronze
C01564,Miranda,Cruz,loriwilliams@example.com,Ottawa,Ontario,2023-09-29,Bronze
C01565,Michael,Williams,david37@example.net,Vancouver,British Columbia,2025-12-04,Bronze
C01566,Derek,Garcia,william37@example.net,Calgary,Alberta,2024-11-25,Gold
C01567,Virginia,White,grahamdesiree@example.net,Ottawa,Ontario,2025-02-04,Bronze
C01568,Amanda,Garrett,josephtorres@example.net,Mississauga,Ontario,2022-12-14,Bronze
C01569,Cassandra,Parker,zacharyhart@example.org,Edmonton,Alberta,2022-03-08,Bronze
C01570,Shannon,Sparks,dmartinez@example.net,Calgary,Alberta,2023-01-25,Bronze
C01571,Samuel,Mayo,zdelgado@example.com,Brampton,Ontario,2023-03-13,Bronze
C01572,Carol,Weaver,paul01@example.com,Edmonton,Alberta,2022-08-02,Silver
C01573,Cody,Roberts,jensenryan@example.net,Hamilton,Ontario,2026-04-27,Bronze
C01574,Nicole,Black,williamjones@example.com,Edmonton,Alberta,2021-12-20,Silver
C01575,Matthew,Garner,david43@example.net,Toronto,Ontario,2023-01-16,Bronze
C01576,Eric,Johnson,bill45@example.net,Edmonton,Alberta,2024-02-20,Silver
C01577,Deborah,Morris,tjackson@example.org,Mississauga,Ontario,2023-01-15,Bronze
C01578,Joshua,Rangel,kennethcarrillo@example.com,Brampton,Ontario,2025-05-16,Bronze
C01579,Sherry,Curtis,barbara24@example.net,Ottawa,Ontario,2022-09-22,Silver
C01580,Leslie,Wolf,michaelreeves@example.com,Hamilton,Ontario,2026-07-15,Silver
C01581,Richard,Stewart,wheelerdaniel@example.com,Vancouver,British Columbia,2023-06-12,Bronze
C01582,Kevin,Quinn,zking@example.org,Edmonton,Alberta,2026-04-30,Bronze
C01583,Tina,Stephens,stevenedwards@example.com,Toronto,Ontario,2025-08-20,Bronze
C01584,Darius,Blake,dtorres@example.org,Ottawa,Ontario,2022-09-03,Silver
C01585,Lori,Ramirez,mark50@example.org,Ottawa,Ontario,2022-12-30,Bronze
C01586,Jason,Leonard,rodriguezcraig@example.net,Vancouver,British Columbia,2025-08-24,Silver
C01587,Joseph,Stewart,gwang@example.com,Brampton,Ontario,2024-12-23,Bronze
C01588,Eric,Clayton,fcobb@example.com,Ottawa,Ontario,2026-03-23,Silver
C01589,Jennifer,Bryant,jeanette84@example.org,Calgary,Alberta,2025-01-12,Bronze
C01590,Joseph,Wilson,bbecker@example.com,Edmonton,Alberta,2025-04-02,Gold
C01591,Derek,Lloyd,wfrancis@example.org,Calgary,Alberta,2025-05-01,Bronze
C01592,Alicia,Diaz,arice@example.org,Calgary,Alberta,2022-08-15,Silver
C01593,Shannon,Terry,tlewis@example.net,Brampton,Ontario,2024-07-19,Silver
C01594,Elizabeth,Nelson,jonessarah@example.net,Mississauga,Ontario,2025-01-13,Bronze
C01595,Troy,Rodriguez,victoria20@example.org,Edmonton,Alberta,2024-09-16,Silver
C01596,Mark,Ayala,herreradiana@example.org,Vancouver,British Columbia,2021-09-06,Bronze
C01597,Gabriel,Arnold,zacharychung@example.com,Hamilton,Ontario,2021-12-23,Silver
C01598,Tammy,Walters,jaclynyang@example.com,Brampton,Ontario,2024-02-17,Silver
C01599,Melanie,Butler,grimestracy@example.net,Brampton,Ontario,2025-12-27,Bronze
C01600,Jerry,Mitchell,pharris@example.com,Toronto,Ontario,2022-04-29,Silver
C01601,Erik,Jackson,rachel70@example.net,Brampton,Ontario,2021-08-21,Silver
C01602,James,Haas,petersonjames@example.net,Calgary,Alberta,2023-01-13,Bronze
C01603,Sarah,Gaines,ivan52@example.com,Vancouver,British Columbia,2024-03-14,Bronze
C01604,Gabriel,Cunningham,ryanosborne@example.org,Edmonton,Alberta,2026-06-09,Silver
C01605,Rachael,Hall,hpineda@example.org,Ottawa,Ontario,2022-07-27,Bronze
C01606,Joseph,Reese,jduncan@example.org,Calgary,Alberta,2025-09-05,Bronze
C01607,Zachary,Williams,kathy27@example.net,Ottawa,Ontario,2021-10-12,Bronze
C01608,Victoria,Ward,ryan99@example.net,Hamilton,Ontario,2021-08-16,Bronze
C01609,Ray,Young,brett04@example.net,Vancouver,British Columbia,2022-11-02,Bronze
C01610,Russell,Williams,hjohnson@example.com,Hamilton,Ontario,2023-02-22,Bronze
C01611,William,Bolton,stacey06@example.net,Edmonton,Alberta,2023-09-04,Bronze
C01612,Joseph,Schmidt,wmiller@example.net,Toronto,Ontario,2023-01-08,Bronze
C01613,Rodney,Kidd,ynorris@example.net,Calgary,Alberta,2023-02-14,Bronze
C01614,Jonathan,Escobar,nichole95@example.net,Ottawa,Ontario,2024-12-23,Silver
C01615,William,Hoffman,peter70@example.net,Ottawa,Ontario,2025-04-17,Bronze
C01616,Amy,Moreno,anthonycampbell@example.com,Toronto,Ontario,2023-04-05,Bronze
C01617,Katherine,Byrd,tammy08@example.net,Toronto,Ontario,2022-07-16,Silver
C01618,Jessica,Warren,catherineholland@example.org,Mississauga,Ontario,2024-10-31,Bronze
C01619,Rachel,Morgan,jimenezmegan@example.net,Ottawa,Ontario,2021-11-11,Bronze
C01620,Joel,Pena,cohenmatthew@example.com,Edmonton,Alberta,2024-08-02,Bronze
C01621,Christine,Burke,andrea22@example.org,Edmonton,Alberta,2026-02-20,Bronze
C01622,Doris,Elliott,xmoore@example.com,Ottawa,Ontario,2022-03-19,Silver
C01623,Stanley,Sparks,patricksmith@example.com,Hamilton,Ontario,2023-11-21,Gold
C01624,Adam,Lynch,danielbenjamin@example.net,Hamilton,Ontario,2021-09-08,Bronze
C01625,Margaret,Hatfield,duffyadam@example.com,Toronto,Ontario,2025-03-15,Gold
C01626,Christine,Peterson,rmedina@example.com,Brampton,Ontario,2021-12-23,Bronze
C01627,Robert,Hobbs,jennifer38@example.net,Mississauga,Ontario,2023-10-08,Silver
C01628,Daniel,Ortiz,ehughes@example.com,Hamilton,Ontario,2022-10-20,Silver
C01629,Monica,Blevins,lmoore@example.com,Mississauga,Ontario,2025-08-13,Silver
C01630,Michael,Rodgers,spierce@example.net,Edmonton,Alberta,2021-10-14,Bronze
C01631,Tina,Reed,amy93@example.com,Edmonton,Alberta,2026-06-06,Bronze
C01632,Courtney,Valenzuela,clong@example.net,Calgary,Alberta,2025-02-20,Bronze
C01633,Ann,Adams,john87@example.org,Mississauga,Ontario,2025-08-01,Gold
C01634,Brian,Schneider,chenjason@example.com,Hamilton,Ontario,2021-10-29,Bronze
C01635,Rachel,Carpenter,jamesbradley@example.com,Mississauga,Ontario,2024-10-25,Bronze
C01636,Timothy,Carter,erinvazquez@example.net,Hamilton,Ontario,2026-05-05,Gold
C01637,Craig,Davis,elizabeth01@example.com,Vancouver,British Columbia,2021-10-13,Bronze
C01638,Jonathan,Gonzalez,josephkelly@example.org,Toronto,Ontario,2026-06-21,Gold
C01639,Felicia,Patterson,christensenjames@example.org,Ottawa,Ontario,2021-11-13,Bronze
C01640,Cynthia,Bennett,nbuchanan@example.net,Edmonton,Alberta,2021-08-15,Silver
C01641,Denise,Hawkins,bharmon@example.net,Mississauga,Ontario,2023-11-13,Silver
C01642,Jason,Horton,frazierspencer@example.com,Calgary,Alberta,2021-08-03,Bronze
C01643,Deborah,Arnold,samantha94@example.net,Toronto,Ontario,2025-07-25,Bronze
C01644,Jonathan,Collins,perkinsolivia@example.org,Edmonton,Alberta,2021-08-18,Bronze
C01645,Chelsey,Morrison,wellsangela@example.org,Mississauga,Ontario,2025-01-13,Silver
C01646,Robert,Williams,candice42@example.net,Brampton,Ontario,2023-12-24,Bronze
C01647,Tiffany,Shaw,rebecca99@example.net,Hamilton,Ontario,2022-12-22,Silver
C01648,Lisa,Martin,julieperez@example.org,Toronto,Ontario,2023-05-02,Bronze
C01649,Craig,Dennis,ronald89@example.net,Brampton,Ontario,2023-10-30,Bronze
C01650,Russell,Tanner,kelleymiranda@example.com,Calgary,Alberta,2026-01-03,Bronze
C01651,Andrew,Lopez,kellybaker@example.org,Vancouver,British Columbia,2025-12-08,Bronze
C01652,Patrick,Smith,smithkelly@example.com,Vancouver,British Columbia,2023-03-14,Bronze
C01653,Stephanie,Holmes,maxwell93@example.net,Calgary,Alberta,2025-01-11,Bronze
C01654,Jennifer,Sherman,qmathis@example.org,Toronto,Ontario,2022-08-23,Bronze
C01655,Samantha,Watts,paul92@example.com,Mississauga,Ontario,2022-05-17,Bronze
C01656,Morgan,Lee,lopezdavid@example.net,Ottawa,Ontario,2025-12-04,Silver
C01657,Michael,Rangel,weberderek@example.org,Ottawa,Ontario,2021-10-02,Silver
C01658,Michele,Hardin,patricia40@example.org,Hamilton,Ontario,2022-10-08,Gold
C01659,Sherry,Hansen,ubell@example.net,Hamilton,Ontario,2021-09-28,Bronze
C01660,Carrie,Love,pamela60@example.com,Edmonton,Alberta,2023-04-11,Silver
C01661,Shane,Thomas,njohnston@example.com,Mississauga,Ontario,2025-10-30,Gold
C01662,Richard,Williams,sharon65@example.org,Hamilton,Ontario,2025-06-13,Silver
C01663,Jeremiah,Clarke,mwebb@example.org,Vancouver,British Columbia,2022-07-16,Gold
C01664,Meagan,Long,wellsjessica@example.org,Vancouver,British Columbia,2023-05-02,Bronze
C01665,Beverly,Fletcher,averycarl@example.org,Hamilton,Ontario,2024-04-03,Bronze
C01666,Alexandria,Frederick,matthew34@example.com,Vancouver,British Columbia,2025-08-29,Bronze
C01667,Kevin,Estes,joseph83@example.org,Hamilton,Ontario,2023-05-23,Bronze
C01668,Lori,Hicks,johnhenderson@example.net,Calgary,Alberta,2025-06-20,Bronze
C01669,Mary,Smith,michael02@example.net,Calgary,Alberta,2024-07-12,Silver
C01670,Cindy,Moore,jeffreyayers@example.net,Toronto,Ontario,2021-08-24,Bronze
C01671,Sharon,Bean,taraturner@example.net,Vancouver,British Columbia,2025-08-04,Silver
C01672,Kelsey,Martin,davisshawn@example.com,Vancouver,British Columbia,2026-04-02,Bronze
C01673,David,Grant,qcruz@example.org,Ottawa,Ontario,2024-12-23,Bronze
C01674,Danielle,Russell,weavernicholas@example.com,Brampton,Ontario,2023-06-05,Bronze
C01675,Christopher,Torres,rachel81@example.com,Toronto,Ontario,2023-04-22,Silver
C01676,Jocelyn,Murray,yvaldez@example.net,Edmonton,Alberta,2024-10-09,Bronze
C01677,Jessica,Silva,jfrye@example.net,Calgary,Alberta,2024-09-09,Silver
C01678,Mary,Chavez,leonwalter@example.net,Toronto,Ontario,2022-04-29,Bronze
C01679,Kayla,Stuart,nmays@example.com,Vancouver,British Columbia,2024-06-22,Silver
C01680,Tonya,Sanchez,joshua63@example.org,Edmonton,Alberta,2022-12-17,Bronze
C01681,Christopher,Rodriguez,pamela86@example.com,Hamilton,Ontario,2021-09-21,Bronze
C01682,Malik,Barton,lerodney@example.org,Edmonton,Alberta,2024-01-16,Silver
C01683,Joseph,Aguilar,craiggomez@example.org,Mississauga,Ontario,2025-04-08,Bronze
C01684,Robert,Davis,adam89@example.net,Calgary,Alberta,2022-04-06,Silver
C01685,Angela,Ramirez,maria29@example.net,Ottawa,Ontario,2025-03-15,Bronze
C01686,Tracy,Johnson,smithandrew@example.com,Hamilton,Ontario,2022-04-01,Bronze
C01687,Heather,Martinez,amysims@example.org,Toronto,Ontario,2024-08-19,Bronze
C01688,Courtney,Evans,gmiller@example.org,Hamilton,Ontario,2024-04-13,Silver
C01689,Gregory,Rodgers,armstronggina@example.org,Vancouver,British Columbia,2022-06-03,Bronze
C01690,Jacob,Goodwin,harriswilliam@example.com,Edmonton,Alberta,2024-06-24,Bronze
C01691,Maria,Sawyer,marc05@example.com,Mississauga,Ontario,2023-06-10,Silver
C01692,Lisa,Simpson,tedwards@example.org,Hamilton,Ontario,2022-11-06,Bronze
C01693,Melissa,Avila,eric76@example.org,Mississauga,Ontario,2023-11-28,Bronze
C01694,Samantha,Boyd,smithmichael@example.org,Toronto,Ontario,2025-04-30,Gold
C01695,Jacob,Gray,madisoncantu@example.net,Calgary,Alberta,2021-09-30,Silver
C01696,William,Mccoy,crystal14@example.org,Ottawa,Ontario,2023-09-03,Silver
C01697,Nicholas,Mccoy,leonjeremy@example.net,Vancouver,British Columbia,2025-06-01,Bronze
C01698,Angela,Wall,farleysara@example.net,Vancouver,British Columbia,2022-07-14,Gold
C01699,Kayla,Goodman,tapiarodney@example.com,Hamilton,Ontario,2022-03-22,Bronze
C01700,Jesse,Green,jenna66@example.org,Toronto,Ontario,2025-09-12,Bronze
C01701,Adam,King,stacyleblanc@example.com,Ottawa,Ontario,2021-12-04,Bronze
C01702,Vincent,Lang,terry14@example.net,Ottawa,Ontario,2025-11-25,Bronze
C01703,Tanya,Thompson,wshaw@example.com,Calgary,Alberta,2026-04-03,Gold
C01704,Renee,Nguyen,paulpatel@example.com,Brampton,Ontario,2021-09-28,Silver
C01705,Dustin,Williams,bryantdeanna@example.org,Toronto,Ontario,2022-02-23,Bronze
C01706,Evelyn,Morris,craigwilliams@example.net,Edmonton,Alberta,2024-04-12,Silver
C01707,Katie,Gonzales,ppatterson@example.net,Vancouver,British Columbia,2022-07-11,Bronze
C01708,John,Meyer,markwallace@example.org,Edmonton,Alberta,2024-12-14,Bronze
C01709,Christopher,Harris,christinekelly@example.com,Hamilton,Ontario,2024-05-14,Gold
C01710,Andrew,Garcia,debraharris@example.com,Edmonton,Alberta,2022-08-24,Bronze
C01711,Seth,Brennan,nathancontreras@example.net,Mississauga,Ontario,2024-09-23,Silver
C01712,Whitney,Fischer,slee@example.org,Calgary,Alberta,2025-10-02,Bronze
C01713,Cheryl,Mcmillan,wlopez@example.com,Ottawa,Ontario,2021-09-30,Silver
C01714,Brandon,Roberson,gabriel48@example.com,Hamilton,Ontario,2024-06-18,Silver
C01715,Joseph,Simmons,jeremiah94@example.org,Edmonton,Alberta,2022-01-23,Silver
C01716,Morgan,Buck,whitneywatts@example.net,Vancouver,British Columbia,2023-12-28,Bronze
C01717,Natalie,Smith,nicholemendoza@example.com,Edmonton,Alberta,2024-07-26,Bronze
C01718,Jessica,Jones,buckleyjermaine@example.com,Mississauga,Ontario,2023-05-03,Bronze
C01719,Richard,Stark,carlos74@example.net,Hamilton,Ontario,2025-04-06,Bronze
C01720,Grace,Rogers,crystalcline@example.net,Edmonton,Alberta,2025-04-24,Bronze
C01721,Stephanie,Scott,fhuerta@example.net,Calgary,Alberta,2026-06-23,Gold
C01722,Ashley,Leonard,timothy60@example.com,Calgary,Alberta,2021-12-07,Bronze
C01723,Diane,Nichols,wtorres@example.com,Toronto,Ontario,2026-06-18,Silver
C01724,Eric,Kelly,samanthawolfe@example.net,Ottawa,Ontario,2025-01-09,Silver
C01725,Beth,Smith,ncastro@example.net,Calgary,Alberta,2024-11-19,Bronze
C01726,Ashley,Hendricks,raven99@example.com,Mississauga,Ontario,2024-03-13,Gold
C01727,Tara,Johnson,jeffreyhughes@example.net,Toronto,Ontario,2023-02-12,Bronze
C01728,Kelly,Howard,eric01@example.net,Ottawa,Ontario,2026-02-10,Bronze
C01729,Jacqueline,Roberts,kcoleman@example.org,Edmonton,Alberta,2024-10-04,Bronze
C01730,Paul,Mcdonald,gwendolyn05@example.net,Vancouver,British Columbia,2023-06-08,Silver
C01731,James,Gilmore,lisagaines@example.org,Ottawa,Ontario,2024-05-25,Bronze
C01732,Ernest,Perkins,fholmes@example.net,Edmonton,Alberta,2025-09-25,Gold
C01733,Charles,Solomon,jordanalexander@example.net,Ottawa,Ontario,2022-04-26,Bronze
C01734,Stacey,Lopez,michele40@example.org,Ottawa,Ontario,2025-03-01,Silver
C01735,Tiffany,Garcia,bobbytran@example.com,Calgary,Alberta,2026-04-29,Bronze
C01736,Shawn,Carlson,sparks@example.com,Calgary,Alberta,2026-05-25,Bronze
C01737,Amanda,Davis,mgonzalez@example.net,Ottawa,Ontario,2021-08-31,Bronze
C01738,Cynthia,Berry,yadams@example.org,Mississauga,Ontario,2022-12-10,Bronze
C01739,Gerald,Johnson,victoriafigueroa@example.org,Ottawa,Ontario,2026-07-20,Bronze
C01740,Fernando,Jefferson,leepaul@example.com,Edmonton,Alberta,2022-08-24,Bronze
C01741,Amy,Harris,hannah94@example.com,Ottawa,Ontario,2024-08-16,Silver
C01742,Ashley,Johnson,wanda52@example.org,Ottawa,Ontario,2022-10-14,Bronze
C01743,Rachel,Mckinney,hthompson@example.org,Calgary,Alberta,2023-03-10,Silver
C01744,Christopher,Hardy,bakerdanny@example.org,Hamilton,Ontario,2023-05-26,Silver
C01745,Judy,Luna,jeffersonsherri@example.com,Toronto,Ontario,2022-01-19,Bronze
C01746,Michael,Salinas,fmueller@example.org,Ottawa,Ontario,2022-04-12,Bronze
C01747,Joshua,Stevenson,zgibson@example.com,Calgary,Alberta,2026-02-24,Silver
C01748,William,Garrison,taylor85@example.org,Hamilton,Ontario,2026-03-09,Bronze
C01749,Michelle,Harris,marilyn06@example.com,Hamilton,Ontario,2022-07-25,Bronze
C01750,Daniel,Collier,rodgersmichael@example.com,Toronto,Ontario,2022-08-17,Bronze
C01751,Emily,Kennedy,michael59@example.com,Brampton,Ontario,2022-03-07,Bronze
C01752,Christopher,Fry,amanda88@example.org,Vancouver,British Columbia,2025-08-14,Bronze
C01753,Sherry,Nguyen,samanthakeller@example.net,Calgary,Alberta,2022-09-18,Bronze
C01754,Leslie,Werner,barbara04@example.net,Hamilton,Ontario,2025-10-02,Silver
C01755,Paul,Richardson,aimeemoore@example.com,Brampton,Ontario,2026-05-22,Silver
C01756,Stephen,Perez,matthew78@example.com,Ottawa,Ontario,2026-06-11,Bronze
C01757,Lauren,Williams,serickson@example.org,Toronto,Ontario,2026-06-25,Silver
C01758,Michelle,Gray,vknight@example.net,Mississauga,Ontario,2022-03-21,Silver
C01759,Katie,Proctor,gregory26@example.net,Toronto,Ontario,2025-05-13,Silver
C01760,John,Watson,rjacobs@example.com,Vancouver,British Columbia,2023-12-19,Bronze
C01761,Mackenzie,Williams,qle@example.org,Toronto,Ontario,2022-10-29,Gold
C01762,Jeremy,Melendez,lynchkaren@example.org,Ottawa,Ontario,2026-07-05,Silver
C01763,Brian,Watson,rkramer@example.net,Toronto,Ontario,2024-12-27,Bronze
C01764,Frederick,Bennett,barrerasusan@example.net,Hamilton,Ontario,2024-02-02,Silver
C01765,Samuel,White,urichmond@example.org,Mississauga,Ontario,2023-07-26,Bronze
C01766,Amy,Gray,bcopeland@example.net,Ottawa,Ontario,2025-06-10,Bronze
C01767,Lawrence,Wolfe,danielle95@example.com,Ottawa,Ontario,2025-04-07,Bronze
C01768,Scott,White,edward47@example.com,Vancouver,British Columbia,2025-10-01,Silver
C01769,Kayla,Brown,charlespineda@example.com,Hamilton,Ontario,2024-09-14,Gold
C01770,Taylor,Cobb,lisastone@example.com,Edmonton,Alberta,2025-07-04,Bronze
C01771,Jonathan,Blankenship,imurray@example.com,Brampton,Ontario,2023-01-13,Bronze
C01772,Barbara,Phillips,marilyn32@example.org,Mississauga,Ontario,2024-06-05,Bronze
C01773,Anthony,Rodgers,daniel40@example.org,Brampton,Ontario,2021-11-18,Silver
C01774,Brenda,Murphy,zowen@example.net,Toronto,Ontario,2024-07-23,Gold
C01775,Heather,Young,rhondaevans@example.org,Mississauga,Ontario,2023-04-10,Bronze
C01776,Phillip,Morales,zfowler@example.org,Hamilton,Ontario,2024-02-26,Bronze
C01777,Jerome,Johnson,connie86@example.net,Mississauga,Ontario,2025-09-18,Silver
C01778,Cameron,Martin,sullivanryan@example.com,Calgary,Alberta,2021-11-09,Bronze
C01779,Dana,Wilson,jonhudson@example.org,Toronto,Ontario,2021-09-19,Bronze
C01780,Bryan,Harris,staceyfowler@example.net,Calgary,Alberta,2024-10-01,Bronze
C01781,Charles,Leonard,jerry60@example.com,Vancouver,British Columbia,2025-06-03,Bronze
C01782,Connor,Graham,tammy08@example.org,Calgary,Alberta,2022-04-07,Silver
C01783,Nicole,Ramirez,joshuastewart@example.net,Brampton,Ontario,2023-10-06,Gold
C01784,Kenneth,Johnson,mhubbard@example.org,Calgary,Alberta,2023-03-31,Bronze
C01785,Kimberly,Allen,ipace@example.org,Toronto,Ontario,2025-01-04,Silver
C01786,Kyle,Anderson,marygriffith@example.com,Edmonton,Alberta,2023-07-22,Bronze
C01787,Martin,Gutierrez,bcruz@example.net,Vancouver,British Columbia,2025-10-12,Silver
C01788,Cynthia,Bright,jessicafuller@example.com,Vancouver,British Columbia,2022-12-22,Silver
C01789,John,Green,evanskathleen@example.com,Mississauga,Ontario,2023-02-03,Silver
C01790,Catherine,Garcia,briansmith@example.com,Edmonton,Alberta,2023-10-25,Bronze
C01791,Michael,Wagner,smithglenn@example.org,Brampton,Ontario,2026-01-09,Bronze
C01792,Daniel,Krause,ryanwillis@example.com,Vancouver,British Columbia,2023-02-24,Silver
C01793,Kyle,Mayer,richardsonleslie@example.org,Ottawa,Ontario,2022-02-21,Bronze
C01794,Tyler,Beasley,julie56@example.net,Edmonton,Alberta,2023-12-06,Bronze
C01795,Tyler,White,valerieturner@example.com,Mississauga,Ontario,2024-05-30,Bronze
C01796,Debra,Moore,james56@example.net,Calgary,Alberta,2025-04-29,Bronze
C01797,Alex,Lopez,edwardsedward@example.org,Mississauga,Ontario,2023-08-01,Bronze
C01798,Jessica,Kerr,tracy79@example.net,Vancouver,British Columbia,2026-06-03,Bronze
C01799,Luis,Garza,scottporter@example.net,Vancouver,British Columbia,2022-12-30,Bronze
C01800,Elizabeth,Gillespie,wserrano@example.com,Brampton,Ontario,2022-08-30,Bronze
C01801,Barbara,Ortiz,elizabethkaufman@example.com,Vancouver,British Columbia,2026-05-05,Silver
C01802,Cindy,Miller,zoliver@example.net,Brampton,Ontario,2023-02-10,Bronze
C01803,Brittany,Green,michael98@example.com,Toronto,Ontario,2024-12-09,Bronze
C01804,Crystal,Esparza,dominiquekelly@example.com,Calgary,Alberta,2021-11-17,Bronze
C01805,Janet,Horn,christinaowens@example.com,Mississauga,Ontario,2022-06-18,Gold
C01806,Lisa,Collins,vprice@example.net,Mississauga,Ontario,2022-02-25,Bronze
C01807,Samantha,Jones,gibbscameron@example.com,Vancouver,British Columbia,2026-01-18,Bronze
C01808,Megan,Hopkins,beltranjacob@example.com,Toronto,Ontario,2022-04-21,Bronze
C01809,Rachel,Mercado,amyberry@example.com,Hamilton,Ontario,2021-09-24,Silver
C01810,Jesse,Horton,jill45@example.org,Vancouver,British Columbia,2025-02-07,Bronze
C01811,Brenda,Gilbert,nfrederick@example.org,Toronto,Ontario,2025-03-24,Bronze
C01812,David,Oconnor,zwest@example.org,Edmonton,Alberta,2023-03-07,Bronze
C01813,Lisa,Powell,danielle73@example.net,Calgary,Alberta,2026-05-20,Gold
C01814,Ronald,Stewart,zburton@example.net,Calgary,Alberta,2026-06-17,Bronze
C01815,Roger,Vaughn,mclaughlinchristopher@example.org,Vancouver,British Columbia,2024-07-28,Bronze
C01816,Corey,Moore,emily05@example.org,Toronto,Ontario,2024-07-05,Gold
C01817,Vincent,Williams,kathrynbrooks@example.com,Brampton,Ontario,2023-09-28,Bronze
C01818,Jennifer,Ibarra,stephanieperez@example.org,Toronto,Ontario,2023-11-07,Gold
C01819,Daniel,Anderson,bmoore@example.com,Calgary,Alberta,2024-03-10,Bronze
C01820,Gary,Pacheco,phillipstyler@example.com,Mississauga,Ontario,2023-11-18,Silver
C01821,Nicole,Gordon,allisonrickey@example.org,Hamilton,Ontario,2025-11-22,Silver
C01822,Donald,Wiggins,joneswesley@example.net,Mississauga,Ontario,2024-06-21,Bronze
C01823,Alisha,Miller,williamsheather@example.net,Mississauga,Ontario,2021-08-28,Bronze
C01824,Elizabeth,Gomez,danny49@example.com,Hamilton,Ontario,2023-10-04,Bronze
C01825,Jasmine,Wilkins,jessicaholden@example.com,Vancouver,British Columbia,2025-12-01,Bronze
C01826,Rachel,Lewis,stephenstone@example.com,Mississauga,Ontario,2021-09-12,Bronze
C01827,Adriana,Silva,hmitchell@example.net,Hamilton,Ontario,2024-08-15,Gold
C01828,Laura,Meyer,uowens@example.net,Hamilton,Ontario,2024-07-11,Bronze
C01829,Jack,Wyatt,mezarandall@example.org,Ottawa,Ontario,2026-03-07,Bronze
C01830,James,Cooper,peggy46@example.net,Mississauga,Ontario,2024-04-20,Bronze
C01831,Stephen,Morrow,kjenkins@example.net,Mississauga,Ontario,2024-10-12,Gold
C01832,Richard,Franklin,bennettwilliam@example.org,Ottawa,Ontario,2025-12-21,Bronze
C01833,Joseph,Thomas,efigueroa@example.com,Toronto,Ontario,2022-05-04,Gold
C01834,Patrick,Walls,justinowens@example.net,Hamilton,Ontario,2024-09-06,Bronze
C01835,Alyssa,Rice,amy04@example.com,Hamilton,Ontario,2026-05-17,Gold
C01836,Christopher,Burns,michaeldavis@example.com,Hamilton,Ontario,2024-04-26,Bronze
C01837,Daniel,Ortiz,oburton@example.net,Hamilton,Ontario,2024-02-15,Silver
C01838,Ryan,Bradley,ehowell@example.org,Ottawa,Ontario,2023-08-31,Bronze
C01839,Dana,Hernandez,barreracarlos@example.org,Brampton,Ontario,2021-08-04,Bronze
C01840,Tracy,King,jonathonevans@example.net,Mississauga,Ontario,2026-05-11,Silver
C01841,David,Perez,ojohnson@example.net,Brampton,Ontario,2023-01-26,Gold
C01842,Scott,Mitchell,kdoyle@example.org,Toronto,Ontario,2025-03-22,Bronze
C01843,Sabrina,Reed,wgarner@example.net,Calgary,Alberta,2025-11-28,Silver
C01844,Ronnie,Kelly,carlosavila@example.com,Hamilton,Ontario,2024-10-20,Silver
C01845,Melissa,Villa,yfitzpatrick@example.com,Brampton,Ontario,2025-06-22,Bronze
C01846,Kimberly,Russell,rmarks@example.com,Calgary,Alberta,2021-11-20,Silver
C01847,Tiffany,Jimenez,adamsemily@example.net,Brampton,Ontario,2022-02-06,Bronze
C01848,Melissa,Mcgrath,rebeccaadams@example.org,Hamilton,Ontario,2026-04-01,Bronze
C01849,Annette,Simmons,kristin44@example.com,Mississauga,Ontario,2024-06-24,Bronze
C01850,Eric,Miller,bethanyfitzgerald@example.net,Ottawa,Ontario,2023-11-12,Bronze
C01851,Nicholas,Cantu,angelajimenez@example.net,Brampton,Ontario,2023-08-30,Bronze
C01852,Jose,Lopez,tpage@example.org,Mississauga,Ontario,2024-09-30,Bronze
C01853,Rachael,Hernandez,qwilson@example.org,Brampton,Ontario,2024-10-19,Bronze
C01854,Kari,Ellis,xgarcia@example.org,Toronto,Ontario,2024-06-11,Bronze
C01855,Heather,Rios,wmiller@example.com,Ottawa,Ontario,2025-01-02,Silver
C01856,Ashley,Schultz,shafferkimberly@example.org,Ottawa,Ontario,2021-09-23,Silver
C01857,Zachary,Greene,cindyweaver@example.net,Calgary,Alberta,2026-01-22,Bronze
C01858,Curtis,Mayer,aallen@example.org,Brampton,Ontario,2024-01-09,Silver
C01859,Michelle,Clark,audrey08@example.net,Toronto,Ontario,2023-01-28,Silver
C01860,Kelly,Ballard,foxpamela@example.com,Vancouver,British Columbia,2025-05-20,Bronze
C01861,Robin,Evans,jennifer68@example.net,Toronto,Ontario,2026-03-05,Bronze
C01862,George,Villarreal,webercynthia@example.org,Edmonton,Alberta,2022-09-19,Silver
C01863,Steven,Palmer,david19@example.com,Brampton,Ontario,2022-10-17,Bronze
C01864,Meredith,Weaver,brendahart@example.net,Ottawa,Ontario,2022-01-12,Gold
C01865,Brenda,Murray,bsimpson@example.net,Hamilton,Ontario,2022-12-19,Bronze
C01866,Erika,Burgess,sherrybrandt@example.net,Ottawa,Ontario,2026-06-01,Bronze
C01867,Andrew,Morrow,webbbrittany@example.net,Toronto,Ontario,2025-04-15,Bronze
C01868,Laura,Simpson,andreagallegos@example.com,Brampton,Ontario,2026-05-08,Silver
C01869,Mallory,Adams,hannahrobbins@example.net,Edmonton,Alberta,2024-03-03,Bronze
C01870,Thomas,Fields,mccoyamy@example.org,Hamilton,Ontario,2022-04-02,Bronze
C01871,Stephen,Ortiz,mhooper@example.org,Brampton,Ontario,2021-08-22,Gold
C01872,Lawrence,Mclean,christophermeyer@example.net,Mississauga,Ontario,2026-05-08,Silver
C01873,Sandra,Forbes,alexandriavazquez@example.com,Hamilton,Ontario,2023-08-04,Silver
C01874,Jonathan,Roach,juliecook@example.net,Mississauga,Ontario,2025-11-26,Bronze
C01875,Jason,Duncan,matthew19@example.net,Brampton,Ontario,2023-05-05,Bronze
C01876,Angela,Warren,christopher36@example.com,Mississauga,Ontario,2023-06-11,Bronze
C01877,Dylan,Rich,dtran@example.org,Calgary,Alberta,2024-10-01,Bronze
C01878,Richard,Castaneda,grahamjennifer@example.org,Edmonton,Alberta,2023-01-04,Gold
C01879,Cristina,Middleton,ejackson@example.net,Toronto,Ontario,2021-08-05,Silver
C01880,Bryan,Ford,michelle75@example.org,Brampton,Ontario,2022-01-24,Bronze
C01881,Amanda,Petty,walterlynch@example.com,Toronto,Ontario,2022-02-02,Bronze
C01882,Daniel,Ballard,aaronbrown@example.net,Toronto,Ontario,2024-03-31,Bronze
C01883,Debbie,Hall,woodsmichael@example.net,Calgary,Alberta,2022-05-21,Silver
C01884,Sara,Ramirez,francisharris@example.org,Vancouver,British Columbia,2026-03-03,Bronze
C01885,Richard,Gamble,marcus40@example.net,Vancouver,British Columbia,2024-10-02,Silver
C01886,Linda,Lloyd,nathanbrooks@example.net,Calgary,Alberta,2023-06-21,Bronze
C01887,Melissa,Weber,catherine37@example.net,Edmonton,Alberta,2023-06-06,Silver
C01888,Lindsey,Hernandez,slee@example.net,Edmonton,Alberta,2022-06-04,Bronze
C01889,Denise,Shields,ortizgregory@example.org,Edmonton,Alberta,2022-10-31,Silver
C01890,Thomas,Choi,mccallamanda@example.org,Edmonton,Alberta,2023-06-28,Gold
C01891,Stacy,Crawford,brownalexander@example.com,Edmonton,Alberta,2025-01-04,Bronze
C01892,Stacey,Reynolds,zmorgan@example.net,Mississauga,Ontario,2024-10-18,Bronze
C01893,Brian,Vaughn,iestes@example.org,Mississauga,Ontario,2022-06-24,Bronze
C01894,Megan,Knight,justinlogan@example.org,Brampton,Ontario,2024-10-16,Bronze
C01895,Timothy,Pearson,jschneider@example.net,Ottawa,Ontario,2022-05-16,Bronze
C01896,Heather,Nelson,daniellelloyd@example.com,Toronto,Ontario,2024-02-20,Bronze
C01897,Anne,Barnes,tammy99@example.net,Toronto,Ontario,2026-01-27,Bronze
C01898,Mary,Rodriguez,zcook@example.net,Hamilton,Ontario,2025-05-16,Bronze
C01899,Olivia,Donaldson,zjackson@example.net,Toronto,Ontario,2026-07-01,Bronze
C01900,David,Garcia,jenniferstanley@example.com,Ottawa,Ontario,2024-07-09,Gold
C01901,Denise,Rodriguez,mendezgary@example.com,Hamilton,Ontario,2026-06-22,Gold
C01902,Paul,Joseph,allencourtney@example.org,Edmonton,Alberta,2024-05-23,Bronze
C01903,Ellen,Guzman,jeremyshannon@example.org,Edmonton,Alberta,2025-06-16,Silver
C01904,Rhonda,Ayers,lisareynolds@example.org,Calgary,Alberta,2021-12-10,Bronze
C01905,Michael,Nelson,jamesgraham@example.org,Toronto,Ontario,2026-02-06,Bronze
C01906,Marie,Young,stephenspatrick@example.org,Edmonton,Alberta,2025-06-13,Silver
C01907,Donald,Fry,jperez@example.com,Edmonton,Alberta,2023-02-05,Silver
C01908,Joseph,Fowler,schwartzemily@example.com,Calgary,Alberta,2021-11-28,Gold
C01909,Sarah,Maynard,middletondennis@example.com,Edmonton,Alberta,2026-06-29,Silver
C01910,Christian,Mack,rmatthews@example.com,Vancouver,British Columbia,2022-11-22,Bronze
C01911,Joseph,Garcia,peggyhutchinson@example.org,Brampton,Ontario,2024-04-09,Bronze
C01912,Laura,Carpenter,bhorne@example.com,Toronto,Ontario,2023-09-01,Silver
C01913,Donna,Gonzalez,lesliecruz@example.com,Calgary,Alberta,2021-09-27,Silver
C01914,Tommy,Chandler,tmeyer@example.org,Toronto,Ontario,2024-05-11,Silver
C01915,Cody,Davis,mosesrhonda@example.org,Calgary,Alberta,2026-02-16,Bronze
C01916,Clayton,Miller,janderson@example.net,Ottawa,Ontario,2021-08-05,Silver
C01917,Heather,Hill,kathleen01@example.net,Edmonton,Alberta,2026-07-21,Silver
C01918,Jennifer,Wong,ntodd@example.com,Edmonton,Alberta,2025-05-31,Gold
C01919,Monica,Crawford,donaldmarquez@example.com,Calgary,Alberta,2024-08-11,Silver
C01920,Dominique,Love,kevin65@example.org,Edmonton,Alberta,2022-03-17,Bronze
C01921,Richard,Stewart,brittanyramirez@example.com,Toronto,Ontario,2022-04-21,Gold
C01922,Larry,Holmes,schmidtchristine@example.com,Vancouver,British Columbia,2023-03-26,Silver
C01923,Scott,Ramos,tfigueroa@example.org,Edmonton,Alberta,2022-10-22,Bronze
C01924,Jill,Ewing,ldixon@example.org,Ottawa,Ontario,2026-04-27,Silver
C01925,Charles,Roberson,wendy03@example.net,Edmonton,Alberta,2022-01-29,Bronze
C01926,Aaron,Alvarado,cmaldonado@example.com,Vancouver,British Columbia,2026-03-11,Silver
C01927,Sean,Decker,james84@example.net,Mississauga,Ontario,2022-11-18,Bronze
C01928,Rachael,Castro,laurieking@example.com,Mississauga,Ontario,2023-02-05,Bronze
C01929,Destiny,Flores,vjones@example.net,Edmonton,Alberta,2023-08-30,Bronze
C01930,James,James,jason17@example.net,Edmonton,Alberta,2023-04-01,Bronze
C01931,Richard,Thomas,danielle91@example.org,Hamilton,Ontario,2021-08-22,Bronze
C01932,Jenna,Johnson,mwallace@example.net,Ottawa,Ontario,2023-02-20,Bronze
C01933,Deanna,Daniels,daviscasey@example.net,Mississauga,Ontario,2022-06-12,Bronze
C01934,Michael,Hughes,jonathanthomas@example.com,Calgary,Alberta,2022-11-19,Bronze
C01935,Kenneth,Carlson,joneschad@example.com,Vancouver,British Columbia,2025-08-08,Silver
C01936,Daniel,Smith,paulachandler@example.com,Mississauga,Ontario,2025-08-10,Gold
C01937,Emily,Rodriguez,stephaniehernandez@example.com,Mississauga,Ontario,2022-12-11,Bronze
C01938,Mark,Gutierrez,joshua74@example.org,Edmonton,Alberta,2026-07-19,Bronze
C01939,Thomas,Hardy,sandra14@example.com,Hamilton,Ontario,2025-03-19,Gold
C01940,Kathryn,Garcia,monica32@example.com,Edmonton,Alberta,2025-09-23,Silver
C01941,Andrew,Holloway,daniellejohnson@example.com,Brampton,Ontario,2022-07-10,Bronze
C01942,John,Ortiz,aaron18@example.com,Hamilton,Ontario,2025-10-07,Silver
C01943,Monica,Alvarez,scarter@example.com,Mississauga,Ontario,2025-03-19,Silver
C01944,Laurie,Mason,xadams@example.org,Calgary,Alberta,2022-06-24,Silver
C01945,Dustin,Jackson,harperlisa@example.net,Brampton,Ontario,2024-08-11,Bronze
C01946,Rebecca,Goodwin,wellsdebbie@example.com,Vancouver,British Columbia,2022-02-03,Bronze
C01947,Morgan,Cook,afarrell@example.com,Toronto,Ontario,2025-11-10,Bronze
C01948,Susan,King,ecolon@example.net,Vancouver,British Columbia,2026-04-30,Bronze
C01949,Sandra,Christensen,michellenunez@example.net,Calgary,Alberta,2022-02-24,Silver
C01950,Sarah,Watkins,watsonjuan@example.org,Edmonton,Alberta,2022-10-01,Silver
C01951,James,Booker,samantha76@example.com,Hamilton,Ontario,2021-10-18,Bronze
C01952,Matthew,Ballard,coxrhonda@example.net,Hamilton,Ontario,2023-06-01,Bronze
C01953,Michael,Harris,johnsonlisa@example.com,Vancouver,British Columbia,2023-11-29,Silver
C01954,Jeremy,Little,pyoung@example.com,Hamilton,Ontario,2024-03-09,Bronze
C01955,Debra,Crosby,bryanwilliams@example.com,Toronto,Ontario,2025-10-25,Bronze
C01956,Shelly,Figueroa,allen11@example.com,Hamilton,Ontario,2023-09-07,Silver
C01957,Jennifer,Butler,anthonymorrison@example.org,Brampton,Ontario,2022-10-10,Bronze
C01958,Tyrone,Torres,francis42@example.org,Hamilton,Ontario,2021-10-12,Bronze
C01959,Andrew,Caldwell,johnsonjonathan@example.net,Toronto,Ontario,2023-10-03,Bronze
C01960,Kristen,Farmer,gregory06@example.net,Hamilton,Ontario,2022-04-01,Silver
C01961,Daryl,Parsons,csandoval@example.com,Toronto,Ontario,2024-07-16,Bronze
C01962,Anthony,Price,christopher41@example.org,Ottawa,Ontario,2022-01-13,Bronze
C01963,Loretta,Nichols,mark03@example.com,Calgary,Alberta,2023-01-12,Silver
C01964,Joshua,Yu,jonathandavis@example.org,Ottawa,Ontario,2022-02-01,Gold
C01965,Karen,Webb,webbsharon@example.org,Calgary,Alberta,2023-02-04,Bronze
C01966,Ronald,Cooper,woodsharon@example.org,Toronto,Ontario,2023-04-07,Bronze
C01967,Jennifer,Mosley,michelleobrien@example.net,Ottawa,Ontario,2021-11-30,Bronze
C01968,Lauren,Marks,amberrivera@example.net,Edmonton,Alberta,2022-01-19,Silver
C01969,Angela,Johnson,james29@example.com,Brampton,Ontario,2022-02-14,Silver
C01970,Chase,Moore,bobby04@example.net,Ottawa,Ontario,2025-04-24,Bronze
C01971,Carmen,Smith,campbellkimberly@example.org,Hamilton,Ontario,2023-10-02,Bronze
C01972,Maria,Perez,joshuajones@example.net,Brampton,Ontario,2021-08-29,Silver
C01973,David,Brown,christopher16@example.com,Vancouver,British Columbia,2023-07-06,Bronze
C01974,Amy,Porter,larryjones@example.net,Vancouver,British Columbia,2024-01-03,Bronze
C01975,Elizabeth,Moore,poperobert@example.net,Calgary,Alberta,2023-11-19,Silver
C01976,Victor,Harmon,whiteaudrey@example.org,Ottawa,Ontario,2024-06-22,Bronze
C01977,Todd,Williams,jessefisher@example.org,Hamilton,Ontario,2025-11-21,Silver
C01978,Christopher,Shannon,annegill@example.org,Brampton,Ontario,2024-11-01,Silver
C01979,Richard,Ross,ronald92@example.com,Hamilton,Ontario,2022-07-18,Bronze
C01980,Michelle,Rojas,adonovan@example.org,Brampton,Ontario,2023-04-17,Bronze
C01981,Michael,Massey,jameshensley@example.org,Ottawa,Ontario,2022-07-24,Silver
C01982,Alejandro,Daniel,salinasmark@example.com,Hamilton,Ontario,2021-12-02,Gold
C01983,Jon,Mcintosh,emartin@example.org,Hamilton,Ontario,2025-01-29,Bronze
C01984,Casey,Wyatt,ashleybrowning@example.org,Vancouver,British Columbia,2025-08-09,Silver
C01985,Jared,Evans,vaughanamy@example.com,Toronto,Ontario,2022-09-12,Silver
C01986,Rose,Richards,angelica26@example.org,Edmonton,Alberta,2023-04-25,Bronze
C01987,Juan,Pierce,debbiemassey@example.com,Mississauga,Ontario,2024-06-29,Bronze
C01988,Christopher,Dawson,fordbarbara@example.net,Vancouver,British Columbia,2025-07-12,Bronze
C01989,Brittany,Gonzalez,matthewcervantes@example.com,Mississauga,Ontario,2026-05-07,Bronze
C01990,Jennifer,Simpson,egonzalez@example.com,Mississauga,Ontario,2023-05-03,Silver
C01991,Stacy,Moran,graveskatherine@example.net,Hamilton,Ontario,2021-12-29,Bronze
C01992,Cody,Jackson,kenneth60@example.com,Edmonton,Alberta,2025-01-21,Bronze
C01993,Mandy,Carter,diana00@example.org,Ottawa,Ontario,2023-03-14,Bronze
C01994,Russell,Mckinney,edwardmartinez@example.net,Ottawa,Ontario,2025-10-19,Gold
C01995,Stephanie,Davenport,mmarshall@example.com,Toronto,Ontario,2024-12-04,Bronze
C01996,Victor,Henry,holly29@example.org,Vancouver,British Columbia,2022-12-28,Silver
C01997,Michael,Chan,reidronald@example.org,Mississauga,Ontario,2023-06-20,Gold
C01998,Amy,Patton,anagillespie@example.org,Edmonton,Alberta,2025-09-09,Bronze
C01999,Aaron,Walker,wbauer@example.org,Toronto,Ontario,2024-09-30,Bronze
C02000,Rebecca,Navarro,nelsonbrittany@example.com,Brampton,Ontario,2021-10-12,Silver
C02001,Samantha,Mullins,blackburnmelissa@example.com,Brampton,Ontario,2023-11-03,Gold
C02002,Cheryl,Johnston,brandonpeterson@example.org,Toronto,Ontario,2022-06-09,Bronze
C02003,Robert,Thornton,alexisperry@example.net,Mississauga,Ontario,2024-04-20,Bronze
C02004,Jesse,Griffin,cummingsbailey@example.org,Ottawa,Ontario,2021-11-09,Gold
C02005,Emily,Sanford,smithkaren@example.net,Edmonton,Alberta,2022-02-05,Bronze
C02006,Colleen,Shaw,andradechristine@example.org,Mississauga,Ontario,2024-05-08,Bronze
C02007,Ashley,Harris,danapowell@example.net,Vancouver,British Columbia,2025-08-05,Bronze
C02008,Maria,Hudson,bellchristine@example.com,Edmonton,Alberta,2022-11-17,Bronze
C02009,Seth,Reid,gabriel99@example.com,Ottawa,Ontario,2024-11-06,Bronze
C02010,James,Choi,daltonharvey@example.org,Hamilton,Ontario,2024-11-19,Bronze
C02011,Douglas,Johnson,christopherblankenship@example.net,Mississauga,Ontario,2025-05-27,Bronze
C02012,Joseph,Garcia,paula52@example.com,Toronto,Ontario,2025-04-13,Bronze
C02013,David,Gonzales,phillipskevin@example.net,Ottawa,Ontario,2026-04-13,Silver
C02014,Vanessa,Harris,michaelalexander@example.org,Toronto,Ontario,2023-03-08,Bronze
C02015,Katie,Mahoney,lance06@example.net,Calgary,Alberta,2026-01-15,Silver
C02016,Richard,Cline,juanbaker@example.com,Toronto,Ontario,2024-10-14,Bronze
C02017,Don,Edwards,kathryn85@example.net,Toronto,Ontario,2023-07-16,Bronze
C02018,Jodi,Ellis,michele70@example.com,Edmonton,Alberta,2021-09-05,Silver
C02019,Hannah,Mendoza,jeremy97@example.net,Vancouver,British Columbia,2024-12-29,Gold
C02020,Shane,Williams,anne22@example.net,Vancouver,British Columbia,2025-07-24,Bronze
C02021,Rachel,Rivers,jenniferflores@example.org,Ottawa,Ontario,2023-02-18,Bronze
C02022,John,Mitchell,lawrencefowler@example.org,Calgary,Alberta,2022-10-19,Silver
C02023,Dominic,Lamb,eoneal@example.com,Calgary,Alberta,2022-03-28,Silver
C02024,Tiffany,Sanchez,mitchell80@example.net,Edmonton,Alberta,2026-07-06,Bronze
C02025,Steven,Long,sanderstracy@example.org,Calgary,Alberta,2024-04-22,Bronze
C02026,Ann,Anderson,sgoodwin@example.org,Vancouver,British Columbia,2025-07-29,Bronze
C02027,James,Brock,brendaboyle@example.net,Edmonton,Alberta,2022-10-13,Bronze
C02028,Veronica,Johnson,iwilliams@example.com,Calgary,Alberta,2025-03-22,Bronze
C02029,Brandon,George,millerseth@example.com,Toronto,Ontario,2025-12-29,Silver
C02030,Christine,Perry,heatherdaniels@example.net,Calgary,Alberta,2021-12-25,Silver
C02031,Daniel,Johnson,chendouglas@example.net,Mississauga,Ontario,2024-05-05,Bronze
C02032,Kathleen,Williams,christopher64@example.com,Mississauga,Ontario,2022-06-01,Bronze
C02033,Aaron,Holmes,kaylee25@example.net,Hamilton,Ontario,2023-11-28,Bronze
C02034,Cheyenne,Hayes,greenstephanie@example.com,Vancouver,British Columbia,2026-03-29,Bronze
C02035,Christina,Griffin,daniel12@example.org,Calgary,Alberta,2023-03-05,Bronze
C02036,Joel,Brewer,ifrost@example.com,Edmonton,Alberta,2026-02-15,Bronze
C02037,Frank,Hines,ewalton@example.net,Mississauga,Ontario,2022-08-22,Silver
C02038,Abigail,Smith,pauldorsey@example.org,Brampton,Ontario,2022-09-16,Gold
C02039,Gary,Jennings,zjohnson@example.org,Edmonton,Alberta,2025-12-10,Silver
C02040,Jessica,Martinez,schaeferaustin@example.org,Mississauga,Ontario,2024-04-11,Silver
C02041,Alan,Green,qsanders@example.org,Toronto,Ontario,2024-07-02,Bronze
C02042,Margaret,Mcconnell,matthewsmith@example.net,Vancouver,British Columbia,2023-02-19,Bronze
C02043,Jacqueline,Snyder,ramirezlori@example.com,Edmonton,Alberta,2025-11-02,Bronze
C02044,Brandon,Williams,latoya14@example.com,Hamilton,Ontario,2024-06-05,Silver
C02045,Logan,Ortiz,kathleen85@example.net,Toronto,Ontario,2021-09-10,Bronze
C02046,Daniel,Owens,sean25@example.com,Vancouver,British Columbia,2026-06-30,Bronze
C02047,Eric,Mendoza,parksjoshua@example.net,Mississauga,Ontario,2025-10-17,Gold
C02048,Amanda,Booth,gchurch@example.com,Mississauga,Ontario,2021-11-26,Silver
C02049,Matthew,Smith,joneskara@example.org,Ottawa,Ontario,2026-05-20,Gold
C02050,Clarence,Cruz,katrinatran@example.net,Edmonton,Alberta,2023-10-05,Bronze
C02051,Jacqueline,Salazar,victoriamoran@example.com,Mississauga,Ontario,2025-05-05,Bronze
C02052,Ann,Carter,harperkyle@example.org,Mississauga,Ontario,2021-10-17,Bronze
C02053,Kenneth,Travis,suttonamanda@example.org,Ottawa,Ontario,2024-06-21,Bronze
C02054,William,Watson,richardhamilton@example.com,Brampton,Ontario,2022-08-10,Bronze
C02055,Eric,Santiago,rodneythompson@example.org,Ottawa,Ontario,2024-08-24,Bronze
C02056,Jonathan,Navarro,lisablackburn@example.net,Brampton,Ontario,2025-09-18,Silver
C02057,Jeremiah,Sharp,mckeecheryl@example.net,Ottawa,Ontario,2021-11-11,Bronze
C02058,Jackson,Morris,pennyedwards@example.net,Hamilton,Ontario,2023-08-28,Bronze
C02059,Christopher,Nelson,katherineschroeder@example.com,Hamilton,Ontario,2025-05-17,Silver
C02060,Tammy,Lopez,owalters@example.net,Edmonton,Alberta,2023-01-18,Bronze
C02061,Anthony,Boyer,tmeyer@example.com,Mississauga,Ontario,2021-10-11,Bronze
C02062,Anthony,Davis,jrobertson@example.net,Edmonton,Alberta,2023-09-24,Bronze
C02063,Jason,Martin,elizabethmunoz@example.org,Vancouver,British Columbia,2022-11-28,Bronze
C02064,Allison,Gutierrez,gallegosrobert@example.org,Calgary,Alberta,2023-11-19,Bronze
C02065,Sean,Bush,holly49@example.org,Edmonton,Alberta,2022-08-12,Gold
C02066,Melissa,Dawson,hhall@example.org,Calgary,Alberta,2025-03-07,Silver
C02067,Jasmine,Perry,alee@example.org,Brampton,Ontario,2026-03-16,Silver
C02068,Johnathan,Martinez,hensonjoel@example.com,Hamilton,Ontario,2023-02-20,Gold
C02069,Andrew,Rodriguez,nberg@example.net,Mississauga,Ontario,2024-12-02,Silver
C02070,William,Levy,triciacooper@example.net,Hamilton,Ontario,2022-05-20,Silver
C02071,Ashley,Bauer,edward92@example.org,Calgary,Alberta,2026-04-29,Bronze
C02072,Maurice,Bryan,randallveronica@example.net,Toronto,Ontario,2026-01-31,Silver
C02073,Kathleen,Odom,enunez@example.org,Toronto,Ontario,2026-02-27,Bronze
C02074,Erica,Nelson,swarner@example.com,Hamilton,Ontario,2024-10-19,Bronze
C02075,Lori,Garcia,blackwellnicole@example.net,Vancouver,British Columbia,2024-10-14,Silver
C02076,Amy,Watson,jasmine06@example.net,Toronto,Ontario,2021-11-24,Bronze
C02077,Michele,Andrews,cindy03@example.com,Vancouver,British Columbia,2022-12-27,Gold
C02078,Jason,Allen,christopher37@example.org,Ottawa,Ontario,2021-08-24,Bronze
C02079,Tanner,Sanchez,steven84@example.com,Calgary,Alberta,2022-03-08,Bronze
C02080,Molly,Gray,stephanie96@example.net,Ottawa,Ontario,2025-11-20,Silver
C02081,Ruben,Riddle,tannermeyer@example.org,Brampton,Ontario,2021-11-22,Silver
C02082,Bradley,Bennett,mfarmer@example.org,Hamilton,Ontario,2025-09-26,Bronze
C02083,William,Herring,lisaking@example.org,Edmonton,Alberta,2023-06-21,Bronze
C02084,Eugene,Jones,seansanchez@example.org,Toronto,Ontario,2025-04-06,Silver
C02085,Michael,Bailey,harperlouis@example.net,Ottawa,Ontario,2023-01-08,Silver
C02086,Elizabeth,Gallegos,lindacantu@example.com,Ottawa,Ontario,2024-03-12,Bronze
C02087,Samuel,Ryan,kristin86@example.org,Brampton,Ontario,2025-11-15,Gold
C02088,Carl,Ellis,poncescott@example.net,Calgary,Alberta,2024-02-03,Bronze
C02089,Amber,Davis,robert72@example.org,Ottawa,Ontario,2023-02-02,Bronze
C02090,Veronica,Leon,ntaylor@example.com,Hamilton,Ontario,2025-09-13,Silver
C02091,Jared,Ford,kevinmunoz@example.net,Ottawa,Ontario,2022-07-22,Silver
C02092,Cynthia,Gonzales,tamararodriguez@example.net,Edmonton,Alberta,2024-12-13,Gold
C02093,Joseph,Garner,wjackson@example.com,Toronto,Ontario,2022-10-17,Silver
C02094,Caitlin,Clay,martinezchad@example.net,Brampton,Ontario,2022-03-20,Gold
C02095,Robert,Moore,wallsjacqueline@example.org,Vancouver,British Columbia,2022-11-24,Bronze
C02096,Angela,Schneider,nelsonamanda@example.org,Calgary,Alberta,2026-01-27,Bronze
C02097,Ronnie,Walker,angelward@example.org,Calgary,Alberta,2023-12-11,Bronze
C02098,John,Garcia,bweber@example.com,Vancouver,British Columbia,2022-07-24,Bronze
C02099,Lisa,Pruitt,millerchelsea@example.org,Vancouver,British Columbia,2021-12-31,Bronze
C02100,Bryan,Miller,karicox@example.com,Calgary,Alberta,2024-10-11,Silver
C02101,James,Reynolds,chungpaul@example.org,Brampton,Ontario,2023-01-21,Bronze
C02102,Angelica,Simmons,andrew71@example.com,Brampton,Ontario,2025-09-26,Silver
C02103,Jimmy,Richardson,hinesjoseph@example.net,Calgary,Alberta,2023-11-21,Bronze
C02104,Sherry,Callahan,tgonzalez@example.org,Mississauga,Ontario,2022-01-14,Bronze
C02105,Megan,Bailey,eerickson@example.net,Edmonton,Alberta,2021-11-09,Bronze
C02106,Toni,Byrd,batessharon@example.com,Hamilton,Ontario,2024-01-14,Silver
C02107,Jessica,Robertson,jake31@example.net,Brampton,Ontario,2026-06-13,Bronze
C02108,Carrie,Lester,anita70@example.org,Edmonton,Alberta,2025-02-02,Silver
C02109,Brandon,Martin,benjamincannon@example.com,Edmonton,Alberta,2023-12-05,Bronze
C02110,Ian,Owens,alvarezjohn@example.org,Hamilton,Ontario,2023-03-15,Silver
C02111,Amanda,Wallace,brianbailey@example.net,Vancouver,British Columbia,2024-04-30,Bronze
C02112,Kristen,Villa,allensteven@example.org,Vancouver,British Columbia,2021-09-06,Bronze
C02113,Michael,Williams,hpeterson@example.com,Ottawa,Ontario,2022-08-26,Silver
C02114,Steven,Scott,hancockrussell@example.com,Hamilton,Ontario,2026-05-22,Bronze
C02115,Rachel,Greene,david34@example.com,Calgary,Alberta,2022-03-21,Silver
C02116,Michael,Valentine,swagner@example.org,Vancouver,British Columbia,2025-07-30,Bronze
C02117,Daniel,Jimenez,marthadorsey@example.net,Ottawa,Ontario,2026-05-20,Bronze
C02118,Victoria,Taylor,makaylawoods@example.com,Toronto,Ontario,2023-04-26,Bronze
C02119,Amanda,Smith,katrina30@example.org,Hamilton,Ontario,2021-10-22,Silver
C02120,Joseph,Casey,johnnyrobles@example.com,Vancouver,British Columbia,2024-09-17,Bronze
C02121,Bruce,Bell,gregory90@example.net,Ottawa,Ontario,2021-09-27,Bronze
C02122,Darryl,Gross,esherman@example.net,Vancouver,British Columbia,2025-01-19,Bronze
C02123,Dana,Bell,hford@example.com,Brampton,Ontario,2023-10-27,Silver
C02124,Janet,Dunn,molly72@example.org,Ottawa,Ontario,2023-03-28,Silver
C02125,Cynthia,Graham,zjacobs@example.com,Hamilton,Ontario,2025-02-28,Bronze
C02126,Jonathan,Gonzalez,scottwhitney@example.com,Ottawa,Ontario,2024-08-26,Gold
C02127,Anthony,Perry,gina81@example.org,Vancouver,British Columbia,2024-05-25,Silver
C02128,Taylor,Jones,jon77@example.com,Hamilton,Ontario,2023-04-01,Bronze
C02129,Ashley,Schultz,jaimecarter@example.com,Toronto,Ontario,2021-11-18,Silver
C02130,Mary,Jones,njones@example.com,Toronto,Ontario,2025-12-09,Silver
C02131,Robert,Bishop,brad74@example.org,Mississauga,Ontario,2023-02-14,Bronze
C02132,Alicia,Moore,davidgeorge@example.com,Hamilton,Ontario,2023-08-28,Silver
C02133,Susan,Conrad,shafferdebra@example.com,Toronto,Ontario,2022-11-15,Bronze
C02134,Eric,Mcgrath,beverly44@example.com,Vancouver,British Columbia,2025-02-18,Silver
C02135,Rebecca,Hall,erin88@example.org,Brampton,Ontario,2023-11-14,Silver
C02136,James,White,paulbradley@example.com,Vancouver,British Columbia,2024-02-15,Bronze
C02137,Brandon,Robinson,dmitchell@example.net,Mississauga,Ontario,2021-08-30,Bronze
C02138,Jonathan,Ruiz,jody11@example.net,Edmonton,Alberta,2023-10-25,Bronze
C02139,Shelby,Summers,timothy91@example.net,Ottawa,Ontario,2024-08-03,Silver
C02140,Richard,Johnson,bwalker@example.org,Hamilton,Ontario,2025-03-25,Silver
C02141,Susan,Faulkner,diazjohn@example.org,Mississauga,Ontario,2021-12-17,Bronze
C02142,Michele,Grant,thomasdanielle@example.org,Calgary,Alberta,2021-09-25,Silver
C02143,Corey,Abbott,alexandermarie@example.com,Edmonton,Alberta,2024-02-28,Bronze
C02144,Amanda,Wallace,foxkelsey@example.org,Mississauga,Ontario,2025-04-10,Bronze
C02145,Joseph,Wiggins,wstone@example.com,Brampton,Ontario,2024-02-22,Bronze
C02146,Karen,Woods,hannah02@example.com,Calgary,Alberta,2025-10-04,Bronze
C02147,Leslie,Gomez,nathaniellucero@example.net,Brampton,Ontario,2025-08-21,Silver
C02148,Christina,Ramsey,debragrant@example.com,Mississauga,Ontario,2024-12-11,Silver
C02149,Jacob,Evans,estradatimothy@example.org,Edmonton,Alberta,2024-06-04,Silver
C02150,Morgan,Garcia,shannonpaul@example.org,Vancouver,British Columbia,2026-02-20,Bronze
C02151,Nathan,Miller,yreed@example.net,Hamilton,Ontario,2025-04-12,Silver
C02152,Melanie,Parker,jeremy43@example.net,Calgary,Alberta,2023-02-21,Bronze
C02153,Micheal,Miller,anthony41@example.org,Brampton,Ontario,2025-03-14,Silver
C02154,John,Larson,dwalls@example.com,Toronto,Ontario,2024-12-07,Bronze
C02155,Stephen,Rodriguez,richard21@example.net,Vancouver,British Columbia,2024-06-18,Bronze
C02156,Jessica,Smith,francesfuller@example.com,Edmonton,Alberta,2024-06-21,Gold
C02157,Richard,Wang,manningdanielle@example.org,Calgary,Alberta,2025-05-16,Gold
C02158,Roy,Williams,peterrivas@example.com,Edmonton,Alberta,2022-07-08,Gold
C02159,Darryl,Ramirez,james74@example.net,Hamilton,Ontario,2023-06-13,Silver
C02160,Barbara,Christensen,lisachandler@example.com,Hamilton,Ontario,2025-11-11,Silver
C02161,Maria,Richardson,steven46@example.org,Calgary,Alberta,2025-11-08,Silver
C02162,Sarah,Ibarra,michael07@example.net,Hamilton,Ontario,2021-08-18,Silver
C02163,Vanessa,Hayes,wreed@example.net,Hamilton,Ontario,2025-04-03,Silver
C02164,Tracie,Gordon,corey05@example.net,Brampton,Ontario,2025-10-17,Silver
C02165,Amanda,Ray,laurentaylor@example.com,Edmonton,Alberta,2024-11-08,Bronze
C02166,Ryan,Taylor,paulbrooks@example.org,Hamilton,Ontario,2021-12-11,Bronze
C02167,Deborah,Watson,arhodes@example.org,Edmonton,Alberta,2025-07-22,Bronze
C02168,Elizabeth,Francis,johnsmith@example.com,Calgary,Alberta,2024-12-13,Bronze
C02169,Jordan,Watson,kellymiller@example.net,Hamilton,Ontario,2025-12-21,Bronze
C02170,David,Rodriguez,mitchelldavis@example.com,Brampton,Ontario,2024-04-04,Silver
C02171,Samantha,Henry,rachelday@example.org,Toronto,Ontario,2025-05-04,Bronze
C02172,Wendy,Brewer,sweeneykevin@example.net,Vancouver,British Columbia,2022-02-16,Bronze
C02173,Randy,Brown,bcardenas@example.com,Brampton,Ontario,2026-01-30,Bronze
C02174,Cynthia,White,wharris@example.net,Edmonton,Alberta,2026-04-19,Silver
C02175,Brett,White,tim47@example.net,Mississauga,Ontario,2024-01-19,Bronze
C02176,Jerome,Wallace,cynthia40@example.net,Edmonton,Alberta,2023-05-28,Bronze
C02177,Caitlin,Mendez,rfarrell@example.net,Brampton,Ontario,2021-11-22,Bronze
C02178,Chad,Dunlap,nlopez@example.com,Edmonton,Alberta,2024-09-18,Bronze
C02179,Derrick,Cabrera,qarmstrong@example.net,Calgary,Alberta,2024-07-09,Bronze
C02180,Bonnie,Romero,thomasbrandy@example.org,Edmonton,Alberta,2024-04-28,Gold
C02181,Victoria,Hodges,gallowaybrandon@example.net,Hamilton,Ontario,2021-08-07,Bronze
C02182,Michael,Walker,sarahnguyen@example.org,Ottawa,Ontario,2021-12-09,Bronze
C02183,Jamie,Roberts,woodalexis@example.net,Edmonton,Alberta,2025-03-21,Gold
C02184,Tasha,Miranda,janet29@example.com,Calgary,Alberta,2023-09-24,Silver
C02185,Kimberly,Hernandez,ericpeterson@example.net,Ottawa,Ontario,2025-09-01,Bronze
C02186,Felicia,Kim,kayla99@example.net,Calgary,Alberta,2022-02-06,Bronze
C02187,Michael,Williams,williamsgregory@example.org,Brampton,Ontario,2025-12-13,Bronze
C02188,Ariel,Randall,robert85@example.com,Calgary,Alberta,2025-09-27,Bronze
C02189,Melissa,Flores,sanderskathryn@example.com,Hamilton,Ontario,2022-10-29,Silver
C02190,Christina,Perez,pamelamurray@example.net,Mississauga,Ontario,2026-02-18,Bronze
C02191,Amanda,Carrillo,lmoyer@example.org,Toronto,Ontario,2025-01-16,Silver
C02192,Scott,Baker,carterdenise@example.net,Mississauga,Ontario,2023-10-03,Bronze
C02193,Hector,Walker,aprice@example.net,Vancouver,British Columbia,2022-08-31,Bronze
C02194,Matthew,Hendrix,jennifersmith@example.org,Brampton,Ontario,2025-11-25,Silver
C02195,Andrew,Fernandez,william79@example.com,Ottawa,Ontario,2024-09-15,Silver
C02196,Zachary,Guzman,milesnicholas@example.org,Calgary,Alberta,2026-07-24,Gold
C02197,Jacqueline,Duffy,uerickson@example.com,Mississauga,Ontario,2022-11-04,Bronze
C02198,Samuel,Ward,clarkmichelle@example.com,Brampton,Ontario,2025-01-29,Bronze
C02199,Michelle,Ford,david66@example.net,Calgary,Alberta,2022-06-06,Bronze
C02200,Kelly,Montes,jedwards@example.org,Hamilton,Ontario,2025-10-26,Silver
C02201,Sara,Sanchez,anne37@example.com,Toronto,Ontario,2022-06-29,Bronze
C02202,Barbara,Conway,barryadrienne@example.org,Ottawa,Ontario,2025-05-21,Bronze
C02203,Travis,Haynes,turnerjoshua@example.net,Hamilton,Ontario,2021-11-30,Bronze
C02204,Joseph,Sanchez,greenmatthew@example.org,Toronto,Ontario,2025-11-26,Bronze
C02205,Timothy,Reed,timothydavidson@example.net,Ottawa,Ontario,2025-01-02,Bronze
C02206,Morgan,Wright,tgutierrez@example.net,Ottawa,Ontario,2023-04-14,Bronze
C02207,Wendy,Morales,rmolina@example.com,Mississauga,Ontario,2024-02-01,Bronze
C02208,Steven,Anderson,martinamy@example.net,Edmonton,Alberta,2023-10-24,Bronze
C02209,Patrick,Bennett,qlawson@example.org,Edmonton,Alberta,2024-06-06,Bronze
C02210,Michael,Green,kimkatie@example.net,Ottawa,Ontario,2022-01-12,Bronze
C02211,Autumn,Ramirez,kevin46@example.net,Brampton,Ontario,2024-01-21,Bronze
C02212,Timothy,Williams,alexander13@example.org,Edmonton,Alberta,2026-02-16,Bronze
C02213,Amber,Thompson,dustin31@example.net,Mississauga,Ontario,2022-04-17,Gold
C02214,Jacqueline,Gaines,larsenjonathan@example.net,Calgary,Alberta,2025-12-17,Silver
C02215,Lisa,Hernandez,sthompson@example.com,Ottawa,Ontario,2022-08-08,Bronze
C02216,Mary,Harrison,theresayoder@example.org,Edmonton,Alberta,2025-07-27,Silver
C02217,Michael,Brown,aaron93@example.net,Edmonton,Alberta,2026-05-10,Bronze
C02218,John,Jones,benjaminbennett@example.net,Calgary,Alberta,2026-02-21,Bronze
C02219,Allison,Russell,hannahburton@example.org,Vancouver,British Columbia,2026-04-15,Bronze
C02220,Timothy,Boyle,browndavid@example.com,Hamilton,Ontario,2023-02-01,Bronze
C02221,David,Jones,mwright@example.org,Toronto,Ontario,2022-12-20,Silver
C02222,Deborah,Wilson,mlopez@example.org,Ottawa,Ontario,2022-09-18,Gold
C02223,Katherine,Roberson,nicholasross@example.net,Mississauga,Ontario,2023-12-02,Gold
C02224,Joseph,Dickson,maria78@example.com,Ottawa,Ontario,2023-01-24,Bronze
C02225,Brittany,Jackson,paulfrank@example.org,Ottawa,Ontario,2021-08-23,Bronze
C02226,Jennifer,Robinson,fharris@example.com,Edmonton,Alberta,2026-06-20,Bronze
C02227,Elizabeth,Berry,cgreen@example.com,Brampton,Ontario,2022-05-19,Bronze
C02228,Stanley,Ali,ortegachristine@example.com,Mississauga,Ontario,2021-08-14,Bronze
C02229,John,Williams,dcobb@example.org,Vancouver,British Columbia,2022-06-13,Silver
C02230,Robin,King,joy47@example.com,Hamilton,Ontario,2021-08-12,Bronze
C02231,Gregory,Tanner,qwang@example.com,Hamilton,Ontario,2025-07-19,Bronze
C02232,Brenda,Martinez,jamesnovak@example.com,Vancouver,British Columbia,2022-11-02,Bronze
C02233,Phillip,Cook,rharris@example.org,Hamilton,Ontario,2023-02-06,Silver
C02234,James,Pitts,frankmartinez@example.com,Toronto,Ontario,2021-10-06,Silver
C02235,Anthony,Roberts,cannontimothy@example.org,Calgary,Alberta,2024-09-17,Silver
C02236,Kevin,Young,samanthasharp@example.com,Brampton,Ontario,2023-04-23,Silver
C02237,Linda,Williams,myersstephanie@example.com,Toronto,Ontario,2024-06-06,Gold
C02238,Phillip,Garcia,sedwards@example.org,Hamilton,Ontario,2024-05-30,Bronze
C02239,Samuel,Knox,rodney91@example.net,Mississauga,Ontario,2023-03-28,Gold
C02240,Kristen,Reynolds,whitneyderek@example.com,Hamilton,Ontario,2022-04-30,Bronze
C02241,Tamara,Martin,rushanthony@example.org,Hamilton,Ontario,2024-11-19,Bronze
C02242,Emily,Gordon,wellsrobin@example.com,Ottawa,Ontario,2023-05-05,Gold
C02243,Harry,Evans,gdouglas@example.org,Brampton,Ontario,2024-06-10,Gold
C02244,Stacey,Martinez,qwells@example.com,Mississauga,Ontario,2025-01-19,Bronze
C02245,Kevin,Anderson,heathergarcia@example.org,Ottawa,Ontario,2025-12-13,Bronze
C02246,Douglas,Gross,syoung@example.org,Edmonton,Alberta,2025-07-16,Gold
C02247,Christopher,Scott,wardkathryn@example.com,Ottawa,Ontario,2021-08-12,Bronze
C02248,Alison,Collins,adkinsjimmy@example.org,Edmonton,Alberta,2023-07-09,Bronze
C02249,Samuel,Riley,patrickrios@example.net,Mississauga,Ontario,2023-06-25,Silver
C02250,James,Zavala,christopher12@example.com,Mississauga,Ontario,2023-02-12,Bronze
C02251,Darius,Franklin,richardpatel@example.com,Edmonton,Alberta,2025-12-17,Bronze
C02252,Megan,Garcia,jbernard@example.org,Calgary,Alberta,2023-09-11,Bronze
C02253,Michael,Mays,pjones@example.net,Edmonton,Alberta,2024-01-12,Silver
C02254,Steven,Wiggins,terribautista@example.net,Brampton,Ontario,2022-05-26,Bronze
C02255,Jill,Macdonald,ckelley@example.net,Edmonton,Alberta,2024-02-23,Bronze
C02256,Patricia,Bennett,singletonbrandi@example.net,Edmonton,Alberta,2023-08-23,Bronze
C02257,Kyle,Jackson,nwarner@example.net,Vancouver,British Columbia,2022-12-27,Bronze
C02258,George,Mosley,judyfoster@example.com,Calgary,Alberta,2025-07-14,Bronze
C02259,Shawn,Mccarthy,ramirezelizabeth@example.net,Vancouver,British Columbia,2022-03-26,Silver
C02260,Jennifer,Jones,micheleparker@example.net,Toronto,Ontario,2026-05-22,Silver
C02261,Mary,White,rachelporter@example.com,Edmonton,Alberta,2023-07-11,Silver
C02262,Allison,Rose,smithcatherine@example.net,Calgary,Alberta,2024-06-03,Gold
C02263,Kevin,Ewing,joysanchez@example.org,Calgary,Alberta,2025-12-27,Silver
C02264,Melissa,Jones,tommy71@example.com,Brampton,Ontario,2025-08-14,Bronze
C02265,Ronald,Waller,jjackson@example.org,Vancouver,British Columbia,2022-05-25,Gold
C02266,John,Hawkins,davidkeller@example.org,Hamilton,Ontario,2023-10-05,Bronze
C02267,Elizabeth,Smith,michael83@example.org,Vancouver,British Columbia,2023-03-27,Bronze
C02268,Tina,Martin,christinastephenson@example.net,Mississauga,Ontario,2022-07-24,Silver
C02269,Jacob,Lynch,amanda45@example.com,Edmonton,Alberta,2021-11-10,Silver
C02270,Kelly,Moore,travis20@example.net,Mississauga,Ontario,2025-10-23,Gold
C02271,Andrew,Wilson,fuentesmichael@example.com,Hamilton,Ontario,2022-03-15,Bronze
C02272,Karen,Weber,david71@example.com,Vancouver,British Columbia,2026-05-02,Bronze
C02273,Michelle,White,franklinjohn@example.com,Calgary,Alberta,2025-12-21,Bronze
C02274,Jason,Bradshaw,jameslynch@example.org,Mississauga,Ontario,2022-11-02,Silver
C02275,Michael,Case,patriciamarks@example.net,Mississauga,Ontario,2023-07-24,Bronze
C02276,Jennifer,Silva,michelleparks@example.com,Toronto,Ontario,2023-09-02,Silver
C02277,Angela,Morgan,thomasmarc@example.org,Vancouver,British Columbia,2022-10-05,Bronze
C02278,Cassandra,Shepherd,mparker@example.net,Edmonton,Alberta,2023-03-04,Bronze
C02279,Lori,Daniel,deborah60@example.net,Toronto,Ontario,2024-09-28,Bronze
C02280,Leslie,Tran,jeffwilson@example.net,Ottawa,Ontario,2025-02-14,Bronze
C02281,Donna,Wolf,gregorycarpenter@example.org,Toronto,Ontario,2026-04-07,Bronze
C02282,Jamie,Allen,donalderickson@example.com,Hamilton,Ontario,2022-08-20,Bronze
C02283,Jessica,Reed,peterpayne@example.net,Mississauga,Ontario,2022-04-25,Bronze
C02284,Charles,Gates,isanchez@example.com,Toronto,Ontario,2026-02-21,Bronze
C02285,Adrian,Campbell,danstephens@example.com,Hamilton,Ontario,2024-09-26,Bronze
C02286,Dana,Jordan,kelseymontgomery@example.org,Mississauga,Ontario,2021-11-22,Bronze
C02287,Lindsey,Anderson,lindseywarren@example.org,Edmonton,Alberta,2025-03-05,Bronze
C02288,Alexander,Patterson,andrewking@example.org,Hamilton,Ontario,2025-10-30,Bronze
C02289,Lisa,Peck,christinacooper@example.com,Calgary,Alberta,2024-06-22,Bronze
C02290,Julie,Cline,qwoods@example.com,Calgary,Alberta,2024-07-04,Silver
C02291,Ann,Acosta,virginia60@example.net,Vancouver,British Columbia,2024-06-18,Gold
C02292,Bailey,Frederick,ashley14@example.com,Calgary,Alberta,2024-06-24,Bronze
C02293,Angela,Mays,reevessean@example.net,Vancouver,British Columbia,2022-02-13,Bronze
C02294,John,Allen,hoffmanlinda@example.com,Vancouver,British Columbia,2025-12-13,Bronze
C02295,Jackson,Clayton,michaelwilson@example.com,Mississauga,Ontario,2025-01-28,Bronze
C02296,Ashley,Russo,allisonwilliams@example.net,Mississauga,Ontario,2024-04-10,Bronze
C02297,Emily,Fleming,reginahernandez@example.com,Calgary,Alberta,2025-07-15,Silver
C02298,Briana,Jenkins,susan71@example.com,Brampton,Ontario,2025-08-08,Silver
C02299,Jason,Frey,fcontreras@example.com,Hamilton,Ontario,2023-04-17,Bronze
C02300,Norma,Jacobs,nblack@example.org,Brampton,Ontario,2025-09-02,Silver
C02301,Christine,Holmes,andersontaylor@example.net,Hamilton,Ontario,2024-09-06,Bronze
C02302,William,Warner,angelica41@example.org,Ottawa,Ontario,2023-10-06,Silver
C02303,Heather,Moore,cgoodwin@example.com,Brampton,Ontario,2023-02-25,Silver
C02304,Kimberly,Morton,collin30@example.com,Toronto,Ontario,2022-05-22,Silver
C02305,Amanda,Rogers,munoznathaniel@example.net,Edmonton,Alberta,2023-04-03,Silver
C02306,Sarah,Campbell,micheledavis@example.com,Vancouver,British Columbia,2026-01-22,Bronze
C02307,Barbara,Johnson,andrewthomas@example.org,Brampton,Ontario,2024-10-17,Bronze
C02308,Bethany,Mcfarland,snydertimothy@example.com,Toronto,Ontario,2022-04-24,Bronze
C02309,Thomas,Mendoza,woodardrachel@example.org,Mississauga,Ontario,2022-10-16,Bronze
C02310,Joshua,Fleming,morgantracey@example.net,Mississauga,Ontario,2025-01-28,Bronze
C02311,Jesse,Boone,smithdeanna@example.org,Ottawa,Ontario,2026-02-10,Bronze
C02312,Anthony,Cunningham,barbara65@example.net,Mississauga,Ontario,2023-10-29,Silver
C02313,Jennifer,Jones,riveravictoria@example.net,Calgary,Alberta,2026-02-09,Bronze
C02314,Lawrence,Richardson,youngrobert@example.net,Brampton,Ontario,2022-07-08,Gold
C02315,William,Richmond,sanderssteven@example.org,Toronto,Ontario,2021-11-22,Bronze
C02316,Megan,Harvey,laura99@example.net,Calgary,Alberta,2026-01-22,Silver
C02317,Ashley,Flores,amanda99@example.com,Brampton,Ontario,2024-05-08,Bronze
C02318,Jessica,Jackson,browndiane@example.com,Vancouver,British Columbia,2021-11-25,Bronze
C02319,Luke,Day,christinejames@example.org,Mississauga,Ontario,2022-10-06,Silver
C02320,Jeffery,Navarro,jcrawford@example.net,Vancouver,British Columbia,2026-04-04,Bronze
C02321,Bobby,Daniel,obailey@example.org,Vancouver,British Columbia,2023-01-17,Bronze
C02322,Scott,Frederick,kevin15@example.com,Mississauga,Ontario,2021-08-14,Bronze
C02323,Bradley,Hall,kennethmcdonald@example.net,Calgary,Alberta,2024-01-13,Silver
C02324,Julie,Cook,matthew95@example.org,Edmonton,Alberta,2022-10-14,Silver
C02325,Paul,Rivera,kathyvaldez@example.net,Hamilton,Ontario,2025-07-17,Bronze
C02326,Brandy,Davis,gina80@example.com,Vancouver,British Columbia,2023-07-28,Bronze
C02327,Lauren,Hall,amandageorge@example.net,Calgary,Alberta,2025-08-05,Silver
C02328,Victoria,Garcia,anna92@example.net,Mississauga,Ontario,2024-05-31,Bronze
C02329,Gina,Ryan,danielle96@example.net,Calgary,Alberta,2026-03-07,Bronze
C02330,Kevin,Farrell,sanchezmichael@example.net,Toronto,Ontario,2023-10-21,Silver
C02331,James,Norris,eugenedoyle@example.org,Vancouver,British Columbia,2022-08-05,Silver
C02332,Joseph,Rodriguez,lance14@example.org,Toronto,Ontario,2022-07-13,Bronze
C02333,Kevin,Mccormick,cartermichael@example.org,Brampton,Ontario,2025-04-04,Silver
C02334,Aaron,Knight,wthompson@example.org,Edmonton,Alberta,2022-01-05,Bronze
C02335,Patrick,Reynolds,hcordova@example.org,Brampton,Ontario,2026-01-24,Silver
C02336,Keith,Sellers,mmoore@example.net,Mississauga,Ontario,2025-04-17,Bronze
C02337,Melissa,Cruz,jorge80@example.org,Brampton,Ontario,2024-01-16,Silver
C02338,Sandra,Jones,wjohnson@example.com,Ottawa,Ontario,2024-02-06,Gold
C02339,Kari,Thomas,zdavis@example.net,Calgary,Alberta,2023-11-23,Silver
C02340,David,Weeks,qkelly@example.com,Brampton,Ontario,2023-08-21,Bronze
C02341,Patrick,Campbell,martindanielle@example.com,Brampton,Ontario,2021-07-30,Silver
C02342,Victoria,Moran,novakmark@example.com,Vancouver,British Columbia,2025-07-21,Silver
C02343,Daniel,Lewis,vramirez@example.com,Toronto,Ontario,2022-04-06,Bronze
C02344,Melissa,Tate,nicole32@example.org,Edmonton,Alberta,2025-08-15,Bronze
C02345,Albert,Malone,jessicamartinez@example.com,Hamilton,Ontario,2023-03-18,Bronze
C02346,Kevin,Blevins,savannahdiaz@example.org,Brampton,Ontario,2025-10-17,Gold
C02347,Julie,Ramirez,tanya92@example.net,Ottawa,Ontario,2023-04-08,Bronze
C02348,Heather,James,chaneyloretta@example.com,Brampton,Ontario,2026-06-24,Silver
C02349,David,Barnes,marissa16@example.org,Hamilton,Ontario,2022-10-11,Bronze
C02350,Yolanda,Hansen,paulwilliams@example.org,Ottawa,Ontario,2024-06-29,Bronze
C02351,Rachel,Lee,klee@example.net,Brampton,Ontario,2025-02-12,Silver
C02352,Ariel,Little,devonnavarro@example.org,Ottawa,Ontario,2025-05-05,Silver
C02353,Sierra,Shaw,huynhjeff@example.org,Brampton,Ontario,2026-07-12,Silver
C02354,Andrew,Stafford,daniel55@example.com,Ottawa,Ontario,2021-12-14,Silver
C02355,Scott,Fox,preeves@example.org,Vancouver,British Columbia,2025-12-11,Bronze
C02356,Elizabeth,Mcconnell,alucas@example.org,Ottawa,Ontario,2021-11-06,Silver
C02357,Michelle,Perry,robinsonlaura@example.net,Hamilton,Ontario,2025-02-15,Bronze
C02358,Andrew,Rodriguez,davishannah@example.org,Ottawa,Ontario,2023-11-15,Bronze
C02359,Sarah,Butler,osbornedawn@example.org,Mississauga,Ontario,2021-12-13,Bronze
C02360,Ashley,Perkins,peteroconnor@example.com,Brampton,Ontario,2026-07-13,Gold
C02361,David,Moody,dbarrett@example.net,Edmonton,Alberta,2026-07-15,Silver
C02362,Jerry,Mosley,teresa97@example.net,Hamilton,Ontario,2026-04-01,Gold
C02363,Tami,Mitchell,charles95@example.net,Calgary,Alberta,2022-01-17,Gold
C02364,Rebecca,Garrison,ramirezpamela@example.net,Mississauga,Ontario,2024-01-27,Bronze
C02365,Carol,Holmes,shannonspencer@example.org,Vancouver,British Columbia,2023-07-08,Bronze
C02366,Andrew,Hardin,danielcampos@example.com,Calgary,Alberta,2023-02-14,Silver
C02367,Danielle,Preston,steven24@example.com,Toronto,Ontario,2025-03-06,Gold
C02368,Brittany,White,denisearcher@example.org,Vancouver,British Columbia,2023-03-20,Bronze
C02369,Meghan,Castro,rodney94@example.com,Mississauga,Ontario,2024-07-20,Bronze
C02370,Daniel,Rush,torressydney@example.net,Edmonton,Alberta,2022-03-22,Silver
C02371,Tim,Cook,blairdawn@example.org,Toronto,Ontario,2024-02-27,Bronze
C02372,Terri,Diaz,dkramer@example.net,Ottawa,Ontario,2025-10-18,Bronze
C02373,Thomas,Johnson,williesanders@example.com,Brampton,Ontario,2023-11-22,Bronze
C02374,Stacy,Hall,hernandezamanda@example.com,Toronto,Ontario,2023-12-04,Silver
C02375,Sarah,Peck,glane@example.org,Hamilton,Ontario,2022-04-25,Bronze
C02376,Donald,Rosales,iperkins@example.net,Brampton,Ontario,2024-03-12,Bronze
C02377,Angela,Simmons,turnerlisa@example.com,Edmonton,Alberta,2025-07-06,Gold
C02378,Jennifer,Freeman,chrisgutierrez@example.com,Ottawa,Ontario,2024-01-28,Silver
C02379,William,Mitchell,mason07@example.com,Hamilton,Ontario,2026-06-30,Silver
C02380,Keith,Adams,bethferguson@example.com,Mississauga,Ontario,2026-02-05,Gold
C02381,Emily,Clark,ygardner@example.org,Hamilton,Ontario,2022-04-25,Gold
C02382,Karen,May,jason12@example.org,Toronto,Ontario,2026-04-27,Silver
C02383,Renee,Hughes,krandolph@example.org,Edmonton,Alberta,2023-02-06,Bronze
C02384,Timothy,Farley,plarson@example.com,Vancouver,British Columbia,2024-11-02,Bronze
C02385,Denise,Hays,joshuacurry@example.com,Brampton,Ontario,2023-03-26,Bronze
C02386,David,Hurley,annbenson@example.net,Vancouver,British Columbia,2025-10-06,Bronze
C02387,Keith,Holmes,denniswilliams@example.net,Brampton,Ontario,2021-10-16,Bronze
C02388,Aaron,Howe,qdixon@example.org,Edmonton,Alberta,2024-10-11,Bronze
C02389,William,Flynn,sierrawang@example.org,Mississauga,Ontario,2025-01-07,Bronze
C02390,Ashley,Marquez,amiller@example.com,Brampton,Ontario,2022-12-17,Silver
C02391,Danielle,Taylor,randall62@example.org,Brampton,Ontario,2022-04-06,Silver
C02392,Karen,Bradley,chandlerjustin@example.org,Hamilton,Ontario,2026-05-11,Bronze
C02393,Amy,Vega,elizabethhooper@example.com,Calgary,Alberta,2023-06-16,Bronze
C02394,Elizabeth,Whitney,daniel64@example.net,Hamilton,Ontario,2024-11-20,Bronze
C02395,Alice,Pratt,mcmillansamuel@example.net,Hamilton,Ontario,2024-08-02,Silver
C02396,Briana,Wells,jennifer78@example.com,Hamilton,Ontario,2022-09-08,Bronze
C02397,Timothy,Wilcox,smithdavid@example.com,Hamilton,Ontario,2021-12-21,Silver
C02398,Matthew,Wu,michael50@example.com,Calgary,Alberta,2022-01-02,Silver
C02399,Jason,Robinson,kwilson@example.com,Calgary,Alberta,2024-03-10,Silver
C02400,Karen,Hudson,stevencox@example.net,Hamilton,Ontario,2024-03-04,Silver
C02401,Joseph,Stephens,mikayla05@example.org,Ottawa,Ontario,2026-04-03,Silver
C02402,Jeffrey,Santos,butlermonica@example.net,Toronto,Ontario,2022-01-23,Bronze
C02403,John,Mathis,kgarrett@example.org,Brampton,Ontario,2024-01-01,Silver
C02404,Frank,Burns,seanwilliams@example.org,Mississauga,Ontario,2022-03-17,Bronze
C02405,Alexandra,Lawrence,marksmith@example.net,Edmonton,Alberta,2023-10-01,Silver
C02406,Ryan,Brown,martincynthia@example.com,Brampton,Ontario,2023-10-08,Silver
C02407,Travis,Walker,emilyjones@example.com,Brampton,Ontario,2025-05-01,Bronze
C02408,Patricia,Rodriguez,andrew45@example.net,Vancouver,British Columbia,2024-10-11,Bronze
C02409,Darius,Harper,donovannoah@example.net,Calgary,Alberta,2022-09-18,Silver
C02410,Taylor,Martinez,erinbrown@example.org,Hamilton,Ontario,2023-12-21,Bronze
C02411,Heather,Fitzpatrick,terridavis@example.net,Toronto,Ontario,2022-02-10,Silver
C02412,Lisa,Johnson,matthew19@example.org,Toronto,Ontario,2025-04-07,Bronze
C02413,Allison,Young,lauren40@example.org,Ottawa,Ontario,2026-07-17,Silver
C02414,Laura,Jones,stephenbrown@example.org,Calgary,Alberta,2026-01-12,Bronze
C02415,Alicia,Byrd,dwaynelewis@example.net,Vancouver,British Columbia,2023-12-01,Silver
C02416,Crystal,Barnes,vwilkins@example.com,Brampton,Ontario,2026-06-16,Bronze
C02417,Andrew,Nelson,davidtran@example.com,Hamilton,Ontario,2026-06-02,Bronze
C02418,Stephen,Hicks,andres20@example.net,Vancouver,British Columbia,2023-08-04,Silver
C02419,David,English,kristenjackson@example.org,Hamilton,Ontario,2023-12-19,Silver
C02420,Elizabeth,Simon,calderoncarl@example.net,Vancouver,British Columbia,2025-04-08,Bronze
C02421,Kayla,Griffith,kelly41@example.org,Brampton,Ontario,2022-06-13,Bronze
C02422,Michael,Padilla,perezdaniel@example.org,Mississauga,Ontario,2022-03-23,Silver
C02423,Traci,Stewart,eringlover@example.org,Toronto,Ontario,2022-03-24,Bronze
C02424,Antonio,Hamilton,molson@example.com,Mississauga,Ontario,2024-12-24,Silver
C02425,Rhonda,Martin,leahblake@example.org,Ottawa,Ontario,2023-08-10,Bronze
C02426,Carlos,Hansen,edwardskaren@example.net,Hamilton,Ontario,2021-09-03,Silver
C02427,Benjamin,Harris,heathercollins@example.com,Vancouver,British Columbia,2022-05-09,Bronze
C02428,Jennifer,Glenn,delacruzdavid@example.com,Calgary,Alberta,2022-08-08,Bronze
C02429,Elizabeth,Reese,justin25@example.net,Hamilton,Ontario,2024-06-01,Bronze
C02430,Lindsey,Potter,kevin91@example.com,Toronto,Ontario,2024-04-08,Bronze
C02431,Luis,Cervantes,aaronmiller@example.org,Edmonton,Alberta,2026-05-25,Silver
C02432,Janice,Velasquez,ramirezjoseph@example.com,Hamilton,Ontario,2022-06-03,Bronze
C02433,Erin,Hernandez,obaker@example.net,Edmonton,Alberta,2021-09-22,Silver
C02434,William,Jenkins,renee18@example.net,Mississauga,Ontario,2026-07-26,Bronze
C02435,Sandra,Young,jwalker@example.net,Ottawa,Ontario,2025-06-07,Gold
C02436,Rebecca,Conner,kristinblack@example.com,Mississauga,Ontario,2024-05-23,Bronze
C02437,Daniel,Moore,gdickerson@example.net,Ottawa,Ontario,2023-09-07,Bronze
C02438,Kathryn,Johnson,hhudson@example.com,Toronto,Ontario,2021-08-08,Bronze
C02439,Alan,Alvarado,molinathomas@example.org,Hamilton,Ontario,2023-04-25,Silver
C02440,Tiffany,Kelly,andrew23@example.com,Hamilton,Ontario,2025-08-17,Bronze
C02441,Christopher,Brock,nguyenjennifer@example.org,Toronto,Ontario,2021-10-19,Silver
C02442,Charles,Doyle,nortonsarah@example.net,Toronto,Ontario,2026-02-02,Bronze
C02443,Jessica,Mendoza,corey96@example.org,Mississauga,Ontario,2024-09-28,Gold
C02444,Lawrence,Benjamin,nharper@example.org,Vancouver,British Columbia,2026-04-02,Bronze
C02445,Patricia,Douglas,michael35@example.net,Calgary,Alberta,2024-02-18,Gold
C02446,John,Howard,alexhunter@example.org,Mississauga,Ontario,2022-01-05,Bronze
C02447,Sara,Martin,james09@example.com,Hamilton,Ontario,2023-09-22,Silver
C02448,Jennifer,Spencer,josephford@example.org,Brampton,Ontario,2025-03-17,Gold
C02449,Jacqueline,Fisher,stephenbrown@example.org,Ottawa,Ontario,2022-11-14,Gold
C02450,Alicia,Gallegos,kimberly28@example.net,Edmonton,Alberta,2021-11-16,Bronze
C02451,Andrew,Turner,palmercharles@example.net,Mississauga,Ontario,2023-05-20,Bronze
C02452,David,Burns,msuarez@example.com,Toronto,Ontario,2021-12-01,Bronze
C02453,Allison,Diaz,megan72@example.net,Brampton,Ontario,2024-04-04,Bronze
C02454,Nancy,Roman,qjones@example.org,Ottawa,Ontario,2023-10-16,Bronze
C02455,William,Harvey,mdoyle@example.net,Edmonton,Alberta,2025-08-27,Gold
C02456,Megan,Fischer,dylanwilcox@example.com,Hamilton,Ontario,2022-11-27,Bronze
C02457,Daisy,Robinson,dongriffith@example.com,Toronto,Ontario,2022-08-13,Silver
C02458,Amy,Allen,stephensjeremy@example.net,Edmonton,Alberta,2022-06-07,Silver
C02459,Robert,Fernandez,matthew15@example.net,Brampton,Ontario,2024-09-25,Bronze
C02460,Dakota,James,alan59@example.net,Mississauga,Ontario,2025-08-16,Silver
C02461,Kimberly,Riley,brian96@example.org,Brampton,Ontario,2021-08-19,Bronze
C02462,Stephanie,Warren,andrew51@example.org,Mississauga,Ontario,2025-04-15,Silver
C02463,Donald,Bryant,christopher64@example.com,Brampton,Ontario,2025-07-20,Silver
C02464,Jennifer,Jimenez,fwatson@example.net,Mississauga,Ontario,2026-04-16,Silver
C02465,Alexandra,Gordon,laguilar@example.net,Toronto,Ontario,2025-04-12,Silver
C02466,Nicole,Schmidt,debraobrien@example.net,Mississauga,Ontario,2026-01-16,Bronze
C02467,Kimberly,Jackson,elizabethwatson@example.com,Hamilton,Ontario,2024-03-24,Bronze
C02468,Mark,Byrd,lanejeremy@example.org,Mississauga,Ontario,2022-11-28,Silver
C02469,Mary,Steele,paulbryant@example.com,Edmonton,Alberta,2025-03-06,Bronze
C02470,Jennifer,Kelly,latoyahooper@example.org,Toronto,Ontario,2023-11-17,Silver
C02471,Dominique,Brooks,nwright@example.com,Brampton,Ontario,2025-10-24,Gold
C02472,Jason,Mcintosh,alexconrad@example.net,Brampton,Ontario,2025-12-21,Gold
C02473,Monica,Ruiz,stewartisaac@example.net,Hamilton,Ontario,2022-05-12,Bronze
C02474,Rhonda,Ellis,werneraustin@example.net,Edmonton,Alberta,2022-08-21,Silver
C02475,Charles,Shelton,vgould@example.com,Hamilton,Ontario,2026-04-06,Bronze
C02476,Clarence,Lawrence,gluna@example.net,Calgary,Alberta,2025-06-13,Bronze
C02477,Michael,Malone,stephanie64@example.net,Mississauga,Ontario,2024-12-05,Bronze
C02478,David,Elliott,don65@example.org,Brampton,Ontario,2025-05-22,Bronze
C02479,David,Hurley,john68@example.org,Hamilton,Ontario,2026-03-18,Silver
C02480,Elizabeth,Norton,zsmith@example.net,Mississauga,Ontario,2022-11-16,Bronze
C02481,Craig,Austin,zacharyfisher@example.net,Toronto,Ontario,2021-11-16,Bronze
C02482,Jacob,Cameron,penny41@example.net,Hamilton,Ontario,2023-07-20,Silver
C02483,Gerald,Brown,markhendrix@example.com,Ottawa,Ontario,2022-12-01,Silver
C02484,Aimee,Glover,dflores@example.net,Mississauga,Ontario,2022-12-23,Silver
C02485,Dana,Smith,carlos55@example.net,Brampton,Ontario,2023-11-14,Gold
C02486,Samantha,Phillips,brian20@example.org,Brampton,Ontario,2024-04-10,Bronze
C02487,Daniel,Rios,katrinalewis@example.net,Toronto,Ontario,2024-01-08,Bronze
C02488,Jerry,Cannon,monica55@example.org,Edmonton,Alberta,2024-06-24,Bronze
C02489,Sarah,Alvarez,williamsdonald@example.net,Toronto,Ontario,2022-10-07,Silver
C02490,Morgan,Sharp,bryanwhite@example.net,Toronto,Ontario,2021-09-29,Bronze
C02491,Christopher,Smith,brittanychavez@example.com,Edmonton,Alberta,2024-06-06,Bronze
C02492,Austin,Fowler,clayton42@example.net,Brampton,Ontario,2025-06-29,Bronze
C02493,John,Thompson,laurahayes@example.net,Edmonton,Alberta,2025-04-09,Bronze
C02494,Gregory,Park,sheila50@example.org,Edmonton,Alberta,2023-12-25,Silver
C02495,Jose,Davis,parsonsdarren@example.com,Hamilton,Ontario,2022-03-19,Bronze
C02496,Dillon,Gilmore,brianadams@example.com,Toronto,Ontario,2023-01-21,Bronze
C02497,Rebecca,Bailey,burnettbrian@example.net,Calgary,Alberta,2026-03-26,Bronze
C02498,James,White,yhernandez@example.org,Mississauga,Ontario,2021-11-30,Silver
C02499,Stanley,Scott,qcook@example.com,Toronto,Ontario,2023-02-27,Bronze
C02500,John,Garcia,rileyjames@example.org,Calgary,Alberta,2024-09-21,Bronze
C02501,Jacob,Martinez,samanthamurphy@example.net,Calgary,Alberta,2025-10-01,Silver
C02502,Veronica,Parks,jessicamoreno@example.org,Mississauga,Ontario,2024-09-15,Bronze
C02503,Elizabeth,Russell,teresa11@example.org,Ottawa,Ontario,2023-07-12,Gold
C02504,Lisa,Edwards,brownbrent@example.com,Mississauga,Ontario,2024-02-29,Silver
C02505,Jacob,Newman,howardmichael@example.com,Brampton,Ontario,2022-04-29,Silver
C02506,Adam,Snyder,tbailey@example.org,Hamilton,Ontario,2023-09-30,Silver
C02507,Hailey,Villanueva,mcdonaldrebecca@example.com,Mississauga,Ontario,2025-10-14,Silver
C02508,Christopher,Smith,sparkszoe@example.com,Vancouver,British Columbia,2022-02-21,Bronze
C02509,Natasha,Wall,clarkwayne@example.net,Edmonton,Alberta,2023-03-09,Bronze
C02510,Kimberly,Hines,justinramirez@example.com,Toronto,Ontario,2026-04-09,Silver
C02511,Matthew,Brown,eclarke@example.net,Toronto,Ontario,2026-07-12,Silver
C02512,Lisa,Little,alee@example.net,Edmonton,Alberta,2023-05-06,Bronze
C02513,Susan,Hurley,aharris@example.net,Brampton,Ontario,2021-08-25,Bronze
C02514,Stephanie,Garcia,doyleronald@example.net,Edmonton,Alberta,2022-08-25,Bronze
C02515,Mary,Nelson,jilldouglas@example.net,Brampton,Ontario,2022-05-17,Gold
C02516,Angela,Bentley,hesteramber@example.com,Calgary,Alberta,2022-07-06,Bronze
C02517,Jeanne,Smith,njackson@example.net,Hamilton,Ontario,2025-12-27,Gold
C02518,Jessica,Ferguson,laura96@example.com,Ottawa,Ontario,2025-02-19,Bronze
C02519,Alexander,Jackson,alisha73@example.org,Brampton,Ontario,2025-05-05,Gold
C02520,Edward,Rodgers,troysuarez@example.com,Toronto,Ontario,2024-02-12,Bronze
C02521,Katherine,Campbell,ismith@example.org,Ottawa,Ontario,2022-06-25,Gold
C02522,William,Parker,abuckley@example.net,Brampton,Ontario,2025-09-24,Silver
C02523,Samuel,Jones,jacqueline97@example.com,Vancouver,British Columbia,2024-02-02,Bronze
C02524,Terri,Guzman,jessicacook@example.org,Edmonton,Alberta,2026-03-06,Bronze
C02525,David,Webb,lgibson@example.org,Ottawa,Ontario,2021-09-19,Silver
C02526,Joanna,Crawford,hvillanueva@example.net,Brampton,Ontario,2023-08-14,Silver
C02527,Cheryl,Chan,mhill@example.net,Mississauga,Ontario,2026-07-07,Gold
C02528,George,Copeland,omatthews@example.org,Toronto,Ontario,2022-02-24,Silver
C02529,Christian,Hayes,ewilkinson@example.net,Calgary,Alberta,2025-10-11,Bronze
C02530,Christina,Baker,johncooper@example.org,Ottawa,Ontario,2023-10-11,Silver
C02531,Samantha,Green,alicia66@example.org,Brampton,Ontario,2022-02-05,Bronze
C02532,Jessica,Dennis,amy75@example.net,Mississauga,Ontario,2025-05-24,Bronze
C02533,Caitlin,Browning,eddieproctor@example.net,Edmonton,Alberta,2022-07-26,Silver
C02534,Daniel,Ingram,cindy38@example.org,Hamilton,Ontario,2024-04-16,Bronze
C02535,Angela,Castillo,christopher03@example.org,Calgary,Alberta,2023-10-06,Silver
C02536,Edward,Castro,dreyes@example.org,Brampton,Ontario,2024-04-15,Silver
C02537,Kristin,Burnett,marthaburke@example.net,Hamilton,Ontario,2026-02-26,Silver
C02538,Michael,Robinson,jennifer62@example.org,Ottawa,Ontario,2026-06-17,Silver
C02539,Carla,Williams,fgray@example.com,Calgary,Alberta,2022-08-10,Silver
C02540,Holly,Rodgers,michael42@example.org,Hamilton,Ontario,2025-07-14,Bronze
C02541,Victoria,Maddox,bcarroll@example.net,Mississauga,Ontario,2022-03-01,Bronze
C02542,Kendra,Nash,krista73@example.net,Calgary,Alberta,2022-01-05,Bronze
C02543,Jessica,Hodge,keith98@example.net,Calgary,Alberta,2023-11-15,Bronze
C02544,Christopher,Gutierrez,hendersongary@example.org,Brampton,Ontario,2022-08-01,Bronze
C02545,Holly,Morgan,garrettbenjamin@example.com,Calgary,Alberta,2025-10-28,Bronze
C02546,David,Lindsey,uphillips@example.net,Hamilton,Ontario,2022-09-11,Bronze
C02547,Robert,Cook,dakota36@example.org,Hamilton,Ontario,2026-03-30,Silver
C02548,John,Wright,sandraadkins@example.com,Mississauga,Ontario,2023-01-07,Silver
C02549,Maria,Gonzales,kimberly07@example.org,Toronto,Ontario,2023-05-06,Bronze
C02550,Donald,Keith,pramos@example.org,Vancouver,British Columbia,2022-04-09,Gold
C02551,Billy,Wilson,alexandra83@example.org,Toronto,Ontario,2023-08-13,Silver
C02552,Christine,Wagner,sally10@example.net,Calgary,Alberta,2023-11-27,Bronze
C02553,Brian,Hines,kelsey77@example.net,Edmonton,Alberta,2023-04-18,Bronze
C02554,Allison,Sanchez,marthavazquez@example.org,Calgary,Alberta,2024-07-06,Bronze
C02555,Bryan,Evans,jamesoneal@example.org,Mississauga,Ontario,2022-10-26,Silver
C02556,Kevin,Berry,jamie30@example.com,Calgary,Alberta,2025-10-02,Bronze
C02557,Teresa,Baker,guzmandana@example.net,Edmonton,Alberta,2022-12-26,Bronze
C02558,Shannon,Daniels,gilbertrachel@example.net,Calgary,Alberta,2023-07-04,Silver
C02559,Antonio,Schroeder,floresheather@example.net,Calgary,Alberta,2025-01-17,Bronze
C02560,Patricia,Martinez,vperez@example.com,Toronto,Ontario,2022-06-10,Bronze
C02561,Alexis,Estes,grace22@example.com,Mississauga,Ontario,2026-02-04,Silver
C02562,John,Martin,james63@example.org,Vancouver,British Columbia,2023-12-21,Silver
C02563,Kim,Tucker,millerdebra@example.org,Vancouver,British Columbia,2025-02-23,Bronze
C02564,Randy,Campbell,smithangela@example.org,Brampton,Ontario,2025-10-24,Bronze
C02565,Kristen,Irwin,jmichael@example.org,Hamilton,Ontario,2026-05-09,Bronze
C02566,Joseph,Ware,robin76@example.net,Calgary,Alberta,2024-11-18,Bronze
C02567,Gloria,Tanner,ashley70@example.net,Edmonton,Alberta,2024-11-17,Bronze
C02568,Sarah,Schultz,fgardner@example.org,Calgary,Alberta,2025-01-26,Bronze
C02569,Benjamin,Carpenter,william25@example.com,Edmonton,Alberta,2023-05-11,Bronze
C02570,Michael,Lee,kellyamy@example.com,Calgary,Alberta,2023-01-05,Bronze
C02571,Donald,Gutierrez,carolinethompson@example.org,Hamilton,Ontario,2023-05-22,Bronze
C02572,Jimmy,Gonzalez,donald04@example.net,Calgary,Alberta,2023-09-07,Silver
C02573,Michael,Black,ggonzalez@example.com,Calgary,Alberta,2023-09-12,Bronze
C02574,Jeffrey,Reed,rothhaley@example.net,Toronto,Ontario,2025-04-10,Silver
C02575,Justin,George,kevin56@example.org,Vancouver,British Columbia,2022-05-23,Bronze
C02576,Molly,Walker,kristinaanderson@example.net,Ottawa,Ontario,2024-07-01,Silver
C02577,Ana,Davis,christinereynolds@example.com,Ottawa,Ontario,2025-02-06,Bronze
C02578,Jaime,Lawrence,kcarter@example.net,Brampton,Ontario,2021-10-06,Bronze
C02579,Jeffrey,Martin,austin49@example.net,Brampton,Ontario,2025-02-04,Gold
C02580,Alicia,Bell,jonesrichard@example.org,Hamilton,Ontario,2024-01-05,Silver
C02581,Paul,Johnston,edixon@example.com,Calgary,Alberta,2024-01-17,Bronze
C02582,Martha,Gill,sean95@example.com,Ottawa,Ontario,2021-07-31,Gold
C02583,Katelyn,Harrison,nealjoshua@example.net,Hamilton,Ontario,2022-04-01,Bronze
C02584,Jennifer,Mora,andrearobertson@example.com,Toronto,Ontario,2026-07-07,Bronze
C02585,Dennis,Moore,steven37@example.com,Ottawa,Ontario,2021-09-15,Bronze
C02586,Rodney,Diaz,nicholaslogan@example.com,Brampton,Ontario,2025-05-02,Silver
C02587,Kenneth,Day,dalvarez@example.com,Hamilton,Ontario,2021-08-27,Silver
C02588,John,Dyer,iyang@example.org,Toronto,Ontario,2025-12-15,Bronze
C02589,Gabrielle,Zuniga,brian63@example.net,Calgary,Alberta,2025-03-07,Bronze
C02590,Courtney,Eaton,xpena@example.net,Mississauga,Ontario,2024-03-31,Silver
C02591,Michael,Garcia,fjones@example.org,Toronto,Ontario,2021-09-07,Bronze
C02592,Katrina,Hawkins,jenniferramos@example.org,Toronto,Ontario,2023-10-24,Bronze
C02593,Jennifer,Moody,clarktodd@example.org,Ottawa,Ontario,2024-02-24,Silver
C02594,Michael,Cannon,nthomas@example.org,Hamilton,Ontario,2024-06-02,Gold
C02595,John,Hanson,pamela76@example.com,Hamilton,Ontario,2026-01-28,Bronze
C02596,Karen,Smith,perryduffy@example.net,Toronto,Ontario,2024-08-30,Bronze
C02597,Todd,Perry,qjohnson@example.com,Mississauga,Ontario,2024-08-29,Silver
C02598,William,Gray,heathergutierrez@example.com,Calgary,Alberta,2023-09-17,Bronze
C02599,Patrick,Flores,krista69@example.net,Hamilton,Ontario,2025-10-04,Bronze
C02600,Darlene,Tanner,uandrews@example.org,Brampton,Ontario,2023-11-23,Bronze
C02601,Joshua,Oliver,emmawillis@example.com,Ottawa,Ontario,2025-08-04,Silver
C02602,Michele,Mendoza,npittman@example.org,Brampton,Ontario,2026-06-06,Silver
C02603,Sarah,Nelson,matthew07@example.com,Toronto,Ontario,2023-07-06,Bronze
C02604,Joshua,Martin,laura85@example.com,Vancouver,British Columbia,2022-08-01,Silver
C02605,Daniel,Perez,goodwintiffany@example.net,Vancouver,British Columbia,2022-11-05,Bronze
C02606,Jessica,Holmes,jeffcooley@example.com,Mississauga,Ontario,2022-04-28,Silver
C02607,Jesse,Liu,christophercastro@example.org,Hamilton,Ontario,2022-08-13,Bronze
C02608,Elizabeth,Lamb,garzakarina@example.com,Vancouver,British Columbia,2021-08-07,Bronze
C02609,Alan,Johnson,zacharyarnold@example.org,Edmonton,Alberta,2025-01-09,Gold
C02610,Joshua,Davis,imorgan@example.com,Vancouver,British Columbia,2023-04-24,Bronze
C02611,Gary,Savage,vtaylor@example.net,Toronto,Ontario,2023-02-06,Bronze
C02612,Sandra,Wright,joshuathomas@example.net,Calgary,Alberta,2025-11-13,Bronze
C02613,Charles,Evans,tiffanyray@example.com,Ottawa,Ontario,2025-07-17,Bronze
C02614,Joshua,Byrd,madison78@example.org,Hamilton,Ontario,2023-09-01,Bronze
C02615,Mark,Roberts,paul95@example.net,Ottawa,Ontario,2024-08-14,Gold
C02616,Brenda,Lewis,stephaniefry@example.org,Brampton,Ontario,2023-06-18,Bronze
C02617,Christine,Jackson,vanthony@example.net,Calgary,Alberta,2022-04-09,Bronze
C02618,Steven,Brown,jaredramirez@example.net,Brampton,Ontario,2022-02-04,Silver
C02619,Jacob,Day,kelly54@example.net,Brampton,Ontario,2022-04-24,Bronze
C02620,Ross,Benjamin,brian13@example.org,Calgary,Alberta,2025-10-28,Bronze
C02621,Shannon,Becker,teresa96@example.net,Brampton,Ontario,2026-02-03,Gold
C02622,Steven,Gallegos,urowe@example.org,Toronto,Ontario,2023-10-06,Bronze
C02623,Calvin,Singh,clintonwilliams@example.com,Mississauga,Ontario,2023-05-15,Bronze
C02624,Ashley,Hughes,philipmartinez@example.net,Edmonton,Alberta,2022-06-30,Bronze
C02625,Johnny,Rodriguez,dsexton@example.com,Vancouver,British Columbia,2024-05-30,Bronze
C02626,Olivia,Mcguire,davenportcassandra@example.org,Vancouver,British Columbia,2024-07-19,Bronze
C02627,Linda,Jones,fbrown@example.net,Ottawa,Ontario,2024-08-29,Bronze
C02628,Mary,Schneider,qrodriguez@example.org,Ottawa,Ontario,2024-10-19,Silver
C02629,Brian,Ramos,jeremyphillips@example.org,Hamilton,Ontario,2023-10-19,Bronze
C02630,Jennifer,Ramirez,pflowers@example.net,Vancouver,British Columbia,2026-01-13,Bronze
C02631,Michelle,Schmitt,seanhamilton@example.net,Edmonton,Alberta,2021-08-10,Bronze
C02632,Adam,Williams,raymondgardner@example.net,Toronto,Ontario,2024-09-18,Silver
C02633,Jeffrey,Diaz,fernandezbrandon@example.com,Toronto,Ontario,2024-02-20,Silver
C02634,Jodi,Stanton,qgilbert@example.net,Edmonton,Alberta,2026-02-25,Bronze
C02635,George,Mcpherson,rjenkins@example.org,Edmonton,Alberta,2024-04-17,Bronze
C02636,Gregory,Durham,dylan94@example.net,Toronto,Ontario,2025-03-25,Silver
C02637,Caroline,Cline,gmolina@example.org,Brampton,Ontario,2024-03-01,Bronze
C02638,Ryan,Chavez,pmorgan@example.net,Ottawa,Ontario,2023-12-23,Bronze
C02639,Erin,Paul,victoriathomas@example.com,Hamilton,Ontario,2022-04-02,Silver
C02640,Charles,Vasquez,njones@example.org,Mississauga,Ontario,2026-04-24,Silver
C02641,Jessica,Woods,fwilliams@example.net,Vancouver,British Columbia,2024-06-23,Silver
C02642,Troy,Huerta,allen21@example.org,Calgary,Alberta,2025-12-19,Bronze
C02643,Alexandra,Odom,yharrell@example.net,Hamilton,Ontario,2022-04-04,Silver
C02644,Jason,Shaffer,urichmond@example.com,Vancouver,British Columbia,2023-10-03,Gold
C02645,Brittany,Bush,nicholasolsen@example.com,Ottawa,Ontario,2026-02-27,Bronze
C02646,Tim,Martinez,stephaniewilliams@example.net,Mississauga,Ontario,2024-07-16,Bronze
C02647,Eric,Jones,denise83@example.net,Brampton,Ontario,2024-06-21,Gold
C02648,Sara,Thompson,robert64@example.net,Toronto,Ontario,2026-04-06,Silver
C02649,Shane,Holden,steven16@example.net,Calgary,Alberta,2026-05-14,Bronze
C02650,Nicholas,Moreno,johnsonaaron@example.com,Mississauga,Ontario,2025-09-13,Silver
C02651,Emily,Adams,brianna60@example.com,Ottawa,Ontario,2025-01-25,Gold
C02652,Kimberly,Chambers,gdavis@example.net,Toronto,Ontario,2022-11-18,Bronze
C02653,Tara,Mueller,gstrickland@example.com,Ottawa,Ontario,2022-06-30,Silver
C02654,Lauren,Howell,james89@example.net,Vancouver,British Columbia,2023-11-05,Silver
C02655,Joshua,Campbell,xwilliams@example.org,Edmonton,Alberta,2023-01-11,Bronze
C02656,Dawn,Hill,norrissharon@example.org,Ottawa,Ontario,2023-04-28,Bronze
C02657,Lauren,Sparks,charlene01@example.com,Edmonton,Alberta,2022-01-30,Silver
C02658,Ashley,Odom,alisonbarnes@example.org,Mississauga,Ontario,2024-01-29,Bronze
C02659,Paul,Lewis,amyhanna@example.net,Calgary,Alberta,2025-02-15,Silver
C02660,Jeffrey,Ferguson,raymondjordan@example.net,Ottawa,Ontario,2024-07-19,Bronze
C02661,John,Vargas,zcollins@example.net,Toronto,Ontario,2022-07-04,Bronze
C02662,Jerry,Jones,diazsheri@example.com,Edmonton,Alberta,2023-08-25,Silver
C02663,Sharon,Marshall,amy47@example.net,Toronto,Ontario,2024-01-25,Bronze
C02664,Peter,Freeman,jlopez@example.org,Calgary,Alberta,2022-02-17,Bronze
C02665,Wayne,Johnson,john86@example.org,Vancouver,British Columbia,2022-04-07,Bronze
C02666,Nathaniel,Kennedy,regina83@example.net,Hamilton,Ontario,2022-05-27,Silver
C02667,Veronica,Rodriguez,jlarson@example.net,Brampton,Ontario,2024-06-18,Bronze
C02668,Regina,Moreno,kathryn07@example.org,Toronto,Ontario,2022-06-27,Silver
C02669,Julia,Cochran,lori09@example.com,Edmonton,Alberta,2023-08-07,Bronze
C02670,Heather,Franklin,fperez@example.com,Edmonton,Alberta,2022-12-11,Gold
C02671,Michelle,Lewis,barroneric@example.net,Calgary,Alberta,2021-10-15,Silver
C02672,Joanna,Patterson,luis76@example.org,Mississauga,Ontario,2024-03-13,Bronze
C02673,Bridget,Mcdonald,smithjill@example.org,Edmonton,Alberta,2022-07-13,Silver
C02674,Pamela,Lozano,crystal69@example.com,Mississauga,Ontario,2022-05-11,Bronze
C02675,Lisa,Cowan,tonyaellis@example.net,Toronto,Ontario,2022-06-02,Bronze
C02676,Daniel,Smith,briancoleman@example.org,Mississauga,Ontario,2025-10-30,Gold
C02677,Elizabeth,Moore,annevillarreal@example.org,Calgary,Alberta,2023-12-08,Silver
C02678,David,Hamilton,joseph45@example.com,Brampton,Ontario,2022-02-12,Bronze
C02679,Danielle,Martinez,macdonaldcorey@example.com,Vancouver,British Columbia,2023-07-16,Bronze
C02680,Christopher,Bates,dianatorres@example.net,Brampton,Ontario,2023-08-05,Silver
C02681,Jason,Jones,dylan51@example.net,Toronto,Ontario,2024-12-22,Bronze
C02682,Keith,Moore,vburch@example.com,Ottawa,Ontario,2021-12-21,Silver
C02683,John,Kelley,ruth60@example.net,Brampton,Ontario,2021-10-18,Gold
C02684,Felicia,Small,sharithompson@example.net,Edmonton,Alberta,2023-02-06,Silver
C02685,Allison,Alvarez,phillipfisher@example.net,Toronto,Ontario,2024-04-11,Silver
C02686,Sandra,Frye,ashley60@example.org,Mississauga,Ontario,2026-03-16,Bronze
C02687,Lori,Beasley,hallluis@example.org,Edmonton,Alberta,2023-12-14,Gold
C02688,Mark,Rowe,pford@example.net,Edmonton,Alberta,2024-05-18,Bronze
C02689,Emily,Douglas,melanie82@example.org,Hamilton,Ontario,2026-01-30,Silver
C02690,William,Underwood,gchavez@example.net,Mississauga,Ontario,2025-08-25,Bronze
C02691,Jeffrey,Wyatt,robinsonbelinda@example.com,Edmonton,Alberta,2025-11-17,Bronze
C02692,Emma,Mason,dcohen@example.net,Calgary,Alberta,2021-10-03,Gold
C02693,Jay,Lynch,trobinson@example.com,Hamilton,Ontario,2023-01-22,Bronze
C02694,Jennifer,Barber,ymartinez@example.com,Ottawa,Ontario,2025-07-27,Bronze
C02695,Eileen,Neal,tinaking@example.net,Vancouver,British Columbia,2022-01-27,Silver
C02696,Rebecca,Hicks,christopherhatfield@example.com,Mississauga,Ontario,2023-08-12,Bronze
C02697,Shelly,Henderson,katiemolina@example.org,Toronto,Ontario,2024-09-23,Bronze
C02698,Kathryn,Myers,igrant@example.com,Toronto,Ontario,2024-04-18,Silver
C02699,James,Ramirez,logan87@example.org,Brampton,Ontario,2023-03-03,Silver
C02700,Isaiah,Hartman,grogers@example.org,Hamilton,Ontario,2026-06-11,Silver
C02701,Kelly,Perez,nathan82@example.net,Edmonton,Alberta,2023-10-18,Bronze
C02702,Jennifer,Reynolds,beverly34@example.net,Calgary,Alberta,2025-01-30,Bronze
C02703,Brenda,Gallagher,ymeza@example.org,Calgary,Alberta,2023-09-11,Silver
C02704,Nicole,Mendoza,pgarza@example.org,Hamilton,Ontario,2026-03-02,Silver
C02705,Mike,Warner,vickiefarmer@example.com,Hamilton,Ontario,2021-08-08,Bronze
C02706,David,Carpenter,ehenderson@example.com,Calgary,Alberta,2025-06-29,Silver
C02707,Pamela,Wu,angela49@example.com,Vancouver,British Columbia,2021-08-05,Bronze
C02708,Eric,Bryant,merritttammy@example.org,Edmonton,Alberta,2025-02-28,Bronze
C02709,Debra,Phillips,ostephens@example.net,Vancouver,British Columbia,2023-03-28,Gold
C02710,Mary,Carter,samuel70@example.com,Hamilton,Ontario,2025-04-11,Gold
C02711,Brian,Park,nicolelopez@example.org,Vancouver,British Columbia,2023-02-08,Bronze
C02712,Maureen,Thompson,kevinsmith@example.net,Edmonton,Alberta,2023-11-04,Bronze
C02713,Shelia,Moore,vjohnson@example.com,Vancouver,British Columbia,2021-08-05,Silver
C02714,Richard,Smith,floreshannah@example.com,Hamilton,Ontario,2025-06-04,Bronze
C02715,Sean,Johnson,plopez@example.com,Calgary,Alberta,2024-11-05,Bronze
C02716,Brandi,Welch,leonmonica@example.net,Mississauga,Ontario,2025-07-17,Silver
C02717,Richard,Howard,agonzales@example.org,Toronto,Ontario,2026-07-19,Silver
C02718,William,Lee,calebmoore@example.com,Mississauga,Ontario,2021-10-14,Bronze
C02719,Dylan,Haynes,james92@example.net,Ottawa,Ontario,2024-12-31,Gold
C02720,Jennifer,Hood,gonzalezbrittney@example.net,Edmonton,Alberta,2021-11-23,Silver
C02721,Raymond,Cochran,rmurphy@example.com,Brampton,Ontario,2023-12-10,Bronze
C02722,Michelle,Brown,elizabeth65@example.com,Brampton,Ontario,2025-03-17,Bronze
C02723,Richard,Beck,dchristensen@example.net,Vancouver,British Columbia,2022-08-26,Silver
C02724,John,Bennett,teresa08@example.org,Vancouver,British Columbia,2023-04-02,Silver
C02725,Allen,Martin,pinedaandrew@example.org,Ottawa,Ontario,2026-07-19,Bronze
C02726,Rose,Patton,cynthiawilkinson@example.net,Ottawa,Ontario,2021-09-18,Bronze
C02727,Kenneth,Roberts,thomas00@example.org,Vancouver,British Columbia,2025-07-21,Bronze
C02728,Pamela,Miller,collin52@example.org,Mississauga,Ontario,2022-03-08,Silver
C02729,Jodi,Welch,fnelson@example.org,Toronto,Ontario,2021-07-31,Bronze
C02730,Justin,Andrews,dunnmichael@example.org,Edmonton,Alberta,2025-03-05,Bronze
C02731,Whitney,Young,ylee@example.com,Edmonton,Alberta,2025-11-18,Bronze
C02732,Laura,Decker,faulknermichael@example.com,Ottawa,Ontario,2024-10-14,Silver
C02733,Jessica,Pruitt,jeremy59@example.com,Brampton,Ontario,2025-11-16,Silver
C02734,Shelby,Brooks,stephen21@example.net,Edmonton,Alberta,2025-01-04,Silver
C02735,David,Arnold,alicia00@example.com,Edmonton,Alberta,2024-12-29,Bronze
C02736,Scott,Lindsey,michelle63@example.net,Toronto,Ontario,2021-09-02,Bronze
C02737,Zachary,Lambert,katherinemueller@example.org,Mississauga,Ontario,2022-12-19,Bronze
C02738,Sarah,Deleon,fisherkelly@example.net,Ottawa,Ontario,2026-07-09,Gold
C02739,Brandi,Wood,smithpatricia@example.org,Calgary,Alberta,2023-07-11,Bronze
C02740,Valerie,Vasquez,phillipsangela@example.com,Toronto,Ontario,2024-09-04,Bronze
C02741,Natasha,Johnson,mathewwhite@example.net,Mississauga,Ontario,2022-12-28,Bronze
C02742,Stephanie,Newton,martinbrandt@example.net,Ottawa,Ontario,2022-03-28,Silver
C02743,Denise,Reed,robert12@example.com,Hamilton,Ontario,2025-06-01,Bronze
C02744,Tracie,Williams,hannah68@example.net,Edmonton,Alberta,2025-11-19,Bronze
C02745,Willie,Munoz,nbrown@example.net,Toronto,Ontario,2025-03-28,Bronze
C02746,Glenn,Cabrera,westgregory@example.org,Brampton,Ontario,2024-02-07,Bronze
C02747,Thomas,Tran,usmith@example.com,Toronto,Ontario,2024-08-15,Bronze
C02748,Terrance,Martin,robertgonzalez@example.org,Ottawa,Ontario,2022-01-21,Silver
C02749,Dylan,Cook,williamsjacob@example.net,Vancouver,British Columbia,2023-11-19,Silver
C02750,Steven,Baldwin,joshua14@example.net,Vancouver,British Columbia,2022-10-13,Silver
C02751,Candice,Sharp,kara46@example.org,Brampton,Ontario,2025-02-04,Bronze
C02752,Christopher,Casey,andersonkaren@example.com,Ottawa,Ontario,2023-07-10,Bronze
C02753,Cynthia,Sullivan,bjones@example.net,Edmonton,Alberta,2025-12-23,Silver
C02754,Jesse,Gonzalez,hawkinslisa@example.net,Ottawa,Ontario,2025-10-08,Bronze
C02755,Ronald,Munoz,tonyandrews@example.com,Toronto,Ontario,2024-05-18,Bronze
C02756,Tonya,Charles,vwells@example.org,Brampton,Ontario,2026-05-13,Bronze
C02757,Nancy,Drake,feliciacampbell@example.org,Brampton,Ontario,2024-06-05,Bronze
C02758,Alex,Griffin,anita79@example.net,Edmonton,Alberta,2025-04-30,Bronze
C02759,Brian,Vega,george69@example.com,Toronto,Ontario,2022-08-23,Bronze
C02760,Noah,Mitchell,lbarton@example.com,Calgary,Alberta,2024-11-16,Bronze
C02761,Richard,Hurst,saraellis@example.net,Vancouver,British Columbia,2025-12-03,Bronze
C02762,Amy,Brown,floresmaria@example.net,Calgary,Alberta,2025-05-23,Bronze
C02763,Jennifer,Robinson,joshua05@example.net,Toronto,Ontario,2025-12-25,Bronze
C02764,Timothy,Adams,nathan76@example.com,Brampton,Ontario,2023-06-23,Bronze
C02765,Jacob,Hull,curtisbyrd@example.org,Mississauga,Ontario,2024-07-18,Silver
C02766,Joseph,Fields,brandon09@example.org,Calgary,Alberta,2023-06-23,Silver
C02767,Kenneth,Silva,harriswilliam@example.net,Ottawa,Ontario,2024-01-21,Silver
C02768,Russell,Peck,fraziermatthew@example.net,Toronto,Ontario,2023-05-05,Gold
C02769,Jennifer,Ramirez,fsavage@example.net,Hamilton,Ontario,2022-10-30,Bronze
C02770,Amy,Ball,david52@example.com,Brampton,Ontario,2025-05-14,Bronze
C02771,Manuel,Larsen,cjones@example.org,Vancouver,British Columbia,2023-06-08,Silver
C02772,Joshua,Watkins,laura27@example.com,Hamilton,Ontario,2025-11-26,Silver
C02773,Elizabeth,Johnson,kayla34@example.org,Toronto,Ontario,2025-12-01,Silver
C02774,Charles,Townsend,johnsmary@example.org,Ottawa,Ontario,2026-02-19,Bronze
C02775,Oscar,Taylor,durancaleb@example.net,Toronto,Ontario,2025-09-23,Silver
C02776,Richard,Fowler,fdelgado@example.com,Brampton,Ontario,2025-05-06,Gold
C02777,Roberta,Jones,pettyvirginia@example.org,Ottawa,Ontario,2023-04-19,Bronze
C02778,Levi,Walker,xfarrell@example.org,Toronto,Ontario,2021-11-17,Bronze
C02779,Veronica,Moore,james75@example.com,Hamilton,Ontario,2026-06-19,Bronze
C02780,Dennis,Perry,cmaynard@example.com,Mississauga,Ontario,2022-03-16,Silver
C02781,Jerry,Rodriguez,ramirezdaniel@example.net,Edmonton,Alberta,2022-12-16,Bronze
C02782,Eddie,Black,cford@example.com,Calgary,Alberta,2021-10-29,Bronze
C02783,Edward,Jones,john04@example.com,Hamilton,Ontario,2026-05-03,Bronze
C02784,James,Haynes,jimmy93@example.com,Mississauga,Ontario,2023-08-30,Bronze
C02785,Tracy,Walker,vazquezshirley@example.net,Edmonton,Alberta,2024-04-06,Bronze
C02786,Nancy,Rodriguez,hernandezchristopher@example.com,Ottawa,Ontario,2025-10-19,Silver
C02787,Donna,Nicholson,mosscarly@example.org,Mississauga,Ontario,2024-01-08,Gold
C02788,Lauren,Davis,janice78@example.net,Toronto,Ontario,2026-04-11,Bronze
C02789,John,Montgomery,robbinswhitney@example.com,Calgary,Alberta,2022-06-19,Gold
C02790,Nichole,Conrad,meyerjill@example.net,Edmonton,Alberta,2022-04-26,Gold
C02791,Barbara,Anderson,powellrobert@example.net,Toronto,Ontario,2023-11-24,Bronze
C02792,Jeffrey,Williams,singhsarah@example.net,Ottawa,Ontario,2025-05-11,Bronze
C02793,John,Chavez,dmcintosh@example.org,Mississauga,Ontario,2024-07-11,Bronze
C02794,Kathryn,Baker,abbottdavid@example.com,Vancouver,British Columbia,2023-11-16,Silver
C02795,Justin,Grimes,caitlingarcia@example.org,Vancouver,British Columbia,2022-07-31,Silver
C02796,Louis,Armstrong,matthewcaldwell@example.org,Toronto,Ontario,2024-03-29,Bronze
C02797,Kimberly,Parker,gina89@example.net,Edmonton,Alberta,2026-06-12,Bronze
C02798,Abigail,Salas,dunnrose@example.com,Hamilton,Ontario,2022-08-13,Bronze
C02799,Mary,Hansen,mitchellcampbell@example.org,Calgary,Alberta,2025-04-28,Silver
C02800,Maureen,Murillo,xjackson@example.org,Ottawa,Ontario,2021-08-23,Silver
C02801,Stephanie,Moore,wcollins@example.com,Ottawa,Ontario,2025-07-04,Bronze
C02802,Michelle,Peterson,bortiz@example.com,Toronto,Ontario,2025-06-21,Bronze
C02803,Erin,Mcdonald,zamorarichard@example.net,Toronto,Ontario,2025-03-31,Gold
C02804,Eric,Bruce,shelby66@example.org,Vancouver,British Columbia,2021-08-06,Bronze
C02805,Ivan,Morris,zpeters@example.net,Edmonton,Alberta,2024-10-25,Bronze
C02806,Lindsey,Turner,cummingsnicholas@example.org,Brampton,Ontario,2026-06-12,Silver
C02807,Tiffany,Adams,zwalters@example.com,Calgary,Alberta,2024-06-11,Silver
C02808,Elizabeth,Morgan,shellydalton@example.net,Vancouver,British Columbia,2023-01-16,Silver
C02809,Gina,Barr,nicholassanders@example.com,Calgary,Alberta,2023-01-05,Bronze
C02810,Sarah,Gomez,cfranklin@example.net,Brampton,Ontario,2023-09-28,Bronze
C02811,Charles,Gonzalez,yjimenez@example.com,Hamilton,Ontario,2023-07-23,Silver
C02812,Richard,Smith,harringtonmichael@example.com,Hamilton,Ontario,2024-11-04,Bronze
C02813,Joshua,Keller,aryan@example.net,Ottawa,Ontario,2022-01-16,Silver
C02814,Cody,Hart,lisaanderson@example.com,Hamilton,Ontario,2023-07-31,Silver
C02815,Gary,Carroll,rachel44@example.com,Vancouver,British Columbia,2022-06-17,Bronze
C02816,Jennifer,Kennedy,jonesmaria@example.net,Brampton,Ontario,2024-02-20,Silver
C02817,Mark,Thompson,jamesmullins@example.net,Ottawa,Ontario,2026-07-17,Bronze
C02818,Donna,Morris,andrew15@example.org,Toronto,Ontario,2021-10-20,Silver
C02819,Heather,Howe,nicholas66@example.org,Mississauga,Ontario,2024-02-03,Silver
C02820,Vincent,Berry,michael98@example.com,Edmonton,Alberta,2026-05-25,Bronze
C02821,Gregory,Newton,turnermatthew@example.org,Edmonton,Alberta,2024-08-02,Silver
C02822,Carrie,Brown,lowerychristopher@example.com,Mississauga,Ontario,2025-04-10,Bronze
C02823,Jesse,Ortiz,jrichardson@example.com,Toronto,Ontario,2023-07-17,Bronze
C02824,Brandon,Clark,samantha25@example.org,Calgary,Alberta,2023-05-01,Bronze
C02825,Justin,Roberson,david15@example.org,Hamilton,Ontario,2024-11-10,Bronze
C02826,Jonathan,Baker,nicholejones@example.com,Edmonton,Alberta,2026-07-02,Bronze
C02827,Sandra,Curry,robinsonchristopher@example.com,Brampton,Ontario,2025-03-04,Bronze
C02828,Pamela,Henderson,perezcarl@example.org,Vancouver,British Columbia,2023-03-07,Silver
C02829,Wendy,Cook,halllinda@example.com,Toronto,Ontario,2026-03-02,Bronze
C02830,Crystal,White,sabrina75@example.net,Brampton,Ontario,2024-12-10,Bronze
C02831,Keith,Hernandez,shelleymcintosh@example.org,Edmonton,Alberta,2025-07-10,Bronze
C02832,Kristi,Robinson,mckaylindsay@example.com,Hamilton,Ontario,2021-08-31,Bronze
C02833,Carly,Paul,oconnorshane@example.org,Calgary,Alberta,2024-06-10,Bronze
C02834,Cheryl,Boyd,rebecca67@example.net,Calgary,Alberta,2024-08-24,Gold
C02835,Denise,James,wrightjorge@example.com,Brampton,Ontario,2022-02-09,Bronze
C02836,Matthew,Simpson,reedmatthew@example.com,Ottawa,Ontario,2021-08-12,Bronze
C02837,Samuel,Marshall,sanfordmatthew@example.net,Ottawa,Ontario,2025-10-03,Silver
C02838,Samantha,Hill,michaelmcbride@example.net,Calgary,Alberta,2025-06-23,Silver
C02839,Sharon,Meyer,pennygallagher@example.org,Toronto,Ontario,2023-02-22,Bronze
C02840,Jamie,Soto,alvarezsandy@example.net,Mississauga,Ontario,2024-03-16,Bronze
C02841,Jennifer,Perez,gdavies@example.org,Edmonton,Alberta,2022-10-30,Bronze
C02842,Chris,Hernandez,samuelschultz@example.com,Brampton,Ontario,2022-07-09,Silver
C02843,Phillip,Tran,joebrown@example.com,Mississauga,Ontario,2022-01-15,Bronze
C02844,Joseph,Rivera,josephjoseph@example.com,Edmonton,Alberta,2023-03-17,Bronze
C02845,Amy,Martin,jonathanwilliams@example.org,Vancouver,British Columbia,2025-01-30,Bronze
C02846,Jacob,Moreno,seanmckinney@example.org,Edmonton,Alberta,2024-11-10,Silver
C02847,Brian,Watkins,chapmanbrooke@example.org,Hamilton,Ontario,2022-09-07,Bronze
C02848,Damon,Townsend,aaron35@example.org,Hamilton,Ontario,2021-08-09,Bronze
C02849,Lori,Reyes,sherry77@example.org,Ottawa,Ontario,2022-07-18,Bronze
C02850,Abigail,Barron,rachelbrown@example.net,Mississauga,Ontario,2025-11-14,Bronze
C02851,Kimberly,Nelson,carlsonsarah@example.com,Edmonton,Alberta,2023-03-19,Bronze
C02852,Bianca,Brown,iandrews@example.net,Edmonton,Alberta,2023-08-25,Gold
C02853,Timothy,Brown,fclark@example.com,Vancouver,British Columbia,2021-11-03,Silver
C02854,Joseph,Peterson,jasondoyle@example.org,Ottawa,Ontario,2023-06-30,Silver
C02855,Jessica,Moreno,woodwardtami@example.org,Calgary,Alberta,2023-05-03,Silver
C02856,Michael,Salas,owensbriana@example.net,Calgary,Alberta,2026-04-14,Silver
C02857,Michael,Gutierrez,jacobhall@example.net,Mississauga,Ontario,2025-10-14,Silver
C02858,Wesley,Weiss,gperez@example.org,Mississauga,Ontario,2023-02-26,Silver
C02859,Samantha,Barnes,molly26@example.org,Hamilton,Ontario,2024-05-02,Silver
C02860,Peter,Martin,ramosanthony@example.com,Hamilton,Ontario,2023-12-03,Bronze
C02861,William,Rowe,chungkatherine@example.org,Mississauga,Ontario,2022-11-27,Silver
C02862,Ryan,Gonzalez,williammoore@example.com,Brampton,Ontario,2025-04-04,Bronze
C02863,Geoffrey,Jennings,heather35@example.net,Vancouver,British Columbia,2024-06-15,Bronze
C02864,Christine,King,gibsonsteven@example.net,Toronto,Ontario,2023-11-28,Bronze
C02865,Stephanie,Rosales,ashley06@example.org,Mississauga,Ontario,2023-08-21,Bronze
C02866,Kimberly,Walker,fowlerwilliam@example.org,Hamilton,Ontario,2024-05-02,Silver
C02867,Teresa,Carter,icollins@example.org,Vancouver,British Columbia,2025-05-20,Silver
C02868,Justin,Nicholson,candicewilliams@example.com,Hamilton,Ontario,2023-06-20,Silver
C02869,Brittany,Webb,teresa97@example.net,Toronto,Ontario,2025-02-14,Bronze
C02870,Elizabeth,Olson,jjordan@example.org,Mississauga,Ontario,2026-07-22,Bronze
C02871,Michelle,Graham,jeffrey84@example.org,Mississauga,Ontario,2025-12-18,Silver
C02872,Jared,Chavez,grahammichaela@example.net,Mississauga,Ontario,2022-03-31,Silver
C02873,Whitney,Ross,matthewhernandez@example.org,Ottawa,Ontario,2022-11-14,Silver
C02874,David,Sullivan,zachary58@example.com,Toronto,Ontario,2026-02-12,Bronze
C02875,Shelby,Barnes,jesus53@example.org,Mississauga,Ontario,2025-06-10,Bronze
C02876,Kathy,Stewart,foleymallory@example.org,Calgary,Alberta,2022-06-08,Bronze
C02877,Dawn,Miller,mball@example.org,Calgary,Alberta,2024-11-23,Silver
C02878,Teresa,Buchanan,harrislisa@example.com,Calgary,Alberta,2023-12-09,Silver
C02879,Sarah,Tapia,ggonzales@example.com,Edmonton,Alberta,2022-09-21,Silver
C02880,Karen,Thompson,johnnyosborne@example.org,Mississauga,Ontario,2023-07-01,Gold
C02881,Jennifer,Brewer,pmartin@example.com,Vancouver,British Columbia,2024-02-11,Bronze
C02882,Rebecca,Webb,brooksrebecca@example.net,Ottawa,Ontario,2024-07-28,Silver
C02883,John,Ellis,mike53@example.net,Toronto,Ontario,2023-01-27,Silver
C02884,Kelly,Collins,adamsdonald@example.org,Mississauga,Ontario,2025-02-28,Bronze
C02885,James,Melendez,kdennis@example.net,Toronto,Ontario,2025-12-02,Bronze
C02886,David,Everett,butlermichele@example.org,Brampton,Ontario,2024-03-02,Silver
C02887,Brandon,Sanchez,leonmoss@example.org,Edmonton,Alberta,2023-05-16,Bronze
C02888,Jenna,Zavala,nealrebecca@example.org,Calgary,Alberta,2022-02-15,Silver
C02889,Carmen,Baldwin,sydney39@example.net,Edmonton,Alberta,2024-07-18,Bronze
C02890,Marie,Benitez,lauren44@example.net,Edmonton,Alberta,2021-09-09,Bronze
C02891,Joshua,Evans,usmith@example.net,Hamilton,Ontario,2025-05-15,Bronze
C02892,Tammy,Bailey,nathan69@example.com,Brampton,Ontario,2026-04-14,Bronze
C02893,Dawn,Castro,jessica74@example.net,Vancouver,British Columbia,2024-12-10,Bronze
C02894,Jack,Livingston,pamelabarker@example.net,Toronto,Ontario,2022-04-02,Bronze
C02895,Sharon,Jenkins,christopher02@example.com,Brampton,Ontario,2025-04-04,Bronze
C02896,Mackenzie,Ayala,mitchellanthony@example.org,Hamilton,Ontario,2024-01-05,Silver
C02897,Brian,Richmond,michelle65@example.net,Brampton,Ontario,2021-12-10,Bronze
C02898,Tiffany,Booth,lucas71@example.com,Edmonton,Alberta,2024-06-27,Silver
C02899,John,Bell,billyking@example.com,Brampton,Ontario,2021-10-21,Silver
C02900,Dominique,Evans,cochranvictoria@example.org,Toronto,Ontario,2024-06-05,Bronze
C02901,Maria,Burnett,lindalawrence@example.net,Calgary,Alberta,2026-06-29,Bronze
C02902,William,Perez,brookschristopher@example.org,Brampton,Ontario,2021-09-18,Gold
C02903,Charles,Eaton,hansenrichard@example.com,Vancouver,British Columbia,2025-01-14,Bronze
C02904,Catherine,Lopez,angel01@example.com,Brampton,Ontario,2025-04-01,Bronze
C02905,Andrew,Reyes,julia96@example.net,Ottawa,Ontario,2025-11-02,Silver
C02906,Christopher,Cruz,xburton@example.net,Vancouver,British Columbia,2026-02-19,Bronze
C02907,Leslie,Mills,melissataylor@example.net,Ottawa,Ontario,2022-07-31,Bronze
C02908,Monica,Cummings,davispaige@example.net,Calgary,Alberta,2024-01-17,Silver
C02909,Vickie,Fitzgerald,thomas16@example.org,Ottawa,Ontario,2026-03-15,Bronze
C02910,Connie,Reed,blackrachel@example.com,Toronto,Ontario,2025-06-10,Silver
C02911,Michael,Howard,kellyallen@example.org,Hamilton,Ontario,2023-09-11,Silver
C02912,Kelly,Allen,roychristopher@example.com,Toronto,Ontario,2025-11-09,Bronze
C02913,Donald,Warren,cory74@example.org,Hamilton,Ontario,2023-11-01,Gold
C02914,Christopher,Novak,sarahcastillo@example.com,Brampton,Ontario,2023-10-09,Bronze
C02915,Caroline,Mcpherson,destinybrown@example.org,Vancouver,British Columbia,2021-10-17,Silver
C02916,Brittany,Gonzalez,zthomas@example.com,Hamilton,Ontario,2023-04-02,Bronze
C02917,Kathryn,Martin,mcintoshheidi@example.net,Brampton,Ontario,2023-09-26,Silver
C02918,Sarah,Turner,mberger@example.net,Hamilton,Ontario,2026-01-30,Silver
C02919,Thomas,Woodard,perezgregory@example.org,Calgary,Alberta,2022-05-01,Silver
C02920,Amy,Ross,bmanning@example.org,Calgary,Alberta,2022-04-23,Gold
C02921,Brandy,Smith,perkinsjames@example.org,Edmonton,Alberta,2021-09-30,Bronze
C02922,Tracy,Ford,berrystephen@example.org,Brampton,Ontario,2026-02-27,Bronze
C02923,Brandi,Walsh,todd52@example.net,Ottawa,Ontario,2024-04-06,Bronze
C02924,Kristen,Moore,tamarascott@example.com,Hamilton,Ontario,2025-09-17,Bronze
C02925,Chelsea,Vega,jamestyler@example.org,Hamilton,Ontario,2021-11-19,Bronze
C02926,Brandon,Vargas,leeteresa@example.net,Edmonton,Alberta,2025-02-10,Gold
C02927,Robert,Castillo,zimmermantheresa@example.net,Vancouver,British Columbia,2024-07-16,Bronze
C02928,James,Tyler,matthewsmith@example.net,Vancouver,British Columbia,2023-11-29,Gold
C02929,Rachel,Campbell,brianquinn@example.com,Ottawa,Ontario,2022-02-03,Silver
C02930,Chelsea,Freeman,patrick55@example.net,Vancouver,British Columbia,2026-01-15,Silver
C02931,Billy,Tanner,wrighttina@example.org,Calgary,Alberta,2026-04-05,Bronze
C02932,Jeffrey,Hall,cody65@example.com,Edmonton,Alberta,2025-03-26,Silver
C02933,Mark,Grant,ewingmichael@example.net,Hamilton,Ontario,2023-10-21,Bronze
C02934,Maria,Ruiz,samantha78@example.net,Calgary,Alberta,2024-10-12,Silver
C02935,Sarah,Harrison,qpalmer@example.com,Hamilton,Ontario,2025-12-26,Silver
C02936,Matthew,Snyder,martinezashley@example.org,Vancouver,British Columbia,2025-04-17,Bronze
C02937,Heather,Clark,connornelson@example.com,Brampton,Ontario,2026-04-29,Silver
C02938,Alex,Pennington,santanadonald@example.net,Ottawa,Ontario,2023-07-14,Bronze
C02939,Michael,Stephens,lori55@example.org,Toronto,Ontario,2022-02-10,Silver
C02940,Amber,Robertson,riveracory@example.org,Ottawa,Ontario,2025-01-26,Silver
C02941,Mark,Parks,parkerjulie@example.net,Edmonton,Alberta,2025-10-19,Bronze
C02942,Jennifer,Crawford,washingtonkelsey@example.com,Ottawa,Ontario,2023-11-20,Bronze
C02943,Nicholas,Palmer,lroberts@example.com,Hamilton,Ontario,2022-02-28,Bronze
C02944,Brittney,Brown,hortonamy@example.net,Mississauga,Ontario,2024-02-05,Silver
C02945,Lauren,Edwards,hmartin@example.net,Brampton,Ontario,2024-07-05,Bronze
C02946,Kimberly,Jensen,susanmartinez@example.net,Edmonton,Alberta,2022-07-18,Bronze
C02947,William,Brown,william25@example.net,Brampton,Ontario,2025-10-26,Bronze
C02948,Justin,Peters,davissherry@example.com,Edmonton,Alberta,2024-12-16,Gold
C02949,Kimberly,Hubbard,hendersonmark@example.net,Hamilton,Ontario,2026-04-19,Silver
C02950,Jesse,Alvarez,jessicabrady@example.net,Toronto,Ontario,2025-11-27,Gold
C02951,Emily,Austin,zwelch@example.com,Hamilton,Ontario,2024-07-21,Bronze
C02952,Paula,Montgomery,amy83@example.com,Hamilton,Ontario,2022-09-30,Bronze
C02953,James,Acevedo,kingeddie@example.net,Vancouver,British Columbia,2022-08-07,Bronze
C02954,Jessica,Ford,michaelhenry@example.com,Mississauga,Ontario,2022-03-30,Silver
C02955,Seth,Burns,shannon31@example.net,Mississauga,Ontario,2024-12-05,Bronze
C02956,Kelsey,Reyes,mcdanielshawn@example.org,Toronto,Ontario,2022-12-26,Bronze
C02957,Blake,Perez,erikandersen@example.com,Vancouver,British Columbia,2025-03-22,Bronze
C02958,Kathryn,Smith,melissawebb@example.com,Calgary,Alberta,2021-11-16,Silver
C02959,Tyler,Crawford,zrobinson@example.com,Brampton,Ontario,2022-12-31,Bronze
C02960,Sarah,Chambers,kaitlyn89@example.net,Vancouver,British Columbia,2025-01-25,Bronze
C02961,Maria,Wilkins,katherineferguson@example.net,Ottawa,Ontario,2021-08-11,Silver
C02962,Aaron,Watson,dale19@example.net,Toronto,Ontario,2022-03-24,Gold
C02963,John,Richardson,watkinssarah@example.net,Hamilton,Ontario,2021-10-08,Bronze
C02964,Ashley,Williamson,melissa44@example.net,Ottawa,Ontario,2026-05-26,Silver
C02965,Mark,Cardenas,egregory@example.org,Vancouver,British Columbia,2026-07-17,Silver
C02966,Theresa,Miller,calhounmike@example.net,Toronto,Ontario,2025-03-23,Bronze
C02967,Virginia,Allen,hburns@example.net,Hamilton,Ontario,2021-12-08,Silver
C02968,Robert,Friedman,orodriguez@example.org,Ottawa,Ontario,2025-11-28,Bronze
C02969,Kimberly,Powers,victoriajones@example.com,Vancouver,British Columbia,2021-09-30,Bronze
C02970,Kathleen,Smith,marisa22@example.com,Edmonton,Alberta,2023-07-22,Bronze
C02971,Chad,Lewis,wdavis@example.com,Hamilton,Ontario,2025-01-16,Bronze
C02972,Samuel,Garcia,sanchezrachel@example.net,Hamilton,Ontario,2023-11-19,Bronze
C02973,Nancy,Gates,hardingkeith@example.org,Hamilton,Ontario,2025-02-07,Bronze
C02974,Heather,Boyle,mckinneyrobert@example.net,Vancouver,British Columbia,2024-12-16,Silver
C02975,Kristin,Johnson,campbellkelly@example.org,Mississauga,Ontario,2023-02-22,Bronze
C02976,Brian,Martin,gutierrezgina@example.org,Ottawa,Ontario,2023-12-09,Bronze
C02977,Darryl,Morgan,julianmeyer@example.org,Mississauga,Ontario,2023-11-15,Silver
C02978,Jennifer,Cooper,ojohnson@example.org,Edmonton,Alberta,2023-11-27,Gold
C02979,Laura,Mann,asmith@example.net,Brampton,Ontario,2024-08-13,Bronze
C02980,Trevor,Cantu,cthomas@example.com,Mississauga,Ontario,2023-09-07,Bronze
C02981,Taylor,Gonzalez,tina92@example.net,Vancouver,British Columbia,2023-07-16,Bronze
C02982,Christy,Adams,iwilliams@example.com,Hamilton,Ontario,2023-02-01,Bronze
C02983,Kristi,Cooper,qsmith@example.com,Ottawa,Ontario,2023-03-12,Silver
C02984,Vanessa,Hawkins,daniel71@example.com,Edmonton,Alberta,2026-03-02,Silver
C02985,Anthony,Wilson,nathangray@example.net,Mississauga,Ontario,2025-10-07,Silver
C02986,Evelyn,Rogers,david90@example.net,Mississauga,Ontario,2025-09-15,Gold
C02987,Kristina,Alexander,yrodriguez@example.net,Toronto,Ontario,2023-06-23,Bronze
C02988,Timothy,Mcguire,caroline00@example.net,Vancouver,British Columbia,2023-03-29,Bronze
C02989,Sara,Baker,samuelking@example.net,Hamilton,Ontario,2024-08-19,Silver
C02990,George,Woods,griffinrobert@example.com,Calgary,Alberta,2023-02-27,Bronze
C02991,Lisa,Moreno,kaylayoung@example.com,Hamilton,Ontario,2021-11-14,Bronze
C02992,Stephen,Olsen,brianawest@example.org,Mississauga,Ontario,2025-03-18,Gold
C02993,Richard,Roach,olivia69@example.com,Ottawa,Ontario,2025-09-18,Bronze
C02994,John,Mata,caseashley@example.org,Hamilton,Ontario,2024-06-14,Bronze
C02995,Jamie,Watts,nrivera@example.org,Toronto,Ontario,2022-08-11,Silver
C02996,Rachel,Gordon,agillespie@example.net,Hamilton,Ontario,2021-08-11,Gold
C02997,Franklin,Johnson,opace@example.net,Ottawa,Ontario,2025-08-04,Bronze
C02998,Rhonda,Long,tcox@example.net,Toronto,Ontario,2024-03-26,Bronze
C02999,Todd,Williams,zgarcia@example.org,Brampton,Ontario,2025-08-09,Bronze
C03000,David,Chaney,paulbrian@example.org,Ottawa,Ontario,2023-05-12,Silver
C03001,Valerie,Carter,andrewcline@example.net,Calgary,Alberta,2022-07-31,Silver
C03002,Christian,Shelton,jennifernelson@example.org,Ottawa,Ontario,2023-04-13,Bronze
C03003,Kenneth,Hoffman,lawrence02@example.org,Calgary,Alberta,2026-02-09,Silver
C03004,Jessica,King,ashleydaniels@example.net,Brampton,Ontario,2025-02-20,Bronze
C03005,Gavin,Washington,simmonssteven@example.net,Hamilton,Ontario,2025-10-18,Bronze
C03006,Michael,Jackson,hclark@example.com,Mississauga,Ontario,2026-04-11,Bronze
C03007,Linda,Powell,kcuevas@example.net,Brampton,Ontario,2024-08-17,Gold
C03008,Steve,Robinson,bethparker@example.org,Hamilton,Ontario,2026-01-07,Silver
C03009,Janet,Rodriguez,adriana48@example.net,Calgary,Alberta,2022-11-15,Bronze
C03010,Keith,Bowman,gmarquez@example.com,Mississauga,Ontario,2024-01-30,Bronze
C03011,Kelsey,Callahan,josephspencer@example.org,Edmonton,Alberta,2024-12-16,Bronze
C03012,Shelby,Tucker,anthony22@example.com,Calgary,Alberta,2023-07-14,Bronze
C03013,Rebecca,Johnson,tgordon@example.com,Brampton,Ontario,2026-03-30,Bronze
C03014,Patrick,Flores,imartinez@example.org,Calgary,Alberta,2023-03-27,Silver
C03015,Brandon,Weaver,jbaker@example.org,Brampton,Ontario,2024-09-18,Silver
C03016,Megan,Bird,terrichung@example.net,Ottawa,Ontario,2025-09-18,Silver
C03017,Jennifer,Barajas,smithmichael@example.org,Hamilton,Ontario,2023-12-27,Silver
C03018,Jennifer,Ryan,francisco96@example.net,Edmonton,Alberta,2025-09-14,Bronze
C03019,Jacqueline,Hammond,leah30@example.com,Edmonton,Alberta,2022-06-27,Silver
C03020,Kimberly,Smith,colleengreen@example.com,Calgary,Alberta,2026-02-21,Silver
C03021,Kelly,Walker,michaellang@example.org,Mississauga,Ontario,2026-07-07,Bronze
C03022,Thomas,Kent,anthonylee@example.net,Calgary,Alberta,2025-12-15,Bronze
C03023,Kara,Turner,vwilson@example.com,Mississauga,Ontario,2021-12-04,Silver
C03024,Leslie,Trujillo,dylan42@example.net,Mississauga,Ontario,2022-04-04,Silver
C03025,Anna,Johnson,ebraun@example.com,Hamilton,Ontario,2023-12-28,Gold
C03026,Francis,Williams,jenniferyoung@example.com,Toronto,Ontario,2022-05-14,Silver
C03027,George,Bates,jamesbrittany@example.org,Brampton,Ontario,2023-12-29,Silver
C03028,Robert,Salinas,bensonkelly@example.net,Ottawa,Ontario,2023-11-16,Bronze
C03029,Chelsea,Beck,brownrobin@example.net,Ottawa,Ontario,2021-11-07,Silver
C03030,Virginia,Anderson,joseph61@example.net,Hamilton,Ontario,2022-06-26,Bronze
C03031,Carrie,Miller,williamcarter@example.net,Brampton,Ontario,2026-03-23,Silver
C03032,Katherine,Jensen,parkermelody@example.org,Calgary,Alberta,2022-12-12,Silver
C03033,Johnny,Porter,collinsian@example.com,Ottawa,Ontario,2024-06-19,Silver
C03034,Gregory,Young,christinaschmidt@example.com,Hamilton,Ontario,2024-11-19,Bronze
C03035,Sharon,Heath,ajohnson@example.net,Toronto,Ontario,2022-02-27,Bronze
C03036,Caleb,Reyes,adam59@example.net,Vancouver,British Columbia,2022-05-10,Silver
C03037,Dana,Hernandez,contrerasmichelle@example.org,Brampton,Ontario,2024-10-08,Bronze
C03038,Tiffany,Carter,jeffrey39@example.org,Ottawa,Ontario,2023-12-13,Silver
C03039,Melissa,Kent,justinlindsey@example.org,Edmonton,Alberta,2022-05-25,Bronze
C03040,Joseph,Thompson,richardray@example.org,Calgary,Alberta,2023-12-28,Silver
C03041,Alejandro,Smith,jonesjennifer@example.org,Ottawa,Ontario,2023-06-03,Gold
C03042,Brian,Anderson,nreynolds@example.com,Toronto,Ontario,2026-03-01,Bronze
C03043,Jessica,Hill,udavis@example.com,Mississauga,Ontario,2022-09-21,Silver
C03044,Jeffrey,Johnson,urichardson@example.com,Calgary,Alberta,2021-09-14,Silver
C03045,Barbara,Reed,zcurtis@example.org,Calgary,Alberta,2025-04-26,Bronze
C03046,Jonathan,Ramos,jasmine75@example.net,Calgary,Alberta,2021-11-19,Silver
C03047,Karen,Wells,davidayers@example.org,Mississauga,Ontario,2023-02-08,Bronze
C03048,Melinda,Cole,jasminehopkins@example.net,Ottawa,Ontario,2023-02-06,Bronze
C03049,Joshua,Brown,zhunter@example.org,Calgary,Alberta,2025-10-06,Bronze
C03050,Peter,Moore,philipreed@example.com,Hamilton,Ontario,2022-11-27,Silver
C03051,Gary,Meyer,robertboyd@example.org,Mississauga,Ontario,2022-09-02,Silver
C03052,John,Odom,kathryn82@example.net,Edmonton,Alberta,2023-04-26,Bronze
C03053,Tara,Wilson,solischelsea@example.net,Edmonton,Alberta,2024-04-28,Bronze
C03054,Katherine,Summers,batescheyenne@example.org,Toronto,Ontario,2023-06-25,Silver
C03055,Nicole,Nelson,zwilliams@example.com,Mississauga,Ontario,2021-11-09,Bronze
C03056,Ronnie,Anderson,kyle62@example.com,Vancouver,British Columbia,2022-04-26,Bronze
C03057,Joshua,Robinson,david86@example.org,Hamilton,Ontario,2025-12-30,Bronze
C03058,Shelley,Calderon,brendalawson@example.net,Ottawa,Ontario,2021-08-23,Bronze
C03059,Jacqueline,Marshall,fsmith@example.org,Brampton,Ontario,2024-01-07,Bronze
C03060,Darius,Zimmerman,andrewwade@example.com,Edmonton,Alberta,2024-06-06,Gold
C03061,Jennifer,Orozco,wchen@example.org,Toronto,Ontario,2025-04-25,Bronze
C03062,Zachary,Ayala,panderson@example.com,Vancouver,British Columbia,2022-08-29,Silver
C03063,Robert,Watson,diana95@example.org,Vancouver,British Columbia,2022-05-10,Silver
C03064,Johnny,Lee,ambermartin@example.com,Ottawa,Ontario,2024-12-13,Bronze
C03065,Peter,Atkinson,gpotter@example.org,Brampton,Ontario,2022-01-08,Gold
C03066,Timothy,Evans,tbrown@example.org,Vancouver,British Columbia,2024-12-16,Silver
C03067,Jeffrey,Kaiser,jessicathompson@example.org,Hamilton,Ontario,2022-06-19,Silver
C03068,Amy,Wiggins,karenpage@example.org,Edmonton,Alberta,2022-04-26,Bronze
C03069,Joshua,Porter,trevinomichael@example.net,Calgary,Alberta,2024-05-30,Silver
C03070,James,Massey,susanhoward@example.com,Toronto,Ontario,2022-12-05,Bronze
C03071,Jennifer,Riddle,jameswaters@example.net,Toronto,Ontario,2022-11-02,Silver
C03072,Ernest,Wolfe,ochristensen@example.com,Ottawa,Ontario,2024-11-01,Bronze
C03073,Joshua,Brown,mckenzielawrence@example.net,Mississauga,Ontario,2023-12-13,Silver
C03074,George,Ross,jeffrey22@example.net,Hamilton,Ontario,2023-10-23,Bronze
C03075,Joseph,Perez,bradriddle@example.com,Edmonton,Alberta,2022-10-08,Bronze
C03076,James,Edwards,andrewjones@example.com,Hamilton,Ontario,2024-07-07,Bronze
C03077,Laurie,Snyder,jwilliams@example.net,Toronto,Ontario,2024-02-20,Silver
C03078,Laura,Boyd,davismary@example.com,Brampton,Ontario,2022-01-25,Silver
C03079,Mary,Carrillo,kbrown@example.net,Hamilton,Ontario,2022-05-25,Bronze
C03080,David,Robinson,stanleychristopher@example.org,Ottawa,Ontario,2022-10-12,Silver
C03081,Andre,Sandoval,catherine79@example.net,Calgary,Alberta,2026-04-15,Bronze
C03082,Ian,Hamilton,matthewsmith@example.net,Ottawa,Ontario,2024-12-03,Bronze
C03083,Donna,Roberts,garnerbradley@example.org,Ottawa,Ontario,2024-06-21,Silver
C03084,Eric,Miller,bradley40@example.org,Vancouver,British Columbia,2024-09-20,Bronze
C03085,Walter,Fuentes,erin81@example.net,Toronto,Ontario,2025-05-31,Bronze
C03086,Alexa,Vance,james50@example.com,Calgary,Alberta,2022-04-16,Bronze
C03087,Anthony,Dixon,melissareed@example.com,Mississauga,Ontario,2026-01-01,Bronze
C03088,Daniel,Tran,hsanders@example.net,Ottawa,Ontario,2026-01-08,Silver
C03089,Jennifer,Jones,jeremiahgardner@example.org,Mississauga,Ontario,2023-04-23,Gold
C03090,Vanessa,Williams,jcastro@example.org,Ottawa,Ontario,2023-02-06,Silver
C03091,Amy,Jones,gibsonstephen@example.com,Edmonton,Alberta,2023-09-05,Silver
C03092,Vanessa,Miller,bryan02@example.org,Calgary,Alberta,2024-12-24,Bronze
C03093,Nathan,Olson,christopher11@example.net,Vancouver,British Columbia,2022-06-12,Bronze
C03094,William,Martinez,justin63@example.com,Toronto,Ontario,2022-04-05,Bronze
C03095,Randy,Cole,patrick92@example.com,Mississauga,Ontario,2026-07-09,Silver
C03096,Rachel,Franco,nclark@example.com,Ottawa,Ontario,2026-03-10,Silver
C03097,John,Ray,emilyjimenez@example.net,Calgary,Alberta,2024-03-31,Bronze
C03098,Kristopher,Schmidt,criley@example.com,Toronto,Ontario,2024-04-30,Silver
C03099,Erin,Scott,tina20@example.net,Brampton,Ontario,2024-03-05,Silver
C03100,Catherine,Armstrong,narias@example.org,Brampton,Ontario,2025-04-10,Bronze
C03101,Carolyn,Melton,bhancock@example.net,Ottawa,Ontario,2022-04-20,Silver
C03102,Deanna,Martinez,myoung@example.com,Vancouver,British Columbia,2025-10-29,Bronze
C03103,Anthony,Ward,georgesmith@example.net,Vancouver,British Columbia,2022-11-21,Gold
C03104,Frank,Stewart,daniellefernandez@example.net,Brampton,Ontario,2025-04-17,Bronze
C03105,Zachary,Nunez,perrydeborah@example.org,Edmonton,Alberta,2021-08-14,Silver
C03106,Susan,Robinson,fruiz@example.com,Brampton,Ontario,2026-07-21,Bronze
C03107,Dorothy,Miller,joseph14@example.net,Ottawa,Ontario,2025-07-10,Bronze
C03108,Katie,Jones,randallandrea@example.net,Brampton,Ontario,2021-11-16,Bronze
C03109,Doris,Smith,kelly63@example.net,Mississauga,Ontario,2022-10-17,Gold
C03110,Brittany,Johnson,keithemily@example.net,Hamilton,Ontario,2025-04-29,Bronze
C03111,Brittany,Morton,edwardmyers@example.com,Mississauga,Ontario,2025-07-07,Bronze
C03112,Paul,Jenkins,renee91@example.com,Toronto,Ontario,2025-04-24,Bronze
C03113,Eileen,Lee,james09@example.net,Hamilton,Ontario,2022-07-12,Silver
C03114,Richard,Boone,codybrown@example.org,Ottawa,Ontario,2023-09-03,Bronze
C03115,Ronald,Callahan,meganholland@example.net,Mississauga,Ontario,2023-04-20,Bronze
C03116,Garrett,Baker,patricia06@example.org,Mississauga,Ontario,2023-03-09,Bronze
C03117,Angela,Allison,pinedarebecca@example.org,Edmonton,Alberta,2024-01-17,Gold
C03118,Hannah,Melendez,ymurphy@example.net,Hamilton,Ontario,2025-01-16,Silver
C03119,Kelly,Harris,elainehoward@example.net,Toronto,Ontario,2024-05-16,Bronze
C03120,Anthony,Wheeler,hdiaz@example.net,Brampton,Ontario,2025-06-09,Bronze
C03121,Jasmine,Rogers,patricia84@example.net,Mississauga,Ontario,2024-04-24,Silver
C03122,Charles,Lee,cooperjoseph@example.net,Vancouver,British Columbia,2021-10-15,Silver
C03123,Amanda,Oliver,ehood@example.com,Ottawa,Ontario,2024-04-10,Gold
C03124,Kathryn,Davila,jcarr@example.net,Hamilton,Ontario,2025-02-18,Silver
C03125,Andrew,Williams,holmeskim@example.com,Calgary,Alberta,2022-04-11,Silver
C03126,Vanessa,Price,ygonzalez@example.org,Edmonton,Alberta,2022-11-11,Bronze
C03127,Natasha,Valencia,lwood@example.com,Calgary,Alberta,2024-05-06,Bronze
C03128,Tasha,Watson,morgan57@example.net,Edmonton,Alberta,2024-01-11,Silver
C03129,Rebecca,Reynolds,brucekimberly@example.com,Calgary,Alberta,2023-01-13,Silver
C03130,Kaitlin,Snyder,wilsonhannah@example.org,Hamilton,Ontario,2025-07-27,Bronze
C03131,Misty,Adams,mccartybryan@example.com,Edmonton,Alberta,2024-07-10,Silver
C03132,Eric,Martinez,umacdonald@example.org,Mississauga,Ontario,2024-07-09,Bronze
C03133,Jason,Hernandez,psmith@example.net,Vancouver,British Columbia,2025-01-23,Gold
C03134,Terry,Norman,jennifermitchell@example.org,Mississauga,Ontario,2025-05-24,Bronze
C03135,Stephen,Walker,chodges@example.org,Calgary,Alberta,2022-08-27,Bronze
C03136,Christine,Fernandez,cruzangela@example.net,Ottawa,Ontario,2022-02-05,Silver
C03137,Jason,Sanders,abrown@example.com,Vancouver,British Columbia,2024-12-07,Bronze
C03138,Jessica,Montes,ramirezcheyenne@example.net,Brampton,Ontario,2023-07-31,Gold
C03139,Eric,Murray,shannon71@example.com,Edmonton,Alberta,2025-11-28,Bronze
C03140,Karen,Williams,hhall@example.net,Hamilton,Ontario,2023-07-07,Silver
C03141,Richard,King,nguerra@example.org,Toronto,Ontario,2026-04-11,Bronze
C03142,Cheryl,Bryan,newtontara@example.com,Calgary,Alberta,2022-07-16,Bronze
C03143,Allison,Ramsey,butlerrichard@example.net,Hamilton,Ontario,2022-01-27,Bronze
C03144,Marcus,Rogers,jenniferbradley@example.org,Calgary,Alberta,2023-05-18,Bronze
C03145,Richard,Duncan,jedwards@example.com,Hamilton,Ontario,2025-04-29,Bronze
C03146,Brian,Brown,montessara@example.org,Hamilton,Ontario,2023-02-04,Bronze
C03147,Gerald,Heath,hclements@example.org,Ottawa,Ontario,2021-09-27,Bronze
C03148,Ronnie,Dougherty,codyjackson@example.org,Calgary,Alberta,2022-05-22,Gold
C03149,Jim,Mclaughlin,leblanckathy@example.com,Hamilton,Ontario,2023-04-02,Bronze
C03150,Jessica,Stone,elewis@example.com,Ottawa,Ontario,2021-10-31,Bronze
C03151,Mark,Robbins,pattonsusan@example.com,Ottawa,Ontario,2025-03-31,Silver
C03152,Carolyn,Moore,victoria88@example.com,Calgary,Alberta,2023-12-06,Bronze
C03153,Derek,Smith,mcculloughandrew@example.org,Hamilton,Ontario,2026-02-21,Bronze
C03154,Joel,Parker,chapmanmary@example.net,Vancouver,British Columbia,2025-02-23,Silver
C03155,Jackie,Wyatt,esmith@example.com,Hamilton,Ontario,2025-12-26,Bronze
C03156,Renee,Dodson,cassandra73@example.net,Toronto,Ontario,2023-12-19,Gold
C03157,Angela,Robinson,morriskelly@example.net,Brampton,Ontario,2023-12-08,Silver
C03158,Brian,Guerrero,andrea23@example.com,Edmonton,Alberta,2022-07-17,Silver
C03159,James,Gibson,madison89@example.org,Ottawa,Ontario,2023-11-23,Silver
C03160,Barbara,Tanner,lforbes@example.com,Calgary,Alberta,2022-07-09,Bronze
C03161,Scott,Smith,pennywang@example.com,Calgary,Alberta,2022-05-31,Bronze
C03162,Valerie,Buck,barkerbryan@example.net,Brampton,Ontario,2024-07-29,Silver
C03163,Michael,Boyle,stacy70@example.org,Brampton,Ontario,2022-11-02,Bronze
C03164,Meghan,Mccarthy,vknapp@example.org,Ottawa,Ontario,2023-05-27,Bronze
C03165,David,Medina,jwilliams@example.com,Mississauga,Ontario,2025-08-16,Bronze
C03166,Jack,Gomez,omiller@example.com,Brampton,Ontario,2022-10-04,Bronze
C03167,Daniel,White,bobby93@example.com,Vancouver,British Columbia,2023-11-18,Bronze
C03168,Rebecca,Duffy,sandrakelly@example.com,Vancouver,British Columbia,2026-03-31,Silver
C03169,Colton,King,kimberly88@example.org,Toronto,Ontario,2022-05-28,Silver
C03170,Sandra,Arias,drewdeleon@example.com,Ottawa,Ontario,2023-11-08,Bronze
C03171,Michelle,Bailey,michael49@example.com,Ottawa,Ontario,2024-06-12,Bronze
C03172,Kaitlyn,Mitchell,patriciamason@example.org,Edmonton,Alberta,2025-03-16,Silver
C03173,Pedro,Rogers,thomaschristine@example.org,Edmonton,Alberta,2024-09-24,Bronze
C03174,Rebecca,Reed,emily55@example.com,Ottawa,Ontario,2024-02-09,Silver
C03175,Frances,Smith,robert86@example.net,Hamilton,Ontario,2023-04-29,Bronze
C03176,Gina,Anderson,david34@example.com,Ottawa,Ontario,2024-04-29,Bronze
C03177,Edward,Poole,freemanjohn@example.org,Edmonton,Alberta,2026-04-16,Bronze
C03178,Chris,Stevens,katiethomas@example.net,Vancouver,British Columbia,2023-02-16,Bronze
C03179,Catherine,Saunders,rebeccathompson@example.net,Hamilton,Ontario,2021-10-14,Silver
C03180,Terrence,Oneill,alyssa88@example.com,Hamilton,Ontario,2024-09-10,Bronze
C03181,Nicholas,Aguilar,xjenkins@example.org,Edmonton,Alberta,2022-10-18,Silver
C03182,Joel,Duffy,heather37@example.net,Calgary,Alberta,2021-09-05,Silver
C03183,Christina,Brown,sarahsherman@example.com,Edmonton,Alberta,2023-02-17,Bronze
C03184,Tiffany,Williams,aclark@example.com,Vancouver,British Columbia,2026-03-23,Gold
C03185,Theresa,Trujillo,younganita@example.com,Mississauga,Ontario,2021-08-11,Bronze
C03186,Victoria,Jenkins,uaustin@example.net,Mississauga,Ontario,2024-06-14,Bronze
C03187,Gina,House,burtonsusan@example.com,Ottawa,Ontario,2025-08-05,Silver
C03188,Alex,Moss,mscott@example.com,Ottawa,Ontario,2021-10-14,Silver
C03189,Derrick,Hernandez,dfischer@example.net,Mississauga,Ontario,2024-07-16,Bronze
C03190,Nathan,Banks,ksmall@example.com,Mississauga,Ontario,2021-09-30,Bronze
C03191,Christine,Spencer,mistyhiggins@example.org,Vancouver,British Columbia,2021-10-02,Gold
C03192,Dalton,Rose,raymond16@example.net,Edmonton,Alberta,2022-12-20,Bronze
C03193,Haley,Chapman,catherineblack@example.com,Edmonton,Alberta,2025-09-22,Bronze
C03194,Matthew,Banks,thompsonkathy@example.net,Hamilton,Ontario,2024-02-24,Bronze
C03195,Heather,Frank,tuckerstephanie@example.com,Vancouver,British Columbia,2025-10-17,Silver
C03196,Nicholas,Rodriguez,richard57@example.com,Mississauga,Ontario,2022-09-19,Silver
C03197,Alex,Tucker,franklincarl@example.com,Edmonton,Alberta,2021-11-19,Bronze
C03198,Sharon,Martin,zcherry@example.com,Toronto,Ontario,2023-07-04,Gold
C03199,Stephen,Calhoun,whiteheadmatthew@example.net,Toronto,Ontario,2023-12-24,Bronze
C03200,Stephen,Blair,kristina56@example.net,Toronto,Ontario,2022-02-07,Bronze
C03201,Kerry,Pierce,james56@example.com,Calgary,Alberta,2024-12-06,Silver
C03202,Robert,Washington,cwebb@example.com,Edmonton,Alberta,2024-06-17,Silver
C03203,Mark,Steele,bwalker@example.org,Edmonton,Alberta,2025-12-28,Silver
C03204,Leonard,Castillo,jennifer66@example.org,Ottawa,Ontario,2024-05-27,Bronze
C03205,Carolyn,Chung,williamsmitchell@example.com,Toronto,Ontario,2024-05-29,Bronze
C03206,James,Kennedy,smedina@example.net,Mississauga,Ontario,2022-04-07,Silver
C03207,Caitlin,Taylor,masseyapril@example.org,Edmonton,Alberta,2024-12-26,Silver
C03208,Ashley,Fischer,gilmoretyler@example.com,Hamilton,Ontario,2025-01-12,Gold
C03209,Alicia,Campos,robertsangela@example.com,Calgary,Alberta,2025-07-31,Bronze
C03210,Rachel,Gonzalez,vickiterry@example.org,Calgary,Alberta,2024-08-11,Bronze
C03211,Casey,Potter,jamesholder@example.org,Hamilton,Ontario,2023-05-07,Bronze
C03212,Joy,Gould,abigail93@example.org,Toronto,Ontario,2023-08-29,Gold
C03213,Destiny,Fowler,nwatson@example.org,Edmonton,Alberta,2026-03-07,Silver
C03214,Diana,Long,bvalencia@example.com,Brampton,Ontario,2022-04-20,Gold
C03215,Edward,Walters,shahmaria@example.net,Mississauga,Ontario,2024-02-16,Gold
C03216,Phillip,Jimenez,ttaylor@example.org,Mississauga,Ontario,2023-04-10,Bronze
C03217,Nicholas,Miles,adamsanne@example.com,Toronto,Ontario,2024-02-22,Bronze
C03218,David,Sanchez,bpadilla@example.net,Mississauga,Ontario,2021-11-23,Silver
C03219,John,Lopez,greeneanthony@example.net,Ottawa,Ontario,2022-12-03,Silver
C03220,Ryan,Hutchinson,gavin32@example.net,Calgary,Alberta,2025-09-05,Bronze
C03221,Amanda,Bell,ygarcia@example.org,Ottawa,Ontario,2022-09-18,Silver
C03222,Alexander,Anthony,alyssabowman@example.net,Vancouver,British Columbia,2024-08-15,Bronze
C03223,Kathryn,Adams,hollandbradley@example.com,Toronto,Ontario,2024-02-18,Bronze
C03224,Morgan,Adams,pjames@example.org,Mississauga,Ontario,2026-03-19,Bronze
C03225,John,Malone,yschmidt@example.org,Edmonton,Alberta,2023-09-04,Bronze
C03226,Brianna,Higgins,klong@example.net,Ottawa,Ontario,2023-06-21,Bronze
C03227,Nicole,Love,brownadam@example.com,Calgary,Alberta,2022-05-06,Bronze
C03228,William,Rogers,jenniferhorne@example.com,Toronto,Ontario,2026-05-11,Bronze
C03229,Edward,Miller,odonnellmichael@example.net,Vancouver,British Columbia,2023-07-14,Bronze
C03230,Tommy,Parker,fshannon@example.com,Edmonton,Alberta,2021-12-18,Bronze
C03231,Jeffery,Luna,jonesstephen@example.net,Calgary,Alberta,2023-08-05,Bronze
C03232,Mark,Clark,andrew43@example.com,Ottawa,Ontario,2025-05-08,Bronze
C03233,Rachel,Watkins,bennetttimothy@example.org,Ottawa,Ontario,2025-01-31,Bronze
C03234,Alyssa,Foley,unelson@example.org,Hamilton,Ontario,2022-08-07,Bronze
C03235,Laurie,Miller,jcampbell@example.net,Ottawa,Ontario,2026-04-29,Bronze
C03236,Christina,Thomas,leeperkins@example.net,Edmonton,Alberta,2024-03-11,Bronze
C03237,Grace,Wilson,ethan80@example.com,Ottawa,Ontario,2023-10-24,Silver
C03238,Tracy,Wu,sandrasmith@example.org,Vancouver,British Columbia,2022-03-25,Bronze
C03239,Nicole,Poole,davidwebster@example.net,Brampton,Ontario,2021-08-20,Bronze
C03240,Lisa,Hamilton,kimberlyfinley@example.com,Calgary,Alberta,2022-02-21,Gold
C03241,William,Sanchez,phillipsdavid@example.org,Toronto,Ontario,2025-10-01,Bronze
C03242,Christina,Villanueva,kristen09@example.com,Ottawa,Ontario,2023-09-29,Gold
C03243,Haley,Nolan,cynthia08@example.net,Mississauga,Ontario,2021-11-08,Silver
C03244,Leonard,Young,christopher76@example.net,Brampton,Ontario,2022-03-05,Bronze
C03245,Jessica,Short,lauren72@example.net,Ottawa,Ontario,2022-07-26,Bronze
C03246,Jerry,Hanson,randygonzales@example.com,Mississauga,Ontario,2023-01-15,Bronze
C03247,Dawn,Taylor,ojones@example.com,Mississauga,Ontario,2025-02-05,Bronze
C03248,Rachael,Morris,vspencer@example.com,Calgary,Alberta,2026-03-02,Bronze
C03249,Scott,Campbell,fmorse@example.org,Ottawa,Ontario,2026-02-05,Silver
C03250,Katherine,Fleming,mark31@example.org,Vancouver,British Columbia,2025-09-11,Silver
C03251,Gary,Hartman,nancy84@example.com,Ottawa,Ontario,2025-08-16,Bronze
C03252,Jennifer,Morris,kennethgibson@example.com,Brampton,Ontario,2025-02-08,Gold
C03253,Charles,Carlson,derek96@example.com,Edmonton,Alberta,2023-08-07,Silver
C03254,Scott,Fuller,christopher63@example.org,Edmonton,Alberta,2025-06-09,Bronze
C03255,John,Brown,richardderek@example.net,Hamilton,Ontario,2022-11-29,Silver
C03256,Kenneth,Marquez,garretterica@example.com,Calgary,Alberta,2025-11-21,Bronze
C03257,Carrie,Robinson,ejones@example.org,Brampton,Ontario,2025-12-23,Bronze
C03258,Tammy,Stevens,ohoward@example.net,Edmonton,Alberta,2025-12-13,Bronze
C03259,Kimberly,Mitchell,travisyoung@example.com,Ottawa,Ontario,2023-01-14,Gold
C03260,Kyle,Thompson,brandon35@example.net,Ottawa,Ontario,2026-01-19,Bronze
C03261,Bradley,Pearson,pricejames@example.com,Brampton,Ontario,2022-07-22,Bronze
C03262,Michael,Richardson,mcmillanjoseph@example.com,Edmonton,Alberta,2025-01-26,Gold
C03263,Tiffany,Beck,oliverjennifer@example.com,Vancouver,British Columbia,2024-12-07,Bronze
C03264,Joshua,Gomez,hendersonjennifer@example.net,Hamilton,Ontario,2021-08-22,Silver
C03265,Brandy,Smith,vwalton@example.net,Ottawa,Ontario,2023-12-06,Bronze
C03266,Anthony,Walter,rsmith@example.net,Calgary,Alberta,2025-10-15,Bronze
C03267,James,Ellis,melindaandrade@example.org,Toronto,Ontario,2026-03-07,Bronze
C03268,Sharon,Mckinney,wjohnson@example.com,Edmonton,Alberta,2024-01-12,Bronze
C03269,Katelyn,Pennington,gfernandez@example.net,Calgary,Alberta,2025-05-04,Silver
C03270,Christopher,Anthony,xedwards@example.net,Toronto,Ontario,2021-09-20,Bronze
C03271,Jose,Franklin,vazquezjerry@example.org,Toronto,Ontario,2022-09-24,Bronze
C03272,Victoria,Wilkins,douglaslopez@example.net,Vancouver,British Columbia,2023-01-30,Bronze
C03273,Jason,Santiago,izimmerman@example.net,Hamilton,Ontario,2025-11-15,Bronze
C03274,John,Walton,xmoore@example.org,Ottawa,Ontario,2021-08-29,Silver
C03275,Steven,Terry,hhoward@example.org,Mississauga,Ontario,2022-10-12,Bronze
C03276,Tiffany,Jarvis,joshua59@example.net,Ottawa,Ontario,2021-09-04,Bronze
C03277,Elizabeth,Reed,tracyhays@example.net,Brampton,Ontario,2023-03-23,Bronze
C03278,Mary,Baker,vhansen@example.net,Ottawa,Ontario,2022-04-28,Silver
C03279,Ryan,West,drobertson@example.org,Vancouver,British Columbia,2025-06-16,Bronze
C03280,Sarah,Gray,andersenroger@example.com,Toronto,Ontario,2024-07-01,Bronze
C03281,Bryan,Moyer,ahall@example.com,Mississauga,Ontario,2023-04-29,Bronze
C03282,Dylan,Marshall,rfrancis@example.com,Brampton,Ontario,2025-04-27,Silver
C03283,Brenda,Griffith,lorihanson@example.org,Brampton,Ontario,2025-12-23,Bronze
C03284,Lauren,Smith,jeanette23@example.com,Edmonton,Alberta,2025-11-17,Gold
C03285,Phyllis,Garcia,xwood@example.org,Toronto,Ontario,2024-07-07,Silver
C03286,Thomas,Stewart,dawn76@example.net,Brampton,Ontario,2022-08-23,Bronze
C03287,Linda,Aguilar,mcfarlandjason@example.org,Vancouver,British Columbia,2025-03-21,Bronze
C03288,Brad,Allen,vestrada@example.com,Calgary,Alberta,2023-07-15,Gold
C03289,Tyler,Santana,danielescobar@example.com,Edmonton,Alberta,2021-11-19,Bronze
C03290,Patricia,Ayala,everettgina@example.org,Hamilton,Ontario,2024-10-10,Bronze
C03291,Connor,Herrera,michaelgraham@example.net,Mississauga,Ontario,2023-08-17,Silver
C03292,Anthony,Sullivan,mackmelody@example.com,Edmonton,Alberta,2025-04-26,Bronze
C03293,Tammy,Black,peterholmes@example.com,Toronto,Ontario,2021-09-29,Silver
C03294,Rachel,Moore,raybrian@example.com,Hamilton,Ontario,2021-12-19,Silver
C03295,Katie,Marquez,jordan76@example.com,Edmonton,Alberta,2025-06-22,Silver
C03296,David,Gilbert,greengeorge@example.com,Mississauga,Ontario,2026-06-26,Bronze
C03297,Vanessa,Johnson,vsanders@example.net,Edmonton,Alberta,2023-03-15,Silver
C03298,Jasmine,Obrien,sarah34@example.com,Ottawa,Ontario,2025-07-12,Bronze
C03299,Megan,Wallace,hguzman@example.net,Vancouver,British Columbia,2023-08-02,Bronze
C03300,Jasmine,Cordova,mwatson@example.com,Vancouver,British Columbia,2023-11-13,Bronze
C03301,Joshua,Rhodes,davidjennifer@example.com,Brampton,Ontario,2022-04-03,Bronze
C03302,Taylor,White,michaeldean@example.org,Hamilton,Ontario,2025-12-23,Bronze
C03303,Michael,Peters,josephbailey@example.com,Mississauga,Ontario,2026-05-20,Bronze
C03304,Louis,Meyers,sbarton@example.net,Calgary,Alberta,2021-12-26,Bronze
C03305,Rachel,Evans,gillkristina@example.org,Calgary,Alberta,2025-02-23,Silver
C03306,John,Campbell,wortiz@example.org,Calgary,Alberta,2024-07-07,Bronze
C03307,Christine,Cervantes,thomasjennings@example.com,Calgary,Alberta,2022-08-07,Gold
C03308,Kevin,Woods,haneydawn@example.com,Hamilton,Ontario,2025-09-16,Bronze
C03309,Kevin,West,leah67@example.net,Calgary,Alberta,2024-08-07,Bronze
C03310,Madeline,Bell,ashley89@example.net,Toronto,Ontario,2025-09-09,Silver
C03311,Lisa,Stone,millerjerry@example.net,Toronto,Ontario,2021-09-22,Bronze
C03312,Melissa,Dominguez,brownmichelle@example.net,Brampton,Ontario,2024-08-17,Bronze
C03313,Robert,Daniel,haroldmaxwell@example.org,Calgary,Alberta,2025-12-11,Silver
C03314,Mariah,Roberts,justin10@example.org,Toronto,Ontario,2021-10-18,Bronze
C03315,Kathryn,Dunn,travis05@example.com,Calgary,Alberta,2024-02-28,Bronze
C03316,Michelle,Chan,wbarnes@example.net,Vancouver,British Columbia,2024-05-17,Bronze
C03317,Cheryl,Perez,mooregloria@example.org,Hamilton,Ontario,2021-11-11,Silver
C03318,Linda,Sanders,mhowell@example.com,Brampton,Ontario,2024-09-15,Silver
C03319,Johnny,Estes,gonzalesjoshua@example.org,Vancouver,British Columbia,2025-11-25,Silver
C03320,Elizabeth,Hamilton,gouldjacob@example.org,Vancouver,British Columbia,2025-01-23,Bronze
C03321,Alexa,Oneal,john20@example.org,Calgary,Alberta,2022-09-30,Bronze
C03322,Shane,Jackson,jenniferdougherty@example.com,Vancouver,British Columbia,2022-10-05,Bronze
C03323,David,Singleton,hgarcia@example.org,Toronto,Ontario,2023-09-11,Gold
C03324,Sean,Brock,hjuarez@example.net,Ottawa,Ontario,2026-01-06,Gold
C03325,Clifford,Bell,juangarcia@example.net,Mississauga,Ontario,2023-11-02,Bronze
C03326,Mary,Joseph,charlescarpenter@example.com,Brampton,Ontario,2024-07-13,Bronze
C03327,Michelle,Roberts,michaeltaylor@example.org,Edmonton,Alberta,2023-05-21,Bronze
C03328,Nathan,Weeks,zwest@example.net,Toronto,Ontario,2023-05-24,Silver
C03329,Benjamin,Jones,steven83@example.com,Hamilton,Ontario,2025-07-16,Bronze
C03330,Melanie,Griffin,lewiskelli@example.com,Vancouver,British Columbia,2022-02-05,Bronze
C03331,Amanda,Rodriguez,vjackson@example.net,Toronto,Ontario,2025-03-24,Bronze
C03332,Benjamin,Moore,randyrose@example.net,Vancouver,British Columbia,2023-07-10,Bronze
C03333,Michele,Davis,josingleton@example.net,Toronto,Ontario,2023-07-18,Bronze
C03334,Travis,Lopez,rross@example.org,Toronto,Ontario,2021-11-01,Gold
C03335,Kimberly,Foster,owenjustin@example.com,Vancouver,British Columbia,2022-12-28,Silver
C03336,Zachary,Reed,ehaynes@example.com,Toronto,Ontario,2024-02-03,Silver
C03337,Martin,Ferguson,terrytyler@example.com,Ottawa,Ontario,2025-10-12,Silver
C03338,Joseph,Roberts,andreaschneider@example.org,Toronto,Ontario,2023-07-07,Bronze
C03339,Cindy,Reynolds,marcia99@example.org,Hamilton,Ontario,2021-09-29,Gold
C03340,Lauren,Fox,jessicarose@example.com,Edmonton,Alberta,2023-08-15,Silver
C03341,Joseph,Haas,richardsonmiranda@example.net,Mississauga,Ontario,2023-11-07,Bronze
C03342,Kyle,Johnson,carrollfrederick@example.com,Hamilton,Ontario,2023-04-28,Bronze
C03343,Timothy,Nguyen,arobinson@example.net,Ottawa,Ontario,2024-08-08,Bronze
C03344,Gregory,Davis,danielparks@example.net,Mississauga,Ontario,2026-05-22,Silver
C03345,Kristen,Robles,jvargas@example.net,Edmonton,Alberta,2022-12-28,Bronze
C03346,Jeremiah,Johnson,kelly97@example.com,Ottawa,Ontario,2022-02-11,Silver
C03347,Caitlin,Chavez,marissagreen@example.net,Vancouver,British Columbia,2025-03-13,Silver
C03348,Amy,Wilson,calhounbrian@example.com,Hamilton,Ontario,2022-07-07,Silver
C03349,Carla,Ramirez,fbrown@example.net,Mississauga,Ontario,2023-05-08,Bronze
C03350,Andrew,West,davidsmith@example.org,Mississauga,Ontario,2024-02-21,Bronze
C03351,Melissa,Little,joneskenneth@example.com,Mississauga,Ontario,2026-04-04,Bronze
C03352,Patricia,Manning,daniellesmith@example.org,Mississauga,Ontario,2023-06-21,Bronze
C03353,Stephanie,Ryan,aguilardarlene@example.net,Brampton,Ontario,2026-06-01,Bronze
C03354,Ashley,Norton,dgonzales@example.net,Mississauga,Ontario,2026-06-11,Bronze
C03355,Daisy,Goodman,williamgarcia@example.net,Brampton,Ontario,2022-12-02,Silver
C03356,Elizabeth,Harmon,lydia52@example.org,Hamilton,Ontario,2025-04-28,Gold
C03357,Jacqueline,Huang,beaton@example.org,Toronto,Ontario,2023-01-04,Bronze
C03358,Ronnie,Burke,normanmorgan@example.org,Calgary,Alberta,2025-12-10,Bronze
C03359,Stephen,Harmon,james59@example.com,Ottawa,Ontario,2023-07-06,Silver
C03360,Crystal,Hopkins,rfarrell@example.com,Hamilton,Ontario,2024-05-16,Bronze
C03361,Margaret,Mcclure,carlaharrington@example.com,Ottawa,Ontario,2025-01-26,Silver
C03362,Patrick,Mullen,joyce19@example.com,Mississauga,Ontario,2022-06-05,Bronze
C03363,Marisa,Castro,hsandoval@example.net,Ottawa,Ontario,2023-10-18,Silver
C03364,Brenda,Graham,spowell@example.net,Edmonton,Alberta,2026-03-17,Bronze
C03365,Kayla,Santos,uconway@example.com,Calgary,Alberta,2024-08-04,Bronze
C03366,Edward,Wood,littlechristopher@example.com,Vancouver,British Columbia,2022-05-27,Bronze
C03367,Taylor,Lindsey,brucecarpenter@example.com,Ottawa,Ontario,2023-07-01,Bronze
C03368,Ashley,Jones,melvin19@example.org,Mississauga,Ontario,2024-11-13,Silver
C03369,Sara,Baker,john51@example.net,Edmonton,Alberta,2023-09-16,Bronze
C03370,Kenneth,Jensen,pricecrystal@example.org,Vancouver,British Columbia,2023-11-02,Bronze
C03371,Mary,Brandt,davidgreer@example.org,Calgary,Alberta,2025-12-16,Silver
C03372,Amanda,Hamilton,ywaters@example.net,Brampton,Ontario,2025-09-19,Bronze
C03373,Richard,Norman,taylorxavier@example.com,Ottawa,Ontario,2024-12-03,Bronze
C03374,Mikayla,Melendez,erodgers@example.org,Hamilton,Ontario,2021-12-30,Silver
C03375,Alex,Conrad,amandaknapp@example.org,Vancouver,British Columbia,2025-07-26,Silver
C03376,Brianna,Lee,millerandrea@example.com,Calgary,Alberta,2022-08-22,Bronze
C03377,Tina,Pineda,brownkathleen@example.org,Edmonton,Alberta,2025-07-31,Bronze
C03378,Anita,Brennan,murphyjulie@example.com,Mississauga,Ontario,2023-07-16,Bronze
C03379,Elizabeth,Burns,martinezjason@example.net,Calgary,Alberta,2022-07-15,Bronze
C03380,Sonya,Baldwin,xcox@example.org,Hamilton,Ontario,2024-05-28,Bronze
C03381,Eileen,Garcia,rbrown@example.net,Mississauga,Ontario,2022-07-02,Bronze
C03382,Joel,Gallagher,uhouse@example.org,Toronto,Ontario,2026-05-04,Bronze
C03383,Daniel,Caldwell,austinroy@example.com,Hamilton,Ontario,2021-08-30,Gold
C03384,Brian,Young,brendagarrett@example.com,Edmonton,Alberta,2023-06-17,Silver
C03385,Julie,Rivas,igonzalez@example.org,Mississauga,Ontario,2022-08-24,Bronze
C03386,Mark,Gonzalez,harrisonmaria@example.org,Calgary,Alberta,2023-10-04,Silver
C03387,Ashley,Soto,ericawilliams@example.com,Edmonton,Alberta,2025-12-22,Silver
C03388,Taylor,Lambert,zoegarcia@example.org,Toronto,Ontario,2022-04-23,Bronze
C03389,Rebecca,Klein,imason@example.com,Calgary,Alberta,2022-01-03,Bronze
C03390,Christopher,Wong,eric03@example.com,Toronto,Ontario,2024-03-06,Bronze
C03391,Megan,Moss,rheath@example.net,Edmonton,Alberta,2022-07-17,Bronze
C03392,Jennifer,Thomas,jonathan78@example.net,Edmonton,Alberta,2025-09-21,Bronze
C03393,Wendy,Harris,sextonjessica@example.net,Edmonton,Alberta,2024-08-23,Bronze
C03394,Jessica,Duncan,jandrade@example.net,Ottawa,Ontario,2021-12-09,Silver
C03395,Bethany,Smith,nicholselizabeth@example.org,Toronto,Ontario,2021-09-23,Bronze
C03396,Gregory,Norman,elizabeth20@example.net,Edmonton,Alberta,2025-08-30,Bronze
C03397,Erica,Harris,huntjacqueline@example.com,Edmonton,Alberta,2025-07-06,Bronze
C03398,Mitchell,Taylor,scott09@example.org,Toronto,Ontario,2024-09-03,Bronze
C03399,Samantha,Wright,william65@example.org,Ottawa,Ontario,2023-07-30,Silver
C03400,Elizabeth,Bates,alisonatkinson@example.org,Toronto,Ontario,2024-08-11,Bronze
C03401,Steven,Christian,samantha05@example.com,Ottawa,Ontario,2021-08-12,Silver
C03402,Kimberly,Herrera,pattersoneric@example.org,Calgary,Alberta,2023-08-09,Bronze
C03403,Haley,Gibson,browntodd@example.net,Toronto,Ontario,2022-03-02,Bronze
C03404,Andre,Perry,kristin53@example.com,Brampton,Ontario,2026-05-28,Bronze
C03405,Tony,Fritz,robertmartin@example.com,Vancouver,British Columbia,2022-04-08,Bronze
C03406,Mallory,Mcguire,cuevassarah@example.org,Mississauga,Ontario,2022-07-04,Bronze
C03407,Marie,Nelson,smithshelia@example.net,Vancouver,British Columbia,2022-11-16,Gold
C03408,Nicole,Taylor,christopher22@example.org,Brampton,Ontario,2025-07-25,Silver
C03409,George,Ochoa,yjacobs@example.org,Hamilton,Ontario,2023-09-23,Silver
C03410,Andrew,Keller,francisco04@example.org,Calgary,Alberta,2026-03-15,Bronze
C03411,Brandon,Powell,kirbymolly@example.com,Ottawa,Ontario,2025-11-25,Bronze
C03412,Michael,Rhodes,marc43@example.com,Ottawa,Ontario,2025-01-21,Bronze
C03413,Deborah,Harris,rgregory@example.org,Vancouver,British Columbia,2021-09-24,Bronze
C03414,Peter,Woods,rowlanddiana@example.com,Edmonton,Alberta,2024-02-03,Gold
C03415,Heather,Kelly,mvasquez@example.org,Brampton,Ontario,2021-10-22,Gold
C03416,Daniel,Gross,sharpteresa@example.com,Hamilton,Ontario,2024-04-14,Bronze
C03417,Tracey,Martin,xmarquez@example.org,Edmonton,Alberta,2023-01-19,Bronze
C03418,Crystal,Brown,ymiller@example.com,Toronto,Ontario,2025-05-03,Bronze
C03419,Karen,Jacobs,ryan42@example.org,Vancouver,British Columbia,2026-01-24,Silver
C03420,James,Smith,cobberica@example.org,Mississauga,Ontario,2025-03-15,Silver
C03421,Tyler,Smith,awilson@example.net,Hamilton,Ontario,2023-10-26,Silver
C03422,Michelle,Potter,yvettewilkins@example.com,Hamilton,Ontario,2022-04-19,Bronze
C03423,Tanya,Delacruz,chad72@example.com,Vancouver,British Columbia,2021-07-28,Bronze
C03424,Jordan,Howard,dianawood@example.org,Ottawa,Ontario,2026-03-26,Bronze
C03425,Anne,Garcia,kayla20@example.org,Vancouver,British Columbia,2026-01-28,Bronze
C03426,Cheryl,Gonzalez,cabreradaniel@example.com,Brampton,Ontario,2021-09-18,Silver
C03427,Ryan,Eaton,travis69@example.org,Vancouver,British Columbia,2021-09-23,Bronze
C03428,Christine,Casey,wigginssuzanne@example.org,Hamilton,Ontario,2024-02-05,Bronze
C03429,Sabrina,Reyes,ipatterson@example.net,Brampton,Ontario,2024-09-22,Silver
C03430,Crystal,Gomez,laurasanchez@example.net,Vancouver,British Columbia,2021-08-03,Bronze
C03431,Jessica,Harris,nicolelee@example.net,Mississauga,Ontario,2025-02-13,Bronze
C03432,Joseph,Case,charlestate@example.org,Toronto,Ontario,2022-11-26,Bronze
C03433,James,Johnson,morenosarah@example.com,Vancouver,British Columbia,2024-04-22,Bronze
C03434,Shelby,Irwin,dennisperry@example.net,Vancouver,British Columbia,2024-11-01,Bronze
C03435,Michael,Jackson,kevin08@example.org,Mississauga,Ontario,2026-03-29,Bronze
C03436,Seth,Wilson,sschmidt@example.net,Mississauga,Ontario,2025-01-04,Silver
C03437,Rhonda,Green,jennifer58@example.net,Vancouver,British Columbia,2022-10-10,Silver
C03438,Tammy,Nelson,joshuaaguilar@example.com,Calgary,Alberta,2025-07-17,Bronze
C03439,Tara,Johnson,luiscunningham@example.net,Edmonton,Alberta,2024-04-20,Gold
C03440,Melissa,Smith,jerry44@example.net,Brampton,Ontario,2023-10-26,Bronze
C03441,Jennifer,Alvarado,rjames@example.org,Brampton,Ontario,2024-01-22,Bronze
C03442,Michael,Smith,peter03@example.org,Mississauga,Ontario,2023-06-06,Bronze
C03443,Tracy,Harrison,erica92@example.com,Edmonton,Alberta,2025-08-01,Silver
C03444,Derek,Soto,pwilliams@example.org,Edmonton,Alberta,2024-09-09,Silver
C03445,Stephanie,Walker,morrisonjoshua@example.net,Calgary,Alberta,2021-09-01,Bronze
C03446,Anthony,Hamilton,williamsjennifer@example.org,Toronto,Ontario,2026-02-08,Bronze
C03447,Caitlin,Forbes,davisjames@example.org,Brampton,Ontario,2023-10-22,Silver
C03448,Lisa,Hall,wrightemily@example.org,Vancouver,British Columbia,2024-02-08,Bronze
C03449,Gina,Turner,meltonkevin@example.net,Calgary,Alberta,2025-09-25,Gold
C03450,James,Kelly,gmitchell@example.org,Calgary,Alberta,2024-06-01,Bronze
C03451,Jason,Lopez,rodriguezrebecca@example.com,Calgary,Alberta,2025-08-16,Bronze
C03452,Natalie,Lewis,cody80@example.com,Brampton,Ontario,2024-08-13,Bronze
C03453,Miranda,Goodman,cynthiadiaz@example.com,Ottawa,Ontario,2023-09-10,Bronze
C03454,Amanda,Williams,lsweeney@example.net,Hamilton,Ontario,2021-09-20,Bronze
C03455,Katie,Rivera,lsimmons@example.org,Toronto,Ontario,2022-07-29,Gold
C03456,Kevin,Orr,jfranklin@example.org,Hamilton,Ontario,2022-10-27,Gold
C03457,Antonio,Sharp,cindymorrison@example.org,Mississauga,Ontario,2025-11-27,Gold
C03458,Charles,Lewis,herrerasabrina@example.net,Hamilton,Ontario,2026-04-21,Bronze
C03459,Kristin,Phillips,asmith@example.net,Toronto,Ontario,2025-08-07,Gold
C03460,Joseph,Key,singletonbrenda@example.org,Ottawa,Ontario,2023-11-02,Bronze
C03461,Hannah,Morales,melanie42@example.net,Toronto,Ontario,2022-08-13,Silver
C03462,James,Stanton,mgarcia@example.com,Ottawa,Ontario,2026-04-29,Silver
C03463,Geoffrey,Gonzalez,maryanthony@example.com,Mississauga,Ontario,2022-09-14,Bronze
C03464,Marcus,Nelson,nancy39@example.net,Brampton,Ontario,2023-06-12,Bronze
C03465,Anthony,Lane,hvasquez@example.org,Edmonton,Alberta,2022-05-18,Silver
C03466,Kimberly,Floyd,roblesgarrett@example.net,Vancouver,British Columbia,2025-08-22,Bronze
C03467,Pamela,Parker,alejandradean@example.com,Ottawa,Ontario,2022-05-28,Silver
C03468,Scott,Stephens,susan93@example.net,Toronto,Ontario,2024-04-27,Silver
C03469,Juan,Price,robertjensen@example.net,Ottawa,Ontario,2023-02-28,Silver
C03470,Nancy,Erickson,johnwilliams@example.net,Hamilton,Ontario,2023-08-20,Silver
C03471,Gregory,Melendez,beltranshane@example.com,Calgary,Alberta,2021-07-28,Gold
C03472,Albert,Bentley,johnvazquez@example.org,Hamilton,Ontario,2024-06-22,Bronze
C03473,Kayla,Ray,raymond74@example.com,Edmonton,Alberta,2024-08-03,Gold
C03474,Lori,Wilson,iconner@example.net,Vancouver,British Columbia,2023-11-18,Bronze
C03475,Nathan,Hinton,kpowers@example.org,Toronto,Ontario,2023-08-16,Bronze
C03476,Robert,Marshall,vwhite@example.org,Brampton,Ontario,2024-02-25,Bronze
C03477,Roberta,Hancock,carlos33@example.org,Brampton,Ontario,2022-02-12,Bronze
C03478,Juan,Terry,kristina70@example.net,Brampton,Ontario,2024-09-22,Bronze
C03479,Theresa,Yang,juantaylor@example.com,Hamilton,Ontario,2023-01-31,Bronze
C03480,Andrew,Clarke,porterapril@example.org,Brampton,Ontario,2022-05-10,Bronze
C03481,Molly,Prince,xhobbs@example.com,Hamilton,Ontario,2021-08-09,Bronze
C03482,Robert,Wilson,bwhitaker@example.com,Vancouver,British Columbia,2023-10-05,Bronze
C03483,Blake,Rivas,btodd@example.com,Mississauga,Ontario,2026-07-16,Bronze
C03484,Derrick,Boone,johnsemily@example.org,Edmonton,Alberta,2025-03-12,Silver
C03485,Douglas,Hughes,christinacox@example.com,Brampton,Ontario,2022-03-28,Silver
C03486,Zachary,Allen,dana43@example.org,Ottawa,Ontario,2023-06-19,Silver
C03487,James,Martin,bruiz@example.com,Calgary,Alberta,2024-04-15,Bronze
C03488,Ryan,Kane,michele08@example.net,Mississauga,Ontario,2023-07-22,Silver
C03489,Linda,Jackson,gonzalezkara@example.com,Calgary,Alberta,2021-12-17,Bronze
C03490,Steven,Terry,christinahughes@example.net,Edmonton,Alberta,2024-04-07,Bronze
C03491,Abigail,Molina,hendersonluis@example.net,Mississauga,Ontario,2026-04-24,Silver
C03492,Frank,Frazier,johnlane@example.com,Ottawa,Ontario,2022-04-02,Silver
C03493,Ryan,Gibbs,marygolden@example.net,Hamilton,Ontario,2021-11-15,Silver
C03494,Joyce,Munoz,gregory67@example.net,Calgary,Alberta,2021-10-27,Silver
C03495,Michael,Foster,ljohnson@example.org,Edmonton,Alberta,2025-05-19,Bronze
C03496,Johnny,Tanner,holiver@example.org,Edmonton,Alberta,2023-05-31,Bronze
C03497,Vincent,Mckinney,rkline@example.com,Ottawa,Ontario,2025-11-23,Gold
C03498,Shannon,Ward,wkemp@example.net,Brampton,Ontario,2021-08-19,Bronze
C03499,Robert,Walsh,nicholasross@example.com,Vancouver,British Columbia,2022-04-05,Bronze
C03500,Jessica,Adams,vvaughn@example.com,Toronto,Ontario,2025-08-20,Silver
C03501,Joanne,Espinoza,chansen@example.com,Ottawa,Ontario,2021-09-02,Silver
C03502,Jonathan,Mendoza,scole@example.net,Edmonton,Alberta,2024-02-08,Bronze
C03503,Michael,Williamson,caleb70@example.org,Toronto,Ontario,2023-01-07,Bronze
C03504,Rachel,Richardson,fwright@example.org,Ottawa,Ontario,2025-04-04,Silver
C03505,Alex,Garcia,garciawilliam@example.com,Vancouver,British Columbia,2025-01-26,Silver
C03506,Angela,Johnson,gracehill@example.net,Toronto,Ontario,2024-08-02,Bronze
C03507,Reginald,Thomas,holmesjason@example.org,Edmonton,Alberta,2023-02-08,Gold
C03508,Nichole,Thompson,thomas71@example.net,Mississauga,Ontario,2023-06-17,Bronze
C03509,Aaron,Patel,hortonadrian@example.org,Calgary,Alberta,2024-01-30,Silver
C03510,David,Soto,huffjames@example.com,Vancouver,British Columbia,2026-06-14,Bronze
C03511,Angela,Lopez,moodytimothy@example.org,Mississauga,Ontario,2025-07-14,Bronze
C03512,Ashley,Mccullough,thompsonemma@example.org,Edmonton,Alberta,2023-11-15,Bronze
C03513,Sarah,Ford,lisasanford@example.net,Vancouver,British Columbia,2022-07-26,Gold
C03514,Megan,Hayes,riverajose@example.org,Hamilton,Ontario,2022-02-11,Bronze
C03515,Kevin,Hardy,skinnerteresa@example.net,Vancouver,British Columbia,2022-09-26,Silver
C03516,Stephen,Carter,rrodriguez@example.com,Vancouver,British Columbia,2026-01-26,Bronze
C03517,Jonathon,Rubio,taylordavid@example.net,Vancouver,British Columbia,2022-12-19,Silver
C03518,Thomas,Murray,williamrivas@example.com,Mississauga,Ontario,2024-01-20,Bronze
C03519,Vernon,Jones,wpace@example.org,Brampton,Ontario,2025-09-01,Bronze
C03520,Joshua,Williams,lanedanielle@example.net,Brampton,Ontario,2023-01-01,Silver
C03521,Robin,Cummings,sherrycline@example.org,Edmonton,Alberta,2024-01-19,Silver
C03522,Hannah,Mitchell,morganrobinson@example.net,Vancouver,British Columbia,2023-03-14,Bronze
C03523,Kenneth,Powell,donald43@example.org,Hamilton,Ontario,2023-04-02,Silver
C03524,David,Jones,timothy24@example.com,Vancouver,British Columbia,2021-10-03,Silver
C03525,Bianca,Raymond,kathrynhunt@example.com,Toronto,Ontario,2025-03-22,Bronze
C03526,Jennifer,Freeman,huffmandonald@example.net,Calgary,Alberta,2022-06-05,Silver
C03527,Dustin,Kidd,ielliott@example.net,Mississauga,Ontario,2025-03-29,Bronze
C03528,Jeffrey,Williams,paula54@example.com,Brampton,Ontario,2022-10-10,Bronze
C03529,Barbara,Knight,joan75@example.org,Vancouver,British Columbia,2022-11-19,Silver
C03530,Amanda,Pham,msandoval@example.com,Vancouver,British Columbia,2025-03-18,Bronze
C03531,Caleb,Lewis,thomaslinda@example.org,Mississauga,Ontario,2021-12-17,Silver
C03532,Patrick,Watkins,xbaker@example.net,Calgary,Alberta,2022-07-14,Silver
C03533,Rebecca,Lopez,coxdavid@example.net,Mississauga,Ontario,2025-11-23,Bronze
C03534,Tonya,Newman,qlong@example.com,Vancouver,British Columbia,2024-02-24,Silver
C03535,Bobby,Johnson,qkent@example.com,Edmonton,Alberta,2023-05-02,Bronze
C03536,Christopher,Wong,burnettjoshua@example.com,Ottawa,Ontario,2026-03-04,Bronze
C03537,Sandra,Thompson,timothy36@example.com,Edmonton,Alberta,2023-07-09,Bronze
C03538,Benjamin,Anderson,gina64@example.org,Edmonton,Alberta,2026-07-19,Bronze
C03539,Patricia,Turner,mcmillandaniel@example.com,Ottawa,Ontario,2025-06-25,Bronze
C03540,Michelle,Hester,adamsheather@example.com,Mississauga,Ontario,2025-09-15,Silver
C03541,April,Bell,glassjames@example.com,Hamilton,Ontario,2023-02-03,Bronze
C03542,Erin,Garza,knappvictoria@example.net,Ottawa,Ontario,2026-05-21,Silver
C03543,Pamela,Mendoza,curryjenna@example.com,Toronto,Ontario,2026-03-14,Bronze
C03544,Veronica,Cooper,debbiegray@example.net,Edmonton,Alberta,2024-10-27,Gold
C03545,Laura,Smith,williamsmichael@example.org,Ottawa,Ontario,2022-04-05,Silver
C03546,Lisa,Davis,clopez@example.com,Ottawa,Ontario,2025-06-21,Bronze
C03547,Geoffrey,Herrera,jessicaweber@example.net,Vancouver,British Columbia,2021-09-13,Silver
C03548,Justin,Jones,sandra06@example.com,Brampton,Ontario,2026-05-13,Bronze
C03549,Steven,Moore,amandadavis@example.org,Edmonton,Alberta,2025-03-16,Bronze
C03550,Justin,Bell,oestrada@example.com,Ottawa,Ontario,2025-01-30,Silver
C03551,Mary,Lewis,cassandra54@example.com,Calgary,Alberta,2023-12-24,Silver
C03552,Roy,Gomez,belinda69@example.net,Ottawa,Ontario,2024-05-15,Silver
C03553,Ray,Schroeder,crystal30@example.net,Ottawa,Ontario,2021-12-31,Bronze
C03554,Russell,Peck,kevin37@example.net,Edmonton,Alberta,2021-11-04,Silver
C03555,John,Wood,leonsarah@example.org,Mississauga,Ontario,2024-09-27,Bronze
C03556,Clayton,Cobb,robertgonzales@example.org,Calgary,Alberta,2023-01-01,Silver
C03557,Ivan,Davis,vgonzales@example.org,Vancouver,British Columbia,2024-11-13,Silver
C03558,Stacie,Sanchez,davismorgan@example.org,Mississauga,Ontario,2025-02-11,Bronze
C03559,Madison,Scott,nathan51@example.org,Ottawa,Ontario,2023-12-09,Silver
C03560,Kevin,Gomez,ibaker@example.net,Hamilton,Ontario,2024-01-28,Bronze
C03561,Ashley,Perkins,lhicks@example.com,Hamilton,Ontario,2024-08-22,Gold
C03562,Nicole,Wells,zjackson@example.org,Toronto,Ontario,2024-09-16,Bronze
C03563,Justin,Torres,parkerryan@example.com,Hamilton,Ontario,2025-07-02,Silver
C03564,Jeffrey,Gonzalez,richardsondeanna@example.org,Hamilton,Ontario,2022-01-21,Bronze
C03565,Julie,Miller,davisjack@example.org,Calgary,Alberta,2024-08-01,Bronze
C03566,Kelly,Williams,patrickjohnson@example.com,Hamilton,Ontario,2025-09-28,Bronze
C03567,Brian,Jimenez,aaron97@example.net,Ottawa,Ontario,2022-06-22,Gold
C03568,Cory,Bailey,juan21@example.com,Toronto,Ontario,2022-09-27,Bronze
C03569,Nicholas,Nunez,stephanie40@example.org,Ottawa,Ontario,2022-05-01,Silver
C03570,Denise,Graham,pjohnson@example.org,Hamilton,Ontario,2024-07-13,Silver
C03571,David,Terry,vbush@example.com,Vancouver,British Columbia,2022-08-10,Bronze
C03572,Wendy,Vargas,anthonythompson@example.net,Toronto,Ontario,2021-12-13,Bronze
C03573,Taylor,Collier,rirwin@example.net,Ottawa,Ontario,2025-05-23,Bronze
C03574,Melissa,Jacobs,dnelson@example.net,Vancouver,British Columbia,2023-03-03,Silver
C03575,Elizabeth,Herrera,masseydavid@example.com,Calgary,Alberta,2025-10-13,Bronze
C03576,Tracy,Anderson,paynechristopher@example.com,Vancouver,British Columbia,2025-11-12,Bronze
C03577,William,Miller,garciaanthony@example.com,Brampton,Ontario,2024-08-06,Bronze
C03578,Kimberly,Horton,munozjulie@example.net,Toronto,Ontario,2021-08-29,Silver
C03579,Teresa,Blake,jill64@example.org,Hamilton,Ontario,2023-03-13,Bronze
C03580,Karen,Stout,turnerjennifer@example.net,Ottawa,Ontario,2022-10-12,Bronze
C03581,Linda,Marshall,robertdavis@example.net,Calgary,Alberta,2025-11-23,Bronze
C03582,Joseph,Meyer,floreserica@example.net,Edmonton,Alberta,2025-04-22,Bronze
C03583,Cheryl,Ramirez,carternicole@example.net,Mississauga,Ontario,2026-03-10,Silver
C03584,Edward,Smith,smithemily@example.com,Vancouver,British Columbia,2026-04-14,Silver
C03585,Robert,Powell,zachary79@example.net,Calgary,Alberta,2022-03-19,Bronze
C03586,Crystal,Gilbert,harrismichelle@example.com,Calgary,Alberta,2023-02-24,Bronze
C03587,Erica,Watson,brocksarah@example.org,Calgary,Alberta,2026-02-22,Bronze
C03588,Briana,Grimes,hhill@example.net,Toronto,Ontario,2023-01-03,Silver
C03589,Sarah,James,henry29@example.com,Calgary,Alberta,2026-06-18,Silver
C03590,Antonio,Collins,blake28@example.net,Vancouver,British Columbia,2023-03-28,Bronze
C03591,Paula,Wilson,stonemallory@example.org,Mississauga,Ontario,2022-01-09,Bronze
C03592,Heidi,Ford,qrasmussen@example.net,Edmonton,Alberta,2022-01-12,Bronze
C03593,Dawn,Miller,robert49@example.net,Vancouver,British Columbia,2022-12-27,Bronze
C03594,Rebecca,Lewis,meganadams@example.net,Vancouver,British Columbia,2026-06-11,Bronze
C03595,John,Reynolds,zgibson@example.org,Ottawa,Ontario,2026-07-22,Silver
C03596,Susan,Lewis,rickyford@example.net,Edmonton,Alberta,2023-10-09,Bronze
C03597,Brittany,Perez,gabrielle28@example.org,Calgary,Alberta,2026-06-11,Gold
C03598,Joseph,Ware,michelle51@example.org,Vancouver,British Columbia,2026-06-04,Silver
C03599,Erica,Deleon,deborah34@example.org,Brampton,Ontario,2025-08-11,Bronze
C03600,Brittney,Miller,albertwilkinson@example.org,Brampton,Ontario,2021-11-16,Bronze
C03601,Erica,Stevens,zmack@example.org,Toronto,Ontario,2025-02-16,Gold
C03602,Colleen,Jackson,smithgregory@example.com,Toronto,Ontario,2021-09-02,Bronze
C03603,Kevin,Horne,thomascooper@example.org,Brampton,Ontario,2025-09-28,Bronze
C03604,Erin,Moore,brianfoster@example.net,Vancouver,British Columbia,2022-11-24,Silver
C03605,Alexander,Russell,timothybenjamin@example.net,Edmonton,Alberta,2021-08-04,Gold
C03606,James,Lewis,brendawalker@example.net,Brampton,Ontario,2026-07-07,Gold
C03607,Ryan,Webster,monroejoseph@example.com,Edmonton,Alberta,2025-11-17,Silver
C03608,Shelley,Buckley,wmitchell@example.org,Edmonton,Alberta,2022-08-06,Gold
C03609,Kathleen,Miles,lawrencesheila@example.com,Brampton,Ontario,2024-06-26,Bronze
C03610,Susan,Chavez,donna14@example.org,Mississauga,Ontario,2022-11-02,Bronze
C03611,George,Webb,fjacobs@example.net,Vancouver,British Columbia,2026-01-07,Bronze
C03612,Christopher,Morales,courtney94@example.net,Mississauga,Ontario,2025-08-10,Silver
C03613,Wendy,Johnson,joshuaday@example.org,Mississauga,Ontario,2026-04-21,Bronze
C03614,Nancy,Mejia,jose17@example.com,Hamilton,Ontario,2026-01-11,Bronze
C03615,Charles,Fields,waltersbrett@example.net,Vancouver,British Columbia,2025-01-14,Bronze
C03616,Carla,Zamora,gary99@example.org,Edmonton,Alberta,2022-07-11,Silver
C03617,Christina,Roberts,tyler95@example.net,Ottawa,Ontario,2026-02-01,Silver
C03618,Jasmine,Brown,longnancy@example.net,Brampton,Ontario,2025-01-08,Bronze
C03619,Rodney,Alexander,fschmidt@example.com,Mississauga,Ontario,2026-01-02,Silver
C03620,Joseph,Crawford,mortonjoel@example.com,Ottawa,Ontario,2026-06-27,Bronze
C03621,Michael,Horn,nknight@example.com,Edmonton,Alberta,2021-07-29,Silver
C03622,Marie,Baker,pruittlaura@example.com,Ottawa,Ontario,2022-03-30,Bronze
C03623,Sandra,Payne,martinezsandra@example.com,Hamilton,Ontario,2022-10-31,Bronze
C03624,Laura,Russell,wrodriguez@example.com,Brampton,Ontario,2025-07-31,Bronze
C03625,Ryan,Davis,melanieburns@example.org,Edmonton,Alberta,2025-12-01,Silver
C03626,Christine,Adams,rhunt@example.org,Brampton,Ontario,2021-08-07,Bronze
C03627,Mary,Willis,stacy78@example.net,Toronto,Ontario,2024-12-02,Bronze
C03628,April,Williamson,pyates@example.org,Hamilton,Ontario,2024-01-18,Bronze
C03629,Kyle,Hicks,eric49@example.org,Toronto,Ontario,2022-08-14,Gold
C03630,Deanna,Norris,ozimmerman@example.net,Toronto,Ontario,2025-02-22,Bronze
C03631,Joseph,Roberts,deborahgriffin@example.net,Brampton,Ontario,2024-01-07,Bronze
C03632,Jennifer,Robles,reynoldsangela@example.org,Hamilton,Ontario,2025-12-03,Silver
C03633,Chase,Navarro,hannahwright@example.org,Ottawa,Ontario,2024-10-16,Bronze
C03634,Dorothy,Smith,brianharrison@example.net,Mississauga,Ontario,2024-10-23,Bronze
C03635,Kayla,Robinson,dcaldwell@example.org,Toronto,Ontario,2025-06-07,Bronze
C03636,Christy,Pena,margaretconley@example.org,Mississauga,Ontario,2023-01-16,Silver
C03637,Thomas,Wilson,allenjamie@example.net,Brampton,Ontario,2023-11-18,Silver
C03638,Patrick,Bowman,dedwards@example.com,Brampton,Ontario,2021-08-27,Bronze
C03639,Joseph,Harris,samuel72@example.com,Calgary,Alberta,2025-08-30,Bronze
C03640,Jessica,Reyes,sandralove@example.net,Hamilton,Ontario,2022-08-03,Bronze
C03641,Heather,King,wallacejared@example.net,Ottawa,Ontario,2021-11-20,Bronze
C03642,Stacey,Glass,cnichols@example.net,Vancouver,British Columbia,2024-06-17,Bronze
C03643,Donald,Taylor,jeremy36@example.net,Mississauga,Ontario,2022-12-19,Bronze
C03644,Emily,Howard,nwilson@example.net,Brampton,Ontario,2023-08-18,Bronze
C03645,Jerry,Todd,tylerbrown@example.net,Toronto,Ontario,2023-11-02,Bronze
C03646,Anthony,Peck,mfields@example.com,Calgary,Alberta,2023-12-16,Bronze
C03647,Sarah,Walsh,loricabrera@example.net,Toronto,Ontario,2023-12-03,Bronze
C03648,Cody,Thompson,cmcconnell@example.net,Vancouver,British Columbia,2021-11-23,Gold
C03649,Christopher,Stokes,mckenziekristina@example.com,Ottawa,Ontario,2022-10-10,Bronze
C03650,Carrie,Orozco,hannah18@example.com,Hamilton,Ontario,2022-05-15,Gold
C03651,Jaclyn,Deleon,stephen64@example.net,Ottawa,Ontario,2023-11-23,Bronze
C03652,Stephanie,Montoya,edgar95@example.net,Brampton,Ontario,2024-06-02,Silver
C03653,Stephanie,Bush,lewiskristine@example.com,Toronto,Ontario,2024-06-08,Bronze
C03654,Stephen,Lewis,tracibradley@example.org,Calgary,Alberta,2022-08-21,Bronze
C03655,Tammy,Lyons,lmiller@example.com,Mississauga,Ontario,2023-04-30,Bronze
C03656,Adam,Salinas,frankpayne@example.net,Hamilton,Ontario,2025-01-02,Bronze
C03657,Jay,Daniel,mortiz@example.net,Edmonton,Alberta,2022-12-01,Bronze
C03658,Charles,Lewis,franciscoolson@example.com,Vancouver,British Columbia,2024-08-27,Bronze
C03659,Brandy,Harris,traceymcgee@example.net,Brampton,Ontario,2023-11-23,Bronze
C03660,Thomas,Foley,larry34@example.com,Calgary,Alberta,2023-08-21,Bronze
C03661,Anthony,Parks,waynekrueger@example.net,Edmonton,Alberta,2023-05-08,Bronze
C03662,Robert,Myers,edelgado@example.org,Toronto,Ontario,2022-10-11,Bronze
C03663,Justin,Dougherty,adam23@example.com,Vancouver,British Columbia,2021-10-19,Bronze
C03664,Jamie,Carter,gregoryallison@example.net,Toronto,Ontario,2023-06-22,Silver
C03665,Becky,Baker,mckeedanielle@example.net,Vancouver,British Columbia,2022-10-29,Bronze
C03666,Glen,Ramirez,jeffersonwilliam@example.org,Brampton,Ontario,2021-11-24,Silver
C03667,Andrew,Kelly,brittneymurphy@example.org,Brampton,Ontario,2023-08-03,Bronze
C03668,Dominique,Johnson,hatfieldcynthia@example.org,Edmonton,Alberta,2023-09-20,Bronze
C03669,Belinda,Alvarado,christopher10@example.com,Hamilton,Ontario,2023-08-30,Bronze
C03670,Theresa,Carr,joshuaschaefer@example.org,Hamilton,Ontario,2021-08-17,Silver
C03671,Krystal,Sanchez,floresanna@example.org,Brampton,Ontario,2021-10-15,Bronze
C03672,Jason,Gonzalez,thompsonmaria@example.net,Toronto,Ontario,2026-05-23,Bronze
C03673,Erica,Hinton,benjaminthomas@example.org,Toronto,Ontario,2022-09-10,Bronze
C03674,Tammy,Fox,anthonycruz@example.com,Mississauga,Ontario,2025-09-07,Silver
C03675,Stephanie,Schwartz,ronaldbanks@example.org,Ottawa,Ontario,2023-04-03,Gold
C03676,Savannah,Rivera,qwiley@example.org,Hamilton,Ontario,2022-03-22,Bronze
C03677,Melvin,Taylor,amy14@example.org,Hamilton,Ontario,2022-05-16,Silver
C03678,Philip,Gibson,tyler89@example.net,Edmonton,Alberta,2023-07-03,Silver
C03679,Tony,White,thomaskevin@example.org,Toronto,Ontario,2025-07-12,Bronze
C03680,Gavin,Sanchez,wilsonkim@example.com,Edmonton,Alberta,2025-07-06,Bronze
C03681,David,Smith,kimberlybrown@example.com,Hamilton,Ontario,2024-06-12,Gold
C03682,Matthew,Brown,kathleensantos@example.com,Hamilton,Ontario,2022-02-18,Silver
C03683,Martha,Acosta,williamspatrick@example.org,Toronto,Ontario,2024-09-28,Bronze
C03684,Jon,Harrell,chavezkathy@example.org,Hamilton,Ontario,2025-07-24,Bronze
C03685,Shelly,Delgado,krista45@example.net,Toronto,Ontario,2026-01-05,Bronze
C03686,Scott,Wilson,edward42@example.com,Vancouver,British Columbia,2023-05-20,Silver
C03687,Sara,Taylor,kimberlyfoster@example.org,Brampton,Ontario,2022-11-28,Bronze
C03688,Franklin,Alvarado,davidgomez@example.com,Ottawa,Ontario,2024-11-14,Bronze
C03689,Kayla,White,smithjohnathan@example.org,Brampton,Ontario,2022-07-27,Bronze
C03690,Jessica,Green,robertjones@example.com,Ottawa,Ontario,2022-11-11,Silver
C03691,Donald,Wallace,vbishop@example.net,Brampton,Ontario,2022-11-29,Bronze
C03692,Michael,Green,russellcolin@example.net,Hamilton,Ontario,2022-06-23,Bronze
C03693,Denise,Reed,wheelerchris@example.org,Toronto,Ontario,2023-06-18,Silver
C03694,Nicholas,Harrell,stephanie38@example.org,Calgary,Alberta,2024-10-18,Silver
C03695,Andrew,Sims,psullivan@example.com,Ottawa,Ontario,2026-05-03,Silver
C03696,Sara,Nguyen,eric83@example.org,Mississauga,Ontario,2022-01-05,Gold
C03697,Kyle,Walker,timothyhammond@example.net,Brampton,Ontario,2022-05-29,Bronze
C03698,Colton,Patrick,fpatel@example.com,Toronto,Ontario,2025-05-04,Bronze
C03699,Kathleen,Cooper,duncanalfred@example.org,Ottawa,Ontario,2022-05-04,Silver
C03700,Connor,Smith,kburton@example.org,Toronto,Ontario,2022-06-27,Gold
C03701,Jessica,Cruz,amanda86@example.com,Brampton,Ontario,2025-06-14,Gold
C03702,Christina,Snyder,jennifer28@example.net,Hamilton,Ontario,2025-05-09,Bronze
C03703,Lisa,Brown,smccall@example.com,Mississauga,Ontario,2025-08-12,Bronze
C03704,Claudia,Ferguson,guycarter@example.com,Ottawa,Ontario,2022-09-09,Silver
C03705,Natasha,Christian,sarah81@example.org,Edmonton,Alberta,2022-12-23,Silver
C03706,Zachary,Boyd,xrose@example.org,Vancouver,British Columbia,2022-09-30,Bronze
C03707,Andrea,Thompson,melindamitchell@example.net,Vancouver,British Columbia,2026-03-02,Bronze
C03708,Randy,Taylor,wrightsharon@example.org,Hamilton,Ontario,2021-08-01,Bronze
C03709,Cheryl,Pierce,christinerivera@example.net,Edmonton,Alberta,2024-04-07,Gold
C03710,Gregory,Jones,adixon@example.com,Ottawa,Ontario,2022-04-26,Gold
C03711,Whitney,Ramirez,ronald56@example.org,Hamilton,Ontario,2023-01-19,Silver
C03712,Bryan,Skinner,fitzpatrickjoseph@example.com,Ottawa,Ontario,2026-01-29,Silver
C03713,Ryan,Dixon,lestrada@example.net,Ottawa,Ontario,2022-06-02,Bronze
C03714,Michael,Barber,aguilarkevin@example.net,Brampton,Ontario,2022-04-06,Bronze
C03715,Elizabeth,Holland,hallwilliam@example.org,Mississauga,Ontario,2022-07-29,Silver
C03716,Anthony,Larson,bflores@example.com,Brampton,Ontario,2023-07-24,Bronze
C03717,Ashley,Grant,yangtimothy@example.com,Calgary,Alberta,2025-04-10,Gold
C03718,Robert,Tanner,brookemcgee@example.com,Mississauga,Ontario,2025-07-16,Bronze
C03719,Linda,Chavez,gregorysandoval@example.com,Toronto,Ontario,2023-12-10,Silver
C03720,Charles,Miller,vanessacastillo@example.com,Brampton,Ontario,2024-10-30,Bronze
C03721,Kaitlyn,Johnson,alexmcdaniel@example.com,Calgary,Alberta,2021-08-21,Bronze
C03722,Jacob,Ortiz,kevinsolis@example.com,Calgary,Alberta,2024-01-09,Silver
C03723,Christopher,Duncan,amanda87@example.com,Calgary,Alberta,2021-10-13,Silver
C03724,Vanessa,Reid,vsteele@example.com,Edmonton,Alberta,2024-02-04,Silver
C03725,Nicole,Hunt,tbell@example.com,Calgary,Alberta,2025-11-12,Silver
C03726,Dawn,Ramsey,kathleenlowe@example.org,Edmonton,Alberta,2026-04-30,Silver
C03727,Ryan,Baker,brittany44@example.net,Toronto,Ontario,2024-02-10,Gold
C03728,Maureen,Bauer,mariawagner@example.org,Toronto,Ontario,2025-02-23,Bronze
C03729,Nathan,Soto,brittany96@example.org,Brampton,Ontario,2025-06-07,Bronze
C03730,Joshua,Floyd,kristin09@example.net,Brampton,Ontario,2022-03-16,Bronze
C03731,Taylor,Orr,kennethschneider@example.com,Vancouver,British Columbia,2024-12-13,Bronze
C03732,John,Bridges,heatherlynch@example.com,Hamilton,Ontario,2023-04-06,Bronze
C03733,Holly,Lee,ronnie60@example.org,Hamilton,Ontario,2022-03-02,Bronze
C03734,Brandi,Gilbert,evansadrian@example.net,Hamilton,Ontario,2023-03-17,Silver
C03735,Judith,Edwards,michelleblanchard@example.com,Calgary,Alberta,2024-04-01,Bronze
C03736,Robert,Garcia,ogutierrez@example.net,Brampton,Ontario,2024-12-07,Silver
C03737,Raymond,Luna,jeremy60@example.com,Hamilton,Ontario,2025-09-15,Bronze
C03738,Morgan,Kirk,arnolddylan@example.org,Toronto,Ontario,2022-12-06,Silver
C03739,Mark,Thompson,juan88@example.com,Ottawa,Ontario,2022-09-08,Bronze
C03740,Jose,Martin,mileslauren@example.com,Calgary,Alberta,2021-09-18,Bronze
C03741,Danielle,Huffman,cohenjared@example.com,Hamilton,Ontario,2025-02-22,Silver
C03742,Justin,Lopez,rebeccavincent@example.org,Edmonton,Alberta,2021-10-13,Bronze
C03743,Krista,Moore,michael80@example.net,Ottawa,Ontario,2022-04-11,Silver
C03744,Steven,Rodriguez,danielblevins@example.org,Hamilton,Ontario,2025-07-15,Silver
C03745,Brenda,Guerra,pinedalucas@example.org,Hamilton,Ontario,2026-01-09,Bronze
C03746,Katherine,Love,huertaamanda@example.com,Ottawa,Ontario,2025-02-17,Bronze
C03747,Jeffery,Blanchard,englishjason@example.org,Toronto,Ontario,2025-10-22,Bronze
C03748,Joseph,Miller,teresascott@example.net,Mississauga,Ontario,2025-07-19,Silver
C03749,Tyler,Rhodes,yryan@example.com,Toronto,Ontario,2023-10-20,Silver
C03750,Ryan,Page,johnsonbenjamin@example.org,Edmonton,Alberta,2025-11-09,Bronze
C03751,Brandi,Barton,srichardson@example.com,Toronto,Ontario,2025-10-17,Bronze
C03752,Jennifer,Bond,matthew05@example.net,Brampton,Ontario,2025-09-15,Silver
C03753,Christopher,Reyes,alexandria23@example.com,Ottawa,Ontario,2024-05-13,Silver
C03754,Adrienne,Chapman,romangregory@example.net,Vancouver,British Columbia,2024-05-23,Silver
C03755,Richard,Ramsey,sherryrivera@example.org,Vancouver,British Columbia,2025-06-23,Bronze
C03756,David,Perez,susan57@example.net,Hamilton,Ontario,2025-09-09,Bronze
C03757,Manuel,Boyle,rachel40@example.net,Ottawa,Ontario,2022-06-03,Bronze
C03758,Adam,Brown,gabriel37@example.com,Brampton,Ontario,2022-12-19,Bronze
C03759,Jessica,Levine,umassey@example.net,Hamilton,Ontario,2023-12-16,Silver
C03760,Rick,Thomas,scottjennifer@example.net,Brampton,Ontario,2024-12-20,Bronze
C03761,David,Meadows,david30@example.net,Vancouver,British Columbia,2023-12-24,Silver
C03762,Melissa,Meyer,shanenorton@example.net,Calgary,Alberta,2025-04-17,Bronze
C03763,Kenneth,Martin,anthonyperez@example.net,Vancouver,British Columbia,2025-07-06,Bronze
C03764,Terri,Mason,jsmith@example.net,Hamilton,Ontario,2022-02-26,Bronze
C03765,Francisco,Johnson,hamptondebra@example.org,Hamilton,Ontario,2022-10-10,Bronze
C03766,Stacy,Morales,aliciakelly@example.org,Toronto,Ontario,2024-03-29,Bronze
C03767,John,Williams,lewisjohn@example.com,Edmonton,Alberta,2024-06-19,Bronze
C03768,Kaitlyn,George,debbie12@example.org,Edmonton,Alberta,2021-12-30,Bronze
C03769,Antonio,Davis,ptaylor@example.org,Calgary,Alberta,2025-02-18,Silver
C03770,Christopher,Thompson,audrey68@example.net,Hamilton,Ontario,2023-09-25,Silver
C03771,Brian,Brock,gtaylor@example.com,Ottawa,Ontario,2025-09-30,Bronze
C03772,Margaret,Watts,frederick36@example.org,Calgary,Alberta,2022-06-03,Bronze
C03773,Tara,Daniels,sarah27@example.net,Hamilton,Ontario,2022-08-19,Bronze
C03774,Nicole,Malone,katherinewalker@example.com,Vancouver,British Columbia,2025-07-20,Silver
C03775,Rachel,Chavez,jamesgarcia@example.org,Mississauga,Ontario,2021-08-05,Bronze
C03776,Ronald,White,carmenwiley@example.org,Calgary,Alberta,2024-07-19,Silver
C03777,Elizabeth,Jones,dcampbell@example.net,Ottawa,Ontario,2025-08-28,Bronze
C03778,Brandon,Ball,collinserik@example.net,Edmonton,Alberta,2026-06-28,Bronze
C03779,Michael,Mendoza,oball@example.net,Vancouver,British Columbia,2022-10-16,Bronze
C03780,Timothy,Hutchinson,mayjessica@example.org,Vancouver,British Columbia,2026-05-31,Bronze
C03781,Keith,Allen,john35@example.org,Ottawa,Ontario,2026-05-18,Silver
C03782,Monica,Schmidt,alisha53@example.org,Vancouver,British Columbia,2023-10-28,Bronze
C03783,Donald,Miller,vmarsh@example.com,Ottawa,Ontario,2023-11-07,Bronze
C03784,Christine,Trevino,whitney04@example.net,Hamilton,Ontario,2026-05-09,Bronze
C03785,Kristin,Lang,josephmorrison@example.org,Calgary,Alberta,2024-07-26,Gold
C03786,Roger,Mcdonald,thompsonmichael@example.com,Vancouver,British Columbia,2022-02-13,Bronze
C03787,Lauren,Morris,maddoxwendy@example.net,Mississauga,Ontario,2022-12-28,Bronze
C03788,Robert,Rice,samanthagraham@example.net,Brampton,Ontario,2022-09-18,Bronze
C03789,Ryan,Cook,johnlamb@example.org,Hamilton,Ontario,2026-01-02,Bronze
C03790,Samuel,Banks,griffinjustin@example.com,Hamilton,Ontario,2026-06-08,Bronze
C03791,Caitlyn,Smith,twhite@example.org,Toronto,Ontario,2025-09-01,Bronze
C03792,Travis,Smith,mackenzie51@example.org,Vancouver,British Columbia,2024-02-06,Gold
C03793,Tammie,Burgess,lisaestrada@example.net,Toronto,Ontario,2024-08-06,Bronze
C03794,Heather,Barker,shannonhart@example.org,Ottawa,Ontario,2025-06-09,Bronze
C03795,Michael,Stone,wmartin@example.com,Hamilton,Ontario,2025-11-13,Bronze
C03796,Alison,Morrison,wilkinsjim@example.com,Vancouver,British Columbia,2024-08-26,Bronze
C03797,Teresa,Mendoza,robert51@example.org,Edmonton,Alberta,2026-06-25,Bronze
C03798,Holly,Roberts,jeffreydelgado@example.net,Brampton,Ontario,2024-01-28,Bronze
C03799,Gina,Blake,josephstephens@example.org,Ottawa,Ontario,2022-07-31,Gold
C03800,Danielle,Parsons,wvazquez@example.com,Toronto,Ontario,2025-06-06,Silver
C03801,Crystal,Brown,anna96@example.org,Vancouver,British Columbia,2024-12-06,Silver
C03802,Harold,Lewis,jennifer69@example.net,Ottawa,Ontario,2025-11-26,Bronze
C03803,Cheryl,Barker,charles14@example.org,Toronto,Ontario,2024-07-11,Bronze
C03804,Jonathan,Lee,matthew79@example.com,Brampton,Ontario,2023-07-14,Bronze
C03805,Edwin,Hudson,hollandkatie@example.org,Ottawa,Ontario,2022-04-09,Silver
C03806,Tonya,Ramirez,mackenziemartinez@example.net,Brampton,Ontario,2025-11-03,Bronze
C03807,Nancy,Webb,amyhardy@example.com,Hamilton,Ontario,2022-01-25,Bronze
C03808,Richard,Bennett,dbaker@example.org,Hamilton,Ontario,2024-03-28,Silver
C03809,Brittany,Thompson,joneskatelyn@example.net,Calgary,Alberta,2025-11-29,Silver
C03810,Jeffrey,Wilson,eddieparsons@example.net,Vancouver,British Columbia,2021-09-02,Gold
C03811,Carlos,Diaz,deborahalexander@example.net,Edmonton,Alberta,2025-08-26,Silver
C03812,Jessica,Harris,williamgeorge@example.org,Brampton,Ontario,2025-04-05,Bronze
C03813,Steven,Peck,ranthony@example.com,Edmonton,Alberta,2022-04-18,Bronze
C03814,David,Norris,andrea91@example.org,Ottawa,Ontario,2025-04-18,Bronze
C03815,Nicole,George,parkermichael@example.net,Edmonton,Alberta,2023-08-15,Bronze
C03816,Evan,Collins,martinezallen@example.net,Vancouver,British Columbia,2022-06-21,Bronze
C03817,Cathy,Mullins,ccole@example.org,Brampton,Ontario,2026-03-09,Silver
C03818,Christine,Watson,langdaniel@example.net,Brampton,Ontario,2022-10-23,Bronze
C03819,Brian,Rodriguez,gravesalan@example.org,Brampton,Ontario,2024-06-30,Bronze
C03820,Jessica,Thompson,angelica04@example.com,Hamilton,Ontario,2025-07-20,Bronze
C03821,Jennifer,Schultz,mvaughan@example.com,Ottawa,Ontario,2023-01-22,Bronze
C03822,Yvonne,Patterson,valdezaaron@example.com,Mississauga,Ontario,2023-04-27,Bronze
C03823,Justin,Phillips,girwin@example.org,Toronto,Ontario,2024-11-13,Bronze
C03824,Meghan,Taylor,ronaldjuarez@example.net,Hamilton,Ontario,2025-06-11,Bronze
C03825,William,Ford,ramirezjoseph@example.net,Vancouver,British Columbia,2023-08-06,Bronze
C03826,Gregory,Woods,megan49@example.org,Hamilton,Ontario,2025-04-07,Bronze
C03827,Chelsea,Ramirez,michael95@example.org,Brampton,Ontario,2024-02-01,Gold
C03828,Joseph,Phillips,amber97@example.org,Ottawa,Ontario,2026-04-17,Bronze
C03829,Walter,Valenzuela,nicoleford@example.org,Ottawa,Ontario,2022-08-12,Bronze
C03830,Jean,Ball,justin21@example.net,Brampton,Ontario,2025-01-26,Bronze
C03831,Debra,Walker,amckinney@example.net,Vancouver,British Columbia,2026-06-22,Bronze
C03832,Scott,Green,webbrichard@example.org,Edmonton,Alberta,2025-01-01,Silver
C03833,Brian,Perez,emarshall@example.com,Vancouver,British Columbia,2024-07-12,Silver
C03834,Alison,Paul,ubradshaw@example.org,Vancouver,British Columbia,2023-06-08,Silver
C03835,Ryan,Young,teresa42@example.net,Vancouver,British Columbia,2025-08-02,Silver
C03836,John,Smith,younggabriel@example.net,Toronto,Ontario,2022-01-23,Bronze
C03837,Jason,Owens,heidi82@example.org,Brampton,Ontario,2024-02-26,Bronze
C03838,Kathryn,Gordon,christopherwhite@example.com,Vancouver,British Columbia,2023-08-22,Silver
C03839,Philip,Moon,jacobserrano@example.org,Edmonton,Alberta,2023-09-23,Silver
C03840,Christopher,Romero,harrischarles@example.net,Brampton,Ontario,2022-10-31,Silver
C03841,Nicole,Bird,hendersonpatrick@example.com,Ottawa,Ontario,2025-05-11,Silver
C03842,Kenneth,Shepherd,andersonerin@example.org,Ottawa,Ontario,2025-04-15,Bronze
C03843,Albert,Bruce,brooke03@example.net,Toronto,Ontario,2024-09-24,Bronze
C03844,Ashley,Levy,samantha73@example.org,Edmonton,Alberta,2025-03-30,Bronze
C03845,Lindsey,Frye,imoreno@example.net,Toronto,Ontario,2026-06-01,Silver
C03846,Angela,Hill,thomasmendoza@example.net,Brampton,Ontario,2024-10-26,Bronze
C03847,Barbara,Rivas,nwelch@example.net,Ottawa,Ontario,2024-03-14,Bronze
C03848,Craig,Henry,henry10@example.org,Vancouver,British Columbia,2024-03-17,Bronze
C03849,Mary,Price,amandadavila@example.com,Mississauga,Ontario,2025-04-03,Silver
C03850,Kristy,Orr,dpeterson@example.com,Brampton,Ontario,2024-08-04,Bronze
C03851,Gary,Johnson,christine36@example.org,Edmonton,Alberta,2023-08-28,Silver
C03852,Amy,Webb,jennifer23@example.net,Brampton,Ontario,2025-04-19,Bronze
C03853,Timothy,Ramos,christopher80@example.org,Edmonton,Alberta,2025-03-13,Bronze
C03854,Alyssa,Thomas,dana33@example.org,Calgary,Alberta,2021-09-13,Silver
C03855,Kenneth,Carter,debbie82@example.com,Brampton,Ontario,2023-08-27,Bronze
C03856,Maria,Sandoval,acohen@example.org,Hamilton,Ontario,2023-05-14,Bronze
C03857,Christopher,Jones,harrisonmichael@example.org,Hamilton,Ontario,2022-01-22,Bronze
C03858,Matthew,Moore,robinsonlouis@example.net,Mississauga,Ontario,2022-07-19,Silver
C03859,Tara,Livingston,heather48@example.com,Ottawa,Ontario,2025-04-17,Bronze
C03860,David,Johnson,alexschroeder@example.net,Calgary,Alberta,2024-12-28,Bronze
C03861,Danielle,Lopez,lisa33@example.org,Brampton,Ontario,2024-04-02,Silver
C03862,Jennifer,Dorsey,amandaobrien@example.com,Brampton,Ontario,2023-11-08,Silver
C03863,Leslie,Holland,samanthamorris@example.com,Calgary,Alberta,2023-06-11,Bronze
C03864,Tammy,Johnson,dbarber@example.net,Edmonton,Alberta,2022-02-28,Silver
C03865,Brian,Norman,thomas85@example.com,Mississauga,Ontario,2025-08-23,Bronze
C03866,Leah,Hood,bobbyhill@example.net,Calgary,Alberta,2024-06-29,Silver
C03867,Brian,Miller,tpaul@example.net,Brampton,Ontario,2024-02-13,Gold
C03868,Danielle,Brown,stevelopez@example.org,Brampton,Ontario,2021-11-25,Bronze
C03869,Mark,Cain,burnscandace@example.org,Vancouver,British Columbia,2023-06-09,Bronze
C03870,Kenneth,Patton,melissareyes@example.net,Toronto,Ontario,2022-09-08,Silver
C03871,Brad,Peterson,perezcynthia@example.net,Calgary,Alberta,2021-10-08,Silver
C03872,Matthew,Williamson,carla95@example.net,Edmonton,Alberta,2023-08-12,Bronze
C03873,Rachael,Duncan,zhoffman@example.net,Brampton,Ontario,2022-08-18,Bronze
C03874,Chad,Jenkins,umiller@example.net,Calgary,Alberta,2021-11-11,Bronze
C03875,Larry,Joseph,brittany20@example.com,Ottawa,Ontario,2022-04-19,Bronze
C03876,Sarah,Douglas,kenneth76@example.org,Toronto,Ontario,2025-03-27,Silver
C03877,Allen,Taylor,brownkyle@example.org,Hamilton,Ontario,2025-06-13,Bronze
C03878,Ashley,Harris,ramirezcristina@example.org,Mississauga,Ontario,2025-02-11,Bronze
C03879,Erica,Riley,jeremydoyle@example.com,Edmonton,Alberta,2025-10-31,Silver
C03880,Steven,White,caldwelllarry@example.com,Vancouver,British Columbia,2023-09-29,Bronze
C03881,William,Montgomery,tuckermartin@example.net,Vancouver,British Columbia,2024-12-14,Bronze
C03882,Helen,Hogan,pflores@example.com,Hamilton,Ontario,2024-05-19,Bronze
C03883,Scott,Morales,romerojessica@example.org,Calgary,Alberta,2023-10-31,Bronze
C03884,Tricia,Randolph,nthompson@example.org,Hamilton,Ontario,2025-09-22,Gold
C03885,Madeline,Garcia,michaelfuller@example.net,Vancouver,British Columbia,2025-11-18,Bronze
C03886,Erica,Franklin,rita05@example.net,Toronto,Ontario,2023-12-12,Silver
C03887,Alexandria,Hubbard,ritterjason@example.net,Toronto,Ontario,2023-09-29,Bronze
C03888,Erin,Sanchez,karen13@example.org,Calgary,Alberta,2024-05-09,Silver
C03889,David,Dalton,fbrown@example.org,Ottawa,Ontario,2024-12-31,Bronze
C03890,Paul,Kennedy,vrobinson@example.org,Brampton,Ontario,2024-03-05,Bronze
C03891,Shelley,Erickson,eosborn@example.com,Ottawa,Ontario,2021-12-05,Silver
C03892,Adam,Winters,sarahburton@example.net,Calgary,Alberta,2026-04-21,Bronze
C03893,Zachary,King,michele02@example.net,Toronto,Ontario,2025-11-08,Gold
C03894,Donna,Golden,donnahernandez@example.net,Vancouver,British Columbia,2024-09-27,Silver
C03895,William,Mcguire,natasha64@example.com,Edmonton,Alberta,2026-03-19,Bronze
C03896,Thomas,Melendez,uwilliams@example.net,Edmonton,Alberta,2024-01-08,Bronze
C03897,Kristin,Arnold,stacey08@example.com,Ottawa,Ontario,2022-04-12,Silver
C03898,Cody,Jones,hamiltonrebecca@example.org,Toronto,Ontario,2022-06-20,Silver
C03899,Xavier,Matthews,robinsmith@example.net,Brampton,Ontario,2023-09-10,Gold
C03900,Natasha,Hamilton,wburns@example.com,Calgary,Alberta,2025-09-12,Bronze
C03901,Timothy,Campbell,jmartin@example.org,Brampton,Ontario,2021-11-18,Bronze
C03902,Kelsey,Weiss,jrodriguez@example.net,Mississauga,Ontario,2025-09-19,Silver
C03903,Jason,Yates,ffreeman@example.org,Calgary,Alberta,2025-09-06,Bronze
C03904,Natalie,Johnson,pwilliams@example.com,Mississauga,Ontario,2022-05-22,Silver
C03905,Kirk,Watts,zcoleman@example.net,Ottawa,Ontario,2026-04-28,Silver
C03906,Diane,Coleman,davisthomas@example.com,Edmonton,Alberta,2023-02-04,Bronze
C03907,Herbert,Warner,gonzalezkyle@example.org,Brampton,Ontario,2026-04-26,Bronze
C03908,Tonya,Brooks,unewton@example.com,Vancouver,British Columbia,2024-07-10,Silver
C03909,Anna,Norris,urichardson@example.net,Hamilton,Ontario,2025-07-05,Bronze
C03910,Martin,Howell,austin75@example.net,Vancouver,British Columbia,2021-08-26,Silver
C03911,William,Allen,danielle99@example.org,Edmonton,Alberta,2022-08-26,Bronze
C03912,Patricia,Wood,williamspamela@example.net,Ottawa,Ontario,2025-01-22,Bronze
C03913,Erik,Kelly,mathewramirez@example.net,Calgary,Alberta,2021-11-02,Silver
C03914,Jessica,Ortega,morgan91@example.net,Hamilton,Ontario,2022-09-29,Gold
C03915,Christopher,Mitchell,markjohnson@example.org,Hamilton,Ontario,2022-06-20,Bronze
C03916,Holly,Campbell,ruben84@example.com,Hamilton,Ontario,2021-10-18,Silver
C03917,Norma,Johnston,yjones@example.org,Calgary,Alberta,2024-11-21,Silver
C03918,Benjamin,Turner,anthonyallen@example.net,Edmonton,Alberta,2025-06-05,Gold
C03919,Heather,Leonard,qbarnes@example.net,Vancouver,British Columbia,2024-02-01,Silver
C03920,Matthew,Bryan,woodscheryl@example.net,Toronto,Ontario,2025-09-04,Silver
C03921,Robert,Brown,cjohnson@example.org,Edmonton,Alberta,2024-01-28,Bronze
C03922,Brent,Wilkins,castanedadavid@example.com,Toronto,Ontario,2024-07-13,Bronze
C03923,Elizabeth,King,timothy28@example.org,Mississauga,Ontario,2025-01-15,Bronze
C03924,Samantha,Evans,larry23@example.com,Vancouver,British Columbia,2024-04-22,Silver
C03925,Ryan,Reynolds,stephen54@example.com,Calgary,Alberta,2024-11-01,Bronze
C03926,Brenda,Jones,fergusonsarah@example.com,Toronto,Ontario,2025-03-23,Bronze
C03927,Scott,Anderson,wardmaria@example.net,Ottawa,Ontario,2022-12-17,Silver
C03928,Alexander,Lucas,elizabeth33@example.net,Calgary,Alberta,2025-12-25,Gold
C03929,Angela,Lynch,robbinsmargaret@example.com,Hamilton,Ontario,2025-08-19,Bronze
C03930,Benjamin,Higgins,millerlinda@example.com,Brampton,Ontario,2025-08-27,Silver
C03931,Tracey,Ford,ucompton@example.org,Calgary,Alberta,2023-09-23,Bronze
C03932,James,Andrade,moorekelly@example.net,Calgary,Alberta,2026-07-25,Bronze
C03933,Suzanne,Spencer,brittanyfoster@example.org,Hamilton,Ontario,2025-10-02,Silver
C03934,Jennifer,Adams,toddjeffrey@example.net,Hamilton,Ontario,2024-12-31,Silver
C03935,Gary,Evans,victorbrown@example.org,Hamilton,Ontario,2023-04-24,Bronze
C03936,Tamara,Burke,rflowers@example.net,Edmonton,Alberta,2025-04-19,Silver
C03937,Kelly,Barber,frogers@example.org,Hamilton,Ontario,2022-11-13,Bronze
C03938,Jason,Gardner,annacook@example.org,Hamilton,Ontario,2025-05-14,Bronze
C03939,John,Chen,stephaniedavis@example.net,Toronto,Ontario,2024-09-26,Silver
C03940,Danielle,Espinoza,zwarner@example.com,Vancouver,British Columbia,2023-09-24,Bronze
C03941,Gabriel,Robinson,taylor83@example.org,Hamilton,Ontario,2024-03-07,Bronze
C03942,Brian,Martin,jeffreyschmidt@example.org,Mississauga,Ontario,2024-07-06,Bronze
C03943,Max,Ball,chadpena@example.com,Mississauga,Ontario,2025-12-26,Bronze
C03944,James,Cook,wilsonkelly@example.net,Brampton,Ontario,2026-06-27,Bronze
C03945,Jeffrey,Bowman,amanda17@example.net,Calgary,Alberta,2026-04-09,Silver
C03946,Ricardo,Hardy,jonesbenjamin@example.net,Toronto,Ontario,2022-08-13,Silver
C03947,Maria,Woodward,rachelcox@example.com,Vancouver,British Columbia,2023-09-15,Bronze
C03948,Nicholas,Obrien,melaniefrederick@example.net,Brampton,Ontario,2021-08-29,Bronze
C03949,Fernando,Williams,nathaniel53@example.com,Calgary,Alberta,2024-01-25,Bronze
C03950,Jennifer,Fleming,martinezandrew@example.com,Ottawa,Ontario,2025-11-19,Bronze
C03951,Kevin,Ward,suttonlisa@example.net,Mississauga,Ontario,2022-03-09,Bronze
C03952,Andrew,Kirby,blawrence@example.org,Ottawa,Ontario,2024-07-28,Bronze
C03953,Christopher,Riggs,osbornestanley@example.net,Calgary,Alberta,2023-06-14,Silver
C03954,Monica,Carroll,michelle92@example.com,Mississauga,Ontario,2022-12-26,Bronze
C03955,Megan,Dunn,westjohn@example.net,Hamilton,Ontario,2022-05-28,Gold
C03956,Scott,Russell,jenningslinda@example.com,Edmonton,Alberta,2025-03-06,Bronze
C03957,Kylie,Howard,maria62@example.org,Edmonton,Alberta,2022-05-18,Bronze
C03958,Gary,Miles,heidi86@example.net,Edmonton,Alberta,2022-04-20,Bronze
C03959,Kenneth,Williams,isaacreeves@example.com,Toronto,Ontario,2024-10-29,Gold
C03960,Steven,Taylor,kylie64@example.net,Calgary,Alberta,2023-03-14,Silver
C03961,Shawn,Cummings,manuelbrown@example.net,Toronto,Ontario,2023-05-15,Bronze
C03962,Danielle,Ramirez,drogers@example.org,Brampton,Ontario,2026-06-09,Gold
C03963,Kimberly,Jackson,denise41@example.org,Ottawa,Ontario,2022-10-08,Bronze
C03964,Melissa,Cobb,onixon@example.com,Brampton,Ontario,2022-05-13,Silver
C03965,Amber,Hutchinson,riggsjohn@example.net,Mississauga,Ontario,2022-11-24,Bronze
C03966,Christopher,Reyes,kweiss@example.com,Toronto,Ontario,2025-06-08,Bronze
C03967,Alicia,Norris,lonniemay@example.com,Brampton,Ontario,2022-07-02,Bronze
C03968,Krystal,Anderson,millervanessa@example.org,Calgary,Alberta,2022-12-28,Bronze
C03969,Lynn,Hancock,jason58@example.net,Edmonton,Alberta,2023-02-11,Gold
C03970,Rebecca,Wilson,marthayoung@example.net,Edmonton,Alberta,2026-07-19,Bronze
C03971,Rachel,Christensen,alexandra19@example.org,Toronto,Ontario,2023-12-04,Silver
C03972,Nathan,Austin,lopezkimberly@example.org,Hamilton,Ontario,2025-11-21,Bronze
C03973,Melissa,Callahan,dustin84@example.net,Calgary,Alberta,2024-04-16,Silver
C03974,Mariah,Hendrix,markblair@example.org,Calgary,Alberta,2026-05-29,Silver
C03975,Carlos,Cooper,dunnmichael@example.net,Mississauga,Ontario,2023-11-16,Bronze
C03976,Kurt,Sanchez,dustin44@example.com,Ottawa,Ontario,2022-06-20,Silver
C03977,Martha,Harvey,brenda12@example.com,Brampton,Ontario,2025-01-09,Silver
C03978,Amber,Stewart,dariusmccoy@example.org,Edmonton,Alberta,2025-02-17,Gold
C03979,Brandi,Smith,krogers@example.com,Brampton,Ontario,2021-12-25,Bronze
C03980,David,Gibson,garciatimothy@example.org,Ottawa,Ontario,2023-03-31,Bronze
C03981,Benjamin,Townsend,ramirezcheryl@example.com,Edmonton,Alberta,2025-04-06,Silver
C03982,Debbie,Perry,bridgetzavala@example.com,Calgary,Alberta,2025-06-07,Bronze
C03983,Brittany,Dyer,anna59@example.com,Mississauga,Ontario,2022-09-03,Silver
C03984,Stephanie,Lozano,orobertson@example.net,Brampton,Ontario,2024-12-11,Silver
C03985,Carlos,Norman,julienorris@example.com,Ottawa,Ontario,2024-10-08,Silver
C03986,Gregory,Moore,shawnhorne@example.org,Brampton,Ontario,2023-04-17,Bronze
C03987,Michael,Johnson,fischertracey@example.com,Edmonton,Alberta,2022-11-20,Bronze
C03988,Crystal,Garrett,tsuarez@example.org,Edmonton,Alberta,2024-08-01,Silver
C03989,Dana,Walker,kimberly14@example.org,Ottawa,Ontario,2023-09-11,Bronze
C03990,Elizabeth,Harris,rogersraymond@example.com,Toronto,Ontario,2025-09-07,Bronze
C03991,Richard,Shields,wrightdaniel@example.net,Calgary,Alberta,2022-05-03,Bronze
C03992,Yvette,Rodriguez,benjamin22@example.net,Hamilton,Ontario,2021-10-17,Silver
C03993,Dan,Crawford,andrea35@example.net,Calgary,Alberta,2024-03-14,Bronze
C03994,Rita,Smith,wvega@example.net,Brampton,Ontario,2024-03-01,Bronze
C03995,Jennifer,Baker,stephanievasquez@example.org,Edmonton,Alberta,2022-07-10,Silver
C03996,Felicia,Carroll,ndominguez@example.com,Mississauga,Ontario,2022-11-01,Bronze
C03997,Kristie,Gates,franciscodecker@example.org,Calgary,Alberta,2022-12-28,Gold
C03998,Corey,Cunningham,eallen@example.com,Hamilton,Ontario,2023-10-05,Bronze
C03999,Stephanie,Coleman,djohnson@example.net,Edmonton,Alberta,2023-03-29,Bronze
C04000,Gary,Ramirez,amartinez@example.com,Ottawa,Ontario,2022-02-17,Bronze
C04001,Michael,Patterson,bradleysherry@example.com,Mississauga,Ontario,2021-08-14,Silver
C04002,Steven,Pena,donaldpeterson@example.org,Toronto,Ontario,2023-11-25,Gold
C04003,Michael,Watson,colecheryl@example.org,Brampton,Ontario,2023-10-02,Bronze
C04004,Krista,Taylor,david55@example.net,Mississauga,Ontario,2024-03-09,Bronze
C04005,Christine,Peterson,cbest@example.org,Vancouver,British Columbia,2024-10-25,Bronze
C04006,Michael,Hamilton,michael88@example.com,Calgary,Alberta,2023-10-29,Silver
C04007,Justin,Henry,daniel42@example.org,Hamilton,Ontario,2025-12-19,Bronze
C04008,Lisa,Eaton,wgay@example.org,Toronto,Ontario,2025-03-28,Bronze
C04009,Mark,Collins,owinters@example.com,Ottawa,Ontario,2023-03-07,Bronze
C04010,Mackenzie,Walsh,denise62@example.org,Edmonton,Alberta,2024-12-29,Bronze
C04011,Mary,Murillo,christopherjones@example.org,Hamilton,Ontario,2025-05-12,Bronze
C04012,Evelyn,Williams,jamessimmons@example.org,Hamilton,Ontario,2025-04-27,Bronze
C04013,Marissa,Rush,norman32@example.com,Toronto,Ontario,2024-01-18,Bronze
C04014,Michael,Morales,lauraperkins@example.org,Brampton,Ontario,2023-03-03,Silver
C04015,Keith,Santiago,njackson@example.com,Mississauga,Ontario,2024-09-04,Bronze
C04016,Danielle,Reed,gdavila@example.com,Edmonton,Alberta,2026-06-03,Bronze
C04017,Ellen,Cooper,ginawood@example.com,Calgary,Alberta,2023-01-26,Silver
C04018,James,Henderson,craig26@example.org,Vancouver,British Columbia,2022-12-17,Bronze
C04019,Anne,Adkins,robertschristine@example.org,Mississauga,Ontario,2024-03-06,Bronze
C04020,Tiffany,Franklin,cgriffin@example.net,Hamilton,Ontario,2023-08-24,Silver
C04021,Becky,Moody,richard91@example.org,Toronto,Ontario,2024-11-06,Bronze
C04022,Shelby,Anderson,tammy92@example.com,Brampton,Ontario,2023-08-31,Bronze
C04023,Sean,Sutton,cthompson@example.org,Ottawa,Ontario,2023-03-24,Silver
C04024,Sarah,Cox,cindy69@example.org,Ottawa,Ontario,2025-01-14,Bronze
C04025,Vincent,Hoffman,humphreylinda@example.org,Hamilton,Ontario,2026-03-12,Silver
C04026,Laura,Green,larrynielsen@example.com,Vancouver,British Columbia,2023-10-31,Bronze
C04027,Edward,Anthony,jennifer17@example.net,Edmonton,Alberta,2024-03-07,Bronze
C04028,Felicia,Bradford,ashleywebb@example.org,Calgary,Alberta,2025-01-14,Silver
C04029,Joy,Martinez,steven04@example.net,Hamilton,Ontario,2024-05-27,Silver
C04030,Jack,Barrera,coffeyjason@example.org,Brampton,Ontario,2024-02-01,Bronze
C04031,Billy,Farley,shahangel@example.com,Toronto,Ontario,2024-04-19,Silver
C04032,Thomas,Prince,brentmerritt@example.net,Edmonton,Alberta,2025-11-16,Bronze
C04033,Lisa,Brown,kgreene@example.org,Hamilton,Ontario,2021-08-29,Bronze
C04034,Timothy,Ramsey,monteschristina@example.org,Ottawa,Ontario,2025-03-05,Bronze
C04035,Patricia,Garcia,umiller@example.com,Brampton,Ontario,2024-11-25,Bronze
C04036,Debbie,Hill,bradleyparker@example.net,Hamilton,Ontario,2023-10-15,Bronze
C04037,Jennifer,Smith,roberthunter@example.net,Vancouver,British Columbia,2025-09-11,Bronze
C04038,Linda,Willis,carrillomaria@example.com,Toronto,Ontario,2024-04-09,Silver
C04039,Anthony,Galloway,alex10@example.net,Brampton,Ontario,2023-08-02,Gold
C04040,Edward,Martinez,carly84@example.com,Edmonton,Alberta,2025-06-07,Silver
C04041,Kristin,Watson,sharon93@example.com,Vancouver,British Columbia,2023-12-05,Bronze
C04042,David,Hale,curtisandrew@example.net,Brampton,Ontario,2025-02-23,Silver
C04043,Catherine,Rush,hernandeztrevor@example.org,Calgary,Alberta,2026-01-07,Gold
C04044,Phillip,Mendez,glennmaria@example.org,Vancouver,British Columbia,2022-05-15,Gold
C04045,Michael,Hoffman,hillalexandra@example.com,Calgary,Alberta,2025-04-14,Gold
C04046,Rebecca,Martinez,hughesmelanie@example.com,Calgary,Alberta,2023-11-01,Bronze
C04047,Richard,Andrews,chasedonald@example.org,Edmonton,Alberta,2025-06-24,Bronze
C04048,Patricia,Gutierrez,xterrell@example.com,Calgary,Alberta,2021-11-17,Bronze
C04049,Peter,Golden,brendakemp@example.org,Mississauga,Ontario,2024-08-22,Bronze
C04050,Frank,Stephens,carlsongregory@example.org,Edmonton,Alberta,2022-07-12,Gold
C04051,John,Reilly,sarahbryant@example.com,Mississauga,Ontario,2022-06-29,Silver
C04052,Kimberly,Baker,kaufmanroger@example.com,Brampton,Ontario,2024-05-24,Gold
C04053,Dawn,Bernard,ypatrick@example.net,Edmonton,Alberta,2024-12-07,Bronze
C04054,Mary,Mcgrath,lorisims@example.com,Edmonton,Alberta,2026-06-04,Silver
C04055,Angela,Vang,richardsonandrea@example.org,Vancouver,British Columbia,2023-01-31,Bronze
C04056,Leah,Barry,pgreen@example.com,Vancouver,British Columbia,2021-08-23,Bronze
C04057,Jacob,Buckley,jacobsonbarbara@example.com,Brampton,Ontario,2021-12-16,Bronze
C04058,Vincent,Hill,xclayton@example.org,Brampton,Ontario,2024-12-29,Gold
C04059,Tina,Clark,suarezdavid@example.com,Brampton,Ontario,2023-02-09,Silver
C04060,Suzanne,Anderson,edwardgray@example.org,Ottawa,Ontario,2023-07-03,Bronze
C04061,Tara,Martinez,welchgabrielle@example.org,Vancouver,British Columbia,2025-03-09,Bronze
C04062,Ryan,Scott,dianaowens@example.net,Calgary,Alberta,2025-12-09,Bronze
C04063,Andrew,King,kelly63@example.com,Ottawa,Ontario,2025-01-13,Gold
C04064,Albert,Byrd,gjohnson@example.org,Hamilton,Ontario,2022-11-06,Gold
C04065,Amanda,Marquez,kariromero@example.org,Toronto,Ontario,2022-09-19,Silver
C04066,Sherry,Reyes,jeffreyblair@example.net,Ottawa,Ontario,2022-10-15,Bronze
C04067,Matthew,Miller,mary81@example.com,Ottawa,Ontario,2022-03-29,Silver
C04068,Amanda,Rodriguez,barrmichael@example.net,Ottawa,Ontario,2022-07-14,Silver
C04069,Jeremy,Kline,brownadam@example.org,Brampton,Ontario,2021-11-11,Bronze
C04070,Justin,Monroe,rebeccarivera@example.org,Mississauga,Ontario,2025-10-24,Silver
C04071,Michelle,Dalton,ortegachristopher@example.org,Mississauga,Ontario,2022-08-09,Gold
C04072,Maurice,Holmes,adam74@example.net,Ottawa,Ontario,2022-07-20,Silver
C04073,Tracy,Briggs,waltersmelissa@example.net,Vancouver,British Columbia,2024-01-12,Silver
C04074,Julie,Brown,kirkgary@example.net,Toronto,Ontario,2026-04-12,Bronze
C04075,Chris,Hansen,owagner@example.net,Ottawa,Ontario,2025-04-02,Silver
C04076,Elizabeth,Chavez,swhite@example.org,Brampton,Ontario,2021-10-07,Bronze
C04077,Nicole,Reese,brewererika@example.org,Vancouver,British Columbia,2023-03-03,Bronze
C04078,Robert,Little,goldenronald@example.com,Brampton,Ontario,2024-01-21,Bronze
C04079,Marc,Moody,susan15@example.net,Toronto,Ontario,2021-10-21,Silver
C04080,Cory,Zuniga,mclaughlinnicole@example.com,Calgary,Alberta,2022-06-27,Bronze
C04081,Dawn,Alexander,monicameyer@example.com,Toronto,Ontario,2022-05-14,Silver
C04082,Joseph,Walker,nelsonadam@example.org,Hamilton,Ontario,2022-06-16,Bronze
C04083,Thomas,Webster,wardcynthia@example.com,Edmonton,Alberta,2024-01-17,Bronze
C04084,Kimberly,Duncan,miguelsoto@example.net,Calgary,Alberta,2022-06-15,Gold
C04085,Carl,Henson,vincentfarrell@example.org,Toronto,Ontario,2025-02-17,Silver
C04086,Katie,Erickson,tiffanyjohnston@example.com,Vancouver,British Columbia,2022-11-24,Silver
C04087,Walter,Fisher,melissa85@example.net,Toronto,Ontario,2025-05-03,Bronze
C04088,Nicole,Cooley,montgomerymario@example.org,Ottawa,Ontario,2024-08-24,Silver
C04089,Tiffany,Willis,barnettjeffrey@example.net,Mississauga,Ontario,2022-10-22,Bronze
C04090,Nicholas,Harris,wcox@example.com,Edmonton,Alberta,2022-02-06,Silver
C04091,Daniel,Barnett,williamhill@example.net,Edmonton,Alberta,2023-03-28,Bronze
C04092,Diane,Garcia,josephrodriguez@example.net,Ottawa,Ontario,2025-11-14,Bronze
C04093,Jennifer,Johnson,david40@example.com,Toronto,Ontario,2025-05-09,Bronze
C04094,Bryan,Welch,morrisamanda@example.org,Brampton,Ontario,2022-04-11,Silver
C04095,David,Mccann,matthewfox@example.net,Brampton,Ontario,2021-08-18,Bronze
C04096,Timothy,Martinez,kstephens@example.org,Calgary,Alberta,2024-02-26,Gold
C04097,Peggy,Brown,ehunt@example.com,Brampton,Ontario,2026-04-13,Bronze
C04098,Brittany,Bishop,brownmatthew@example.net,Hamilton,Ontario,2025-12-20,Bronze
C04099,Crystal,Jennings,apriljones@example.org,Ottawa,Ontario,2022-01-08,Bronze
C04100,Kayla,Mcdaniel,erica06@example.com,Toronto,Ontario,2026-05-09,Silver
C04101,Johnathan,Jones,samantha54@example.net,Ottawa,Ontario,2023-03-22,Silver
C04102,Sheila,Brown,kclark@example.org,Edmonton,Alberta,2023-04-21,Bronze
C04103,Brent,Mccoy,xhernandez@example.org,Edmonton,Alberta,2022-08-25,Bronze
C04104,Robert,Leonard,wsmith@example.com,Edmonton,Alberta,2026-05-20,Bronze
C04105,Nicholas,Lee,jonescynthia@example.org,Ottawa,Ontario,2023-09-24,Gold
C04106,Desiree,Martin,dana32@example.com,Ottawa,Ontario,2024-05-21,Gold
C04107,Adam,Frazier,cory05@example.org,Hamilton,Ontario,2021-09-18,Bronze
C04108,Debra,Lewis,chapmanrobert@example.net,Toronto,Ontario,2025-06-05,Bronze
C04109,James,Patton,nathan56@example.org,Ottawa,Ontario,2025-04-02,Bronze
C04110,Ashlee,Sullivan,murphydaniel@example.org,Toronto,Ontario,2025-08-22,Gold
C04111,Drew,Hardy,kristipalmer@example.com,Calgary,Alberta,2024-11-19,Silver
C04112,Jennifer,Stewart,rwang@example.org,Toronto,Ontario,2026-05-28,Bronze
C04113,John,Ellis,rrodriguez@example.com,Edmonton,Alberta,2022-10-24,Bronze
C04114,Laura,Hernandez,john60@example.com,Ottawa,Ontario,2022-09-08,Bronze
C04115,Dalton,Golden,ericarivera@example.org,Vancouver,British Columbia,2024-05-08,Silver
C04116,Anne,Woodward,samueljames@example.net,Vancouver,British Columbia,2023-07-29,Bronze
C04117,Michael,Garrett,uramirez@example.net,Ottawa,Ontario,2024-06-04,Gold
C04118,David,Hill,emily99@example.org,Edmonton,Alberta,2023-03-13,Gold
C04119,Ashley,Hess,hmclaughlin@example.org,Brampton,Ontario,2024-11-27,Bronze
C04120,Brendan,Williams,abradshaw@example.com,Ottawa,Ontario,2023-05-10,Bronze
C04121,Danny,Schneider,sleon@example.com,Ottawa,Ontario,2023-07-12,Bronze
C04122,Brandy,Mccormick,flee@example.org,Vancouver,British Columbia,2021-08-05,Bronze
C04123,Jason,Adams,alex27@example.net,Calgary,Alberta,2026-02-10,Gold
C04124,Peter,Cole,susan11@example.org,Edmonton,Alberta,2025-04-20,Bronze
C04125,Victor,Tucker,woodwarddebra@example.net,Ottawa,Ontario,2024-10-19,Silver
C04126,Sarah,Robbins,smithshannon@example.net,Ottawa,Ontario,2021-09-25,Bronze
C04127,Debbie,Davis,paul60@example.com,Edmonton,Alberta,2026-01-21,Bronze
C04128,Ronald,French,dominique00@example.com,Hamilton,Ontario,2023-10-12,Silver
C04129,Kimberly,Clark,richardmarsh@example.com,Hamilton,Ontario,2023-09-14,Bronze
C04130,Scott,Brooks,johnsonchristina@example.com,Hamilton,Ontario,2022-06-05,Silver
C04131,Alexandra,Wilson,harrisonjennifer@example.com,Mississauga,Ontario,2026-04-10,Bronze
C04132,Manuel,Hernandez,yhoover@example.com,Mississauga,Ontario,2023-09-17,Bronze
C04133,Nicholas,Aguilar,aaronstokes@example.org,Calgary,Alberta,2021-10-16,Bronze
C04134,Michael,Riley,simmonsscott@example.com,Ottawa,Ontario,2022-06-14,Bronze
C04135,Sharon,Garcia,agarrett@example.com,Hamilton,Ontario,2025-12-10,Bronze
C04136,Benjamin,Greene,greenlarry@example.org,Mississauga,Ontario,2026-06-01,Bronze
C04137,Kristin,Bennett,eddie68@example.com,Calgary,Alberta,2022-06-01,Bronze
C04138,Cynthia,Hudson,jeffersonsamantha@example.com,Calgary,Alberta,2023-08-24,Bronze
C04139,Laura,Simpson,william04@example.com,Mississauga,Ontario,2026-05-02,Bronze
C04140,Patricia,Jarvis,matthewcannon@example.org,Brampton,Ontario,2021-10-30,Silver
C04141,Joshua,Stevenson,ian39@example.com,Toronto,Ontario,2024-10-08,Bronze
C04142,Dawn,Miller,jonathanjimenez@example.net,Vancouver,British Columbia,2022-08-05,Silver
C04143,Gregory,Fuller,vcraig@example.net,Vancouver,British Columbia,2023-12-23,Silver
C04144,Jeffrey,Foley,rocharebecca@example.org,Mississauga,Ontario,2026-04-09,Bronze
C04145,Natalie,Pearson,zryan@example.net,Mississauga,Ontario,2022-12-11,Gold
C04146,Candice,Henry,tylerlarson@example.net,Brampton,Ontario,2024-10-02,Bronze
C04147,Thomas,Compton,justin35@example.org,Toronto,Ontario,2022-06-02,Silver
C04148,Cindy,Stout,payneaaron@example.org,Vancouver,British Columbia,2022-07-13,Silver
C04149,Marcus,Faulkner,michael77@example.com,Edmonton,Alberta,2024-10-31,Bronze
C04150,Jose,Sandoval,hsmith@example.net,Toronto,Ontario,2025-09-18,Silver
C04151,Charlotte,Chen,kgreen@example.org,Toronto,Ontario,2022-12-10,Bronze
C04152,Michael,Henson,juliapitts@example.org,Brampton,Ontario,2026-03-21,Silver
C04153,Henry,Harding,gloria11@example.org,Ottawa,Ontario,2026-02-24,Bronze
C04154,Anthony,Salas,robert23@example.org,Hamilton,Ontario,2023-05-13,Silver
C04155,Sean,Jones,ronaldlopez@example.net,Hamilton,Ontario,2025-10-16,Bronze
C04156,Joseph,Mendez,john32@example.com,Ottawa,Ontario,2023-06-17,Gold
C04157,Jacob,Phillips,churchmadison@example.org,Toronto,Ontario,2026-01-03,Bronze
C04158,Adrian,Lutz,bushjohn@example.org,Ottawa,Ontario,2024-07-26,Bronze
C04159,Amy,Jackson,brianna72@example.org,Hamilton,Ontario,2023-04-14,Bronze
C04160,Chad,Bradley,jamesglen@example.net,Vancouver,British Columbia,2022-10-31,Silver
C04161,David,White,mcurry@example.org,Vancouver,British Columbia,2022-01-01,Bronze
C04162,Ashley,Vega,greed@example.com,Vancouver,British Columbia,2025-10-05,Silver
C04163,Nicholas,Padilla,joneslaurie@example.com,Ottawa,Ontario,2024-05-24,Bronze
C04164,Mark,Cline,schwartzchristopher@example.com,Toronto,Ontario,2025-12-20,Silver
C04165,Christopher,Obrien,carlos39@example.org,Vancouver,British Columbia,2022-05-12,Bronze
C04166,Ricardo,Montgomery,jessicabishop@example.org,Ottawa,Ontario,2022-03-25,Bronze
C04167,Gabriel,Chung,cruztimothy@example.com,Ottawa,Ontario,2024-05-23,Bronze
C04168,Amber,Jacobs,qgriffin@example.org,Calgary,Alberta,2022-10-10,Bronze
C04169,Jonathan,Manning,claudiawhite@example.net,Brampton,Ontario,2021-12-25,Gold
C04170,Jessica,Garcia,briannasutton@example.net,Calgary,Alberta,2022-08-27,Bronze
C04171,Michael,Brock,anthonymiles@example.net,Hamilton,Ontario,2026-04-24,Bronze
C04172,Katelyn,George,jamesnorris@example.org,Vancouver,British Columbia,2022-03-26,Bronze
C04173,John,Harper,ycastro@example.net,Calgary,Alberta,2026-06-03,Silver
C04174,Rebecca,Brown,moorebrent@example.org,Vancouver,British Columbia,2026-06-07,Silver
C04175,Adam,Johnson,andersonashley@example.org,Ottawa,Ontario,2024-04-26,Bronze
C04176,Sharon,Smith,samuelwilliams@example.com,Vancouver,British Columbia,2025-08-05,Bronze
C04177,Desiree,Lopez,joshua00@example.com,Brampton,Ontario,2024-06-19,Silver
C04178,Ashley,Willis,alicia85@example.org,Vancouver,British Columbia,2026-01-23,Bronze
C04179,Sarah,Kim,usimmons@example.org,Calgary,Alberta,2023-11-19,Bronze
C04180,Connie,Padilla,beverlyallison@example.org,Mississauga,Ontario,2026-02-27,Bronze
C04181,Renee,Knapp,goodmanalicia@example.com,Mississauga,Ontario,2025-02-14,Bronze
C04182,Matthew,Boone,dhernandez@example.com,Edmonton,Alberta,2022-09-02,Silver
C04183,Madison,Stokes,kellyrobinson@example.org,Ottawa,Ontario,2024-08-25,Silver
C04184,Bruce,Taylor,gthompson@example.com,Brampton,Ontario,2023-11-11,Bronze
C04185,Margaret,Leach,hallmary@example.com,Ottawa,Ontario,2025-03-29,Silver
C04186,Robert,Jones,michealmerritt@example.org,Brampton,Ontario,2026-01-14,Silver
C04187,David,Lucas,aprilkelly@example.com,Hamilton,Ontario,2022-03-17,Silver
C04188,Tracy,Dodson,mmatthews@example.org,Hamilton,Ontario,2021-08-30,Bronze
C04189,Taylor,Allison,april29@example.com,Hamilton,Ontario,2023-06-07,Gold
C04190,Joseph,Carroll,harveymatthew@example.net,Mississauga,Ontario,2025-12-30,Bronze
C04191,Dawn,Ramos,keith32@example.com,Calgary,Alberta,2025-11-23,Silver
C04192,Patricia,Hamilton,erika56@example.net,Calgary,Alberta,2022-05-22,Gold
C04193,Jesse,Reeves,volson@example.net,Ottawa,Ontario,2023-06-27,Bronze
C04194,Todd,Lewis,hmiller@example.net,Mississauga,Ontario,2023-06-03,Silver
C04195,Amber,Vasquez,sanchezerica@example.com,Toronto,Ontario,2021-08-02,Bronze
C04196,Sarah,Hanson,kristen50@example.org,Vancouver,British Columbia,2022-03-08,Silver
C04197,Donald,Holland,ywiley@example.net,Hamilton,Ontario,2022-10-21,Bronze
C04198,Walter,Ware,jacqueline69@example.org,Mississauga,Ontario,2023-06-01,Silver
C04199,Sheila,Williams,nicholashughes@example.net,Vancouver,British Columbia,2022-06-23,Bronze
C04200,Eric,Woods,kennethstevenson@example.com,Edmonton,Alberta,2024-06-19,Silver
C04201,Sara,Rice,emoore@example.com,Brampton,Ontario,2024-06-15,Gold
C04202,David,Moss,velazquezdavid@example.org,Toronto,Ontario,2024-10-30,Bronze
C04203,William,Barton,imartinez@example.com,Edmonton,Alberta,2025-06-18,Bronze
C04204,Gloria,Pacheco,nicholas74@example.net,Ottawa,Ontario,2021-09-14,Bronze
C04205,Scott,Jones,juan08@example.net,Calgary,Alberta,2024-10-24,Silver
C04206,Caitlin,Huffman,kimberly51@example.net,Toronto,Ontario,2025-04-18,Silver
C04207,Monica,Bailey,pgarcia@example.net,Calgary,Alberta,2023-04-04,Bronze
C04208,Lance,Lopez,roberttaylor@example.com,Calgary,Alberta,2025-05-19,Silver
C04209,Amy,Smith,matthewslaurie@example.org,Vancouver,British Columbia,2023-11-24,Bronze
C04210,Spencer,Garcia,ybutler@example.org,Ottawa,Ontario,2023-01-15,Silver
C04211,Michelle,Pena,ypena@example.org,Calgary,Alberta,2025-04-12,Silver
C04212,Kayla,Miller,sandra13@example.org,Ottawa,Ontario,2022-04-20,Silver
C04213,Michael,Jordan,kayla97@example.net,Mississauga,Ontario,2024-06-23,Bronze
C04214,Kathy,Robinson,thomastonya@example.net,Hamilton,Ontario,2022-05-07,Bronze
C04215,Michael,King,rebecca72@example.com,Brampton,Ontario,2021-11-25,Silver
C04216,Barbara,Martin,destinycortez@example.net,Vancouver,British Columbia,2023-06-27,Bronze
C04217,Diane,Mckee,solomondaniel@example.com,Vancouver,British Columbia,2025-12-02,Silver
C04218,David,Knight,kevinfernandez@example.com,Vancouver,British Columbia,2022-06-01,Silver
C04219,Connie,Parker,ehammond@example.net,Edmonton,Alberta,2026-02-26,Gold
C04220,Ashley,Wolfe,richardsautumn@example.com,Calgary,Alberta,2021-12-04,Gold
C04221,Rachel,Martin,linda53@example.org,Calgary,Alberta,2023-05-25,Bronze
C04222,Kevin,Fernandez,amanda43@example.org,Edmonton,Alberta,2022-02-12,Bronze
C04223,Abigail,Richardson,alvin44@example.org,Hamilton,Ontario,2025-06-09,Bronze
C04224,Lisa,Jimenez,stevenmyers@example.org,Mississauga,Ontario,2022-02-21,Gold
C04225,Nathan,Johnson,avilaheather@example.net,Vancouver,British Columbia,2022-04-19,Silver
C04226,Veronica,Allison,kathleenmiller@example.org,Brampton,Ontario,2021-08-16,Bronze
C04227,Brandon,Shelton,danielgeorge@example.com,Hamilton,Ontario,2023-04-29,Bronze
C04228,John,Brown,morganstephens@example.net,Toronto,Ontario,2022-12-20,Gold
C04229,Kevin,Wilson,washingtonthomas@example.org,Toronto,Ontario,2024-08-15,Bronze
C04230,Corey,Nelson,danielharrison@example.org,Vancouver,British Columbia,2023-07-24,Bronze
C04231,Michelle,Riley,wbarrett@example.com,Mississauga,Ontario,2022-06-04,Bronze
C04232,Michael,Hawkins,jharris@example.org,Vancouver,British Columbia,2021-10-05,Bronze
C04233,Barbara,Sanchez,rvega@example.net,Mississauga,Ontario,2026-04-17,Bronze
C04234,Ashley,Mitchell,mark71@example.net,Edmonton,Alberta,2021-11-09,Bronze
C04235,David,Olson,steventaylor@example.com,Hamilton,Ontario,2024-10-06,Bronze
C04236,Ashley,Jones,melinda00@example.org,Hamilton,Ontario,2024-03-25,Bronze
C04237,Sean,Bryant,rollinsalbert@example.com,Calgary,Alberta,2023-11-04,Silver
C04238,James,Beck,smurphy@example.org,Hamilton,Ontario,2024-10-11,Silver
C04239,Tammy,Sanchez,lerichard@example.org,Mississauga,Ontario,2021-09-14,Bronze
C04240,Elizabeth,Martin,nicole97@example.net,Hamilton,Ontario,2022-10-20,Bronze
C04241,Deborah,Lewis,amorales@example.org,Ottawa,Ontario,2022-01-02,Silver
C04242,Jack,Nixon,brandon36@example.org,Brampton,Ontario,2024-03-06,Bronze
C04243,Charles,Moon,nicolas41@example.org,Brampton,Ontario,2024-02-01,Silver
C04244,Erica,Bowman,jean94@example.com,Calgary,Alberta,2025-01-11,Bronze
C04245,Amanda,Hansen,kjames@example.com,Edmonton,Alberta,2024-04-26,Bronze
C04246,Christopher,Castro,colleen48@example.org,Calgary,Alberta,2025-02-02,Silver
C04247,Madison,Ibarra,aaron76@example.net,Vancouver,British Columbia,2022-11-12,Bronze
C04248,Chase,Reid,swalters@example.com,Vancouver,British Columbia,2025-05-31,Bronze
C04249,William,Williams,kristina95@example.net,Mississauga,Ontario,2024-07-07,Bronze
C04250,Michael,Castro,brianmason@example.com,Toronto,Ontario,2024-05-01,Bronze
C04251,James,Henson,ogross@example.org,Ottawa,Ontario,2022-12-22,Bronze
C04252,Alice,Sherman,griffinlori@example.net,Calgary,Alberta,2025-04-18,Silver
C04253,Nicole,Bryant,paula27@example.net,Edmonton,Alberta,2023-06-24,Gold
C04254,Thomas,Singh,aaron22@example.net,Edmonton,Alberta,2024-03-23,Bronze
C04255,Kayla,Lawson,cynthiachapman@example.com,Vancouver,British Columbia,2024-04-16,Silver
C04256,Luke,Pace,mallen@example.org,Calgary,Alberta,2022-04-30,Bronze
C04257,Christina,Fisher,cassandrabyrd@example.net,Toronto,Ontario,2022-12-11,Bronze
C04258,George,Romero,sarah41@example.org,Hamilton,Ontario,2025-01-22,Bronze
C04259,Paul,Perry,collinschristina@example.net,Calgary,Alberta,2022-06-05,Gold
C04260,Michael,Clayton,bryanjulie@example.com,Mississauga,Ontario,2024-12-22,Bronze
C04261,Corey,Lopez,pbradley@example.com,Ottawa,Ontario,2022-10-11,Bronze
C04262,Cynthia,Hernandez,gwelch@example.com,Toronto,Ontario,2021-08-25,Bronze
C04263,Edward,Young,elizabethjenkins@example.org,Vancouver,British Columbia,2022-06-25,Bronze
C04264,Kelly,Charles,kimberly62@example.org,Calgary,Alberta,2023-06-30,Bronze
C04265,Jennifer,Joseph,tina37@example.com,Mississauga,Ontario,2025-06-12,Silver
C04266,Ronnie,Elliott,lesterjennifer@example.com,Calgary,Alberta,2021-10-12,Gold
C04267,Kelly,Garcia,sanchezmiranda@example.org,Brampton,Ontario,2021-11-13,Bronze
C04268,William,Barron,sherryreynolds@example.org,Calgary,Alberta,2024-02-13,Silver
C04269,Louis,Miller,kwise@example.com,Edmonton,Alberta,2022-01-11,Bronze
C04270,Thomas,Bowman,christopher70@example.net,Mississauga,Ontario,2024-06-21,Bronze
C04271,Brittany,Spencer,browndouglas@example.org,Toronto,Ontario,2021-08-22,Silver
C04272,Linda,Murray,briansuarez@example.com,Hamilton,Ontario,2025-09-13,Bronze
C04273,Lauren,Kemp,zhernandez@example.org,Vancouver,British Columbia,2025-08-07,Bronze
C04274,Peter,Ramirez,amyedwards@example.net,Mississauga,Ontario,2023-08-15,Silver
C04275,Samantha,Wood,brianhenderson@example.com,Mississauga,Ontario,2025-07-12,Bronze
C04276,Joshua,Wright,denise58@example.net,Toronto,Ontario,2026-03-29,Bronze
C04277,Jennifer,Bean,emorris@example.org,Edmonton,Alberta,2023-06-10,Silver
C04278,Crystal,Wood,erika76@example.com,Ottawa,Ontario,2022-08-28,Silver
C04279,Jake,Aguirre,kevinjames@example.org,Toronto,Ontario,2022-09-24,Bronze
C04280,Michelle,Kramer,mosspatricia@example.org,Edmonton,Alberta,2025-07-28,Bronze
C04281,Matthew,Ward,louiswilliams@example.org,Calgary,Alberta,2023-05-19,Gold
C04282,Sabrina,Nichols,shieldsmichelle@example.com,Ottawa,Ontario,2025-06-11,Bronze
C04283,Aaron,Dawson,pjacobs@example.net,Mississauga,Ontario,2023-05-20,Bronze
C04284,Jeffrey,Bell,ashleyedwards@example.org,Toronto,Ontario,2022-11-19,Bronze
C04285,Tony,Holland,andrea78@example.org,Brampton,Ontario,2026-02-16,Bronze
C04286,David,Welch,alvinholland@example.org,Mississauga,Ontario,2024-10-28,Bronze
C04287,Paul,Peterson,jorge94@example.org,Brampton,Ontario,2026-04-04,Bronze
C04288,Kevin,Rodriguez,allison48@example.net,Ottawa,Ontario,2023-11-23,Gold
C04289,Janet,Glass,mariahill@example.org,Calgary,Alberta,2026-06-02,Bronze
C04290,Cody,Martinez,guzmananna@example.org,Vancouver,British Columbia,2023-05-05,Bronze
C04291,Becky,Robinson,vmckinney@example.com,Vancouver,British Columbia,2025-10-28,Bronze
C04292,Jacob,Bush,whitesandra@example.org,Edmonton,Alberta,2025-11-29,Bronze
C04293,Cynthia,Eaton,oparker@example.com,Brampton,Ontario,2022-10-15,Silver
C04294,Melissa,Sanchez,glester@example.org,Brampton,Ontario,2024-12-19,Bronze
C04295,Sharon,Hudson,taylorashley@example.org,Vancouver,British Columbia,2024-04-03,Bronze
C04296,Bill,Davis,chunter@example.org,Calgary,Alberta,2022-12-17,Silver
C04297,Debra,Miller,kellyharvey@example.org,Toronto,Ontario,2025-06-05,Bronze
C04298,Jonathan,Morrison,cmartin@example.org,Vancouver,British Columbia,2022-06-08,Silver
C04299,Alexis,Wilkins,hawkinsdavid@example.org,Mississauga,Ontario,2025-07-15,Bronze
C04300,Zachary,Briggs,kristenlewis@example.com,Vancouver,British Columbia,2022-03-02,Bronze
C04301,Alexander,Flores,iknight@example.net,Mississauga,Ontario,2023-01-02,Bronze
C04302,Alexis,Marquez,cathyherrera@example.net,Brampton,Ontario,2025-06-22,Silver
C04303,Meagan,Holland,robertmartin@example.net,Edmonton,Alberta,2025-07-12,Silver
C04304,Patricia,Peterson,orogers@example.org,Mississauga,Ontario,2025-07-13,Bronze
C04305,Gary,Garcia,petersonlevi@example.com,Hamilton,Ontario,2025-10-25,Bronze
C04306,George,Jacobs,meagan57@example.org,Toronto,Ontario,2026-04-03,Bronze
C04307,Brandon,Durham,tamararoberts@example.com,Brampton,Ontario,2024-08-20,Bronze
C04308,Erik,Green,malonesarah@example.org,Edmonton,Alberta,2022-09-17,Silver
C04309,William,Gonzalez,conradbrian@example.org,Toronto,Ontario,2025-06-17,Bronze
C04310,Matthew,Henson,aliciadavis@example.com,Hamilton,Ontario,2026-02-18,Bronze
C04311,Robert,Cox,juanjones@example.com,Calgary,Alberta,2026-07-05,Bronze
C04312,Jared,Sutton,christopher43@example.org,Vancouver,British Columbia,2025-08-02,Bronze
C04313,Haley,Smith,ygilmore@example.net,Hamilton,Ontario,2026-05-31,Bronze
C04314,Stephanie,Lambert,hollowaysamuel@example.org,Toronto,Ontario,2024-06-24,Bronze
C04315,Jacqueline,Hamilton,kevincannon@example.org,Vancouver,British Columbia,2023-12-13,Gold
C04316,Danielle,Williams,ogriffin@example.org,Edmonton,Alberta,2023-02-23,Silver
C04317,Jennifer,Turner,smithbethany@example.org,Brampton,Ontario,2025-01-04,Silver
C04318,Sylvia,Gross,leemicheal@example.org,Ottawa,Ontario,2023-10-09,Bronze
C04319,Sandra,Martinez,brownsandra@example.org,Ottawa,Ontario,2022-12-19,Bronze
C04320,Ashley,Roberts,russellleonard@example.net,Vancouver,British Columbia,2025-02-03,Bronze
C04321,Jeremy,Jones,hbryant@example.com,Hamilton,Ontario,2024-08-30,Bronze
C04322,Donald,Wright,masonnatasha@example.net,Hamilton,Ontario,2026-01-17,Bronze
C04323,Diane,Gonzales,kristy75@example.com,Hamilton,Ontario,2022-05-14,Silver
C04324,Steven,Davis,hammondpatrick@example.org,Vancouver,British Columbia,2025-02-27,Gold
C04325,John,Jones,erikthompson@example.net,Vancouver,British Columbia,2023-07-17,Bronze
C04326,Dennis,Davis,benjamin32@example.net,Mississauga,Ontario,2022-04-23,Gold
C04327,Trevor,Adams,john26@example.net,Hamilton,Ontario,2024-12-27,Bronze
C04328,Bryce,Walsh,teresathompson@example.com,Toronto,Ontario,2026-05-24,Bronze
C04329,Willie,Stevens,john85@example.net,Edmonton,Alberta,2023-07-11,Bronze
C04330,Lynn,Lindsey,priceadrienne@example.org,Toronto,Ontario,2023-07-29,Gold
C04331,James,Hamilton,michaelmarshall@example.net,Ottawa,Ontario,2024-05-19,Gold
C04332,Karen,Woodward,ugomez@example.net,Ottawa,Ontario,2023-09-21,Bronze
C04333,Shane,Mckenzie,phillip33@example.net,Toronto,Ontario,2025-05-23,Gold
C04334,Amanda,Clements,josephdickson@example.com,Hamilton,Ontario,2021-11-25,Silver
C04335,Amber,Martin,amandacarney@example.com,Calgary,Alberta,2023-08-17,Bronze
C04336,Robin,Morris,vasquezemma@example.com,Edmonton,Alberta,2026-02-21,Gold
C04337,Megan,Macias,carolyn00@example.org,Hamilton,Ontario,2023-11-02,Bronze
C04338,Shannon,Weber,jacksoncheryl@example.net,Vancouver,British Columbia,2021-09-03,Bronze
C04339,Sheila,Johnson,luke61@example.com,Mississauga,Ontario,2024-12-30,Bronze
C04340,Mason,Wiley,nelsondonna@example.net,Toronto,Ontario,2023-04-20,Bronze
C04341,Jennifer,Chase,matthew09@example.org,Vancouver,British Columbia,2025-01-29,Bronze
C04342,Nathaniel,White,jennifersmith@example.com,Ottawa,Ontario,2024-12-17,Bronze
C04343,Christina,Daniels,tonyastrickland@example.org,Ottawa,Ontario,2021-08-01,Silver
C04344,Marissa,Hancock,epowers@example.org,Mississauga,Ontario,2022-07-26,Silver
C04345,Lisa,Green,carrieacosta@example.net,Edmonton,Alberta,2025-01-22,Silver
C04346,Michaela,Torres,lauren71@example.net,Brampton,Ontario,2026-05-09,Bronze
C04347,Maria,Cross,krista82@example.net,Hamilton,Ontario,2025-05-27,Silver
C04348,April,Robbins,ronalddominguez@example.org,Vancouver,British Columbia,2022-04-03,Gold
C04349,Lisa,Cook,anthony45@example.org,Toronto,Ontario,2024-07-31,Bronze
C04350,Michael,Hoffman,adamwagner@example.org,Vancouver,British Columbia,2023-05-29,Bronze
C04351,Raymond,Green,garciajoshua@example.net,Edmonton,Alberta,2024-02-19,Bronze
C04352,Phyllis,Orozco,jason46@example.net,Brampton,Ontario,2025-10-24,Gold
C04353,Mitchell,Rodgers,james44@example.com,Ottawa,Ontario,2022-10-22,Gold
C04354,Diana,Hall,susan86@example.org,Vancouver,British Columbia,2024-01-12,Bronze
C04355,Christopher,Charles,williamsmatthew@example.net,Brampton,Ontario,2026-05-16,Silver
C04356,Tracy,Lopez,veronica70@example.net,Ottawa,Ontario,2025-12-19,Bronze
C04357,Michael,George,mdiaz@example.net,Ottawa,Ontario,2023-05-25,Bronze
C04358,Whitney,Miller,edwardskatie@example.com,Brampton,Ontario,2026-04-11,Bronze
C04359,Danielle,Olson,rmoody@example.org,Brampton,Ontario,2025-08-31,Bronze
C04360,Lori,Green,owilkins@example.com,Toronto,Ontario,2022-09-23,Bronze
C04361,Emily,Davis,cassandrahester@example.com,Toronto,Ontario,2025-11-14,Bronze
C04362,Robert,Potter,anthony00@example.org,Vancouver,British Columbia,2022-11-20,Silver
C04363,Ryan,Middleton,shane34@example.net,Mississauga,Ontario,2023-07-20,Silver
C04364,Susan,White,agomez@example.org,Hamilton,Ontario,2025-09-29,Silver
C04365,Kenneth,Reeves,coxsusan@example.org,Ottawa,Ontario,2023-01-22,Gold
C04366,David,Perry,seth67@example.com,Hamilton,Ontario,2025-05-28,Bronze
C04367,Heather,Jones,imoore@example.org,Brampton,Ontario,2026-03-07,Silver
C04368,Nathan,Graham,catherine54@example.net,Ottawa,Ontario,2025-08-16,Bronze
C04369,Gerald,Schroeder,jenniferkoch@example.net,Ottawa,Ontario,2026-02-26,Bronze
C04370,Sarah,Pierce,smithheather@example.net,Ottawa,Ontario,2022-09-19,Gold
C04371,Dawn,Clements,zgarcia@example.org,Hamilton,Ontario,2022-12-08,Bronze
C04372,Jody,Duncan,clarkrandy@example.net,Hamilton,Ontario,2026-03-30,Silver
C04373,Marc,Collins,powellkatherine@example.net,Calgary,Alberta,2023-06-23,Bronze
C04374,Sarah,Blankenship,jeffreyhoward@example.org,Edmonton,Alberta,2022-04-05,Silver
C04375,Sean,Dillon,elizabethnorman@example.com,Hamilton,Ontario,2025-02-18,Bronze
C04376,Deanna,Russell,thorntonapril@example.com,Toronto,Ontario,2022-04-15,Gold
C04377,Jessica,Garcia,phillipsmaurice@example.com,Calgary,Alberta,2026-05-11,Silver
C04378,Nancy,Tucker,gshaffer@example.org,Hamilton,Ontario,2024-06-24,Bronze
C04379,Steven,Martinez,plutz@example.org,Mississauga,Ontario,2022-09-10,Gold
C04380,Michael,Armstrong,jeremy97@example.com,Hamilton,Ontario,2021-09-24,Bronze
C04381,Larry,Welch,virginiamoyer@example.org,Brampton,Ontario,2023-04-20,Bronze
C04382,Christina,Newton,scott42@example.net,Ottawa,Ontario,2023-05-27,Bronze
C04383,Michael,Villarreal,bmorgan@example.net,Toronto,Ontario,2022-07-26,Bronze
C04384,Christopher,Underwood,kevinjordan@example.org,Toronto,Ontario,2022-02-13,Bronze
C04385,Travis,Cochran,tammyavila@example.org,Hamilton,Ontario,2023-07-10,Gold
C04386,Brandy,Solis,bortiz@example.com,Mississauga,Ontario,2022-09-27,Bronze
C04387,Claudia,Cook,allison86@example.com,Toronto,Ontario,2025-12-14,Gold
C04388,Cynthia,Cortez,xoliver@example.org,Brampton,Ontario,2022-11-17,Silver
C04389,Deanna,Mooney,bdavis@example.net,Calgary,Alberta,2022-10-11,Gold
C04390,Amanda,Dawson,reneemolina@example.net,Hamilton,Ontario,2021-08-06,Bronze
C04391,Adam,Pruitt,zbryant@example.org,Ottawa,Ontario,2024-12-03,Bronze
C04392,David,Bruce,nhoffman@example.net,Vancouver,British Columbia,2024-09-08,Bronze
C04393,Katherine,Miller,usimmons@example.org,Mississauga,Ontario,2023-06-20,Bronze
C04394,Brandon,Smith,robertrusso@example.net,Vancouver,British Columbia,2026-01-05,Bronze
C04395,Rebecca,Parks,kyle49@example.net,Hamilton,Ontario,2024-04-25,Gold
C04396,Robert,Barnett,jamieallen@example.net,Hamilton,Ontario,2024-01-04,Bronze
C04397,Heather,Conway,masonlee@example.org,Toronto,Ontario,2021-12-06,Silver
C04398,Robert,Craig,zhayes@example.net,Vancouver,British Columbia,2023-08-08,Bronze
C04399,Travis,Riley,cheryl19@example.org,Ottawa,Ontario,2022-06-13,Bronze
C04400,Jason,Rodriguez,dhays@example.org,Mississauga,Ontario,2025-03-26,Silver
C04401,Tammy,Ball,boltondana@example.com,Edmonton,Alberta,2022-07-27,Silver
C04402,Mariah,Bates,tannerlopez@example.com,Toronto,Ontario,2021-11-18,Bronze
C04403,Joyce,Morrison,michellemcmillan@example.com,Toronto,Ontario,2025-01-02,Bronze
C04404,Daniel,White,cynthia83@example.net,Brampton,Ontario,2025-11-28,Bronze
C04405,Julie,Grant,douglas89@example.net,Brampton,Ontario,2025-11-21,Silver
C04406,Michael,Perez,kevinthompson@example.net,Toronto,Ontario,2021-10-25,Silver
C04407,Raymond,Gill,redwards@example.org,Edmonton,Alberta,2022-01-12,Silver
C04408,Jeffrey,Ross,pwebb@example.com,Calgary,Alberta,2022-06-30,Silver
C04409,Elizabeth,Johnson,umann@example.com,Calgary,Alberta,2022-10-02,Bronze
C04410,Amber,Garcia,phillipanderson@example.net,Hamilton,Ontario,2024-06-18,Bronze
C04411,Sherry,Knox,jdavidson@example.net,Ottawa,Ontario,2023-07-30,Gold
C04412,Thomas,Sullivan,tyler93@example.net,Mississauga,Ontario,2025-12-09,Bronze
C04413,Connie,Bell,flemingtracey@example.net,Ottawa,Ontario,2023-05-15,Silver
C04414,John,Tucker,hernandezsavannah@example.net,Ottawa,Ontario,2025-08-23,Bronze
C04415,Candice,Young,ramirezryan@example.net,Calgary,Alberta,2024-09-26,Gold
C04416,Paula,Nguyen,robynlozano@example.org,Vancouver,British Columbia,2026-02-21,Bronze
C04417,Jessica,Gonzalez,lisa21@example.org,Calgary,Alberta,2024-06-25,Silver
C04418,Alicia,Eaton,madisonwebster@example.net,Vancouver,British Columbia,2026-01-25,Bronze
C04419,Sabrina,Rodriguez,willieriggs@example.org,Calgary,Alberta,2024-01-02,Silver
C04420,Barbara,Rubio,brittany08@example.com,Edmonton,Alberta,2022-01-30,Bronze
C04421,Robert,Jimenez,frances58@example.com,Toronto,Ontario,2023-03-02,Gold
C04422,Donald,Smith,wyattgina@example.net,Toronto,Ontario,2023-02-10,Bronze
C04423,James,Kennedy,kelly87@example.net,Toronto,Ontario,2023-11-05,Bronze
C04424,Christine,Palmer,spearsmadison@example.net,Ottawa,Ontario,2025-04-27,Bronze
C04425,Richard,Hernandez,kenneth87@example.net,Brampton,Ontario,2024-01-13,Bronze
C04426,Shannon,Miller,banksvictor@example.org,Ottawa,Ontario,2026-07-17,Bronze
C04427,Michelle,Wyatt,gdorsey@example.net,Hamilton,Ontario,2022-11-25,Silver
C04428,Elijah,Cooper,franciscowise@example.net,Ottawa,Ontario,2024-10-04,Gold
C04429,Judith,Dawson,zthompson@example.com,Brampton,Ontario,2026-06-23,Silver
C04430,Robert,Murray,murphysherry@example.org,Brampton,Ontario,2025-05-08,Bronze
C04431,Isaac,Wagner,vkennedy@example.com,Ottawa,Ontario,2026-05-03,Bronze
C04432,Lindsey,Smith,jasonwheeler@example.net,Vancouver,British Columbia,2025-05-31,Silver
C04433,Jessica,Wells,uhopkins@example.net,Calgary,Alberta,2025-07-02,Bronze
C04434,Denise,Cardenas,gblair@example.org,Toronto,Ontario,2023-11-14,Silver
C04435,Anna,Vega,james04@example.com,Toronto,Ontario,2022-06-21,Silver
C04436,Jason,Robinson,robert71@example.org,Toronto,Ontario,2021-08-17,Silver
C04437,Teresa,Jenkins,michael16@example.org,Brampton,Ontario,2025-01-22,Silver
C04438,Angela,Thomas,rayamanda@example.net,Edmonton,Alberta,2024-08-19,Gold
C04439,Justin,Diaz,andrewstout@example.org,Calgary,Alberta,2024-12-26,Bronze
C04440,Richard,Oconnor,woodbryan@example.com,Hamilton,Ontario,2021-08-21,Bronze
C04441,Bryan,Kerr,owilliams@example.org,Vancouver,British Columbia,2022-06-30,Bronze
C04442,Toni,Stevens,huangdaniel@example.com,Brampton,Ontario,2021-09-15,Gold
C04443,Cindy,Valdez,rross@example.com,Hamilton,Ontario,2026-02-23,Bronze
C04444,Anna,Smith,holdenhannah@example.org,Hamilton,Ontario,2026-01-10,Silver
C04445,Thomas,Gomez,matthewrobertson@example.org,Calgary,Alberta,2021-12-24,Bronze
C04446,Lisa,Hayes,jacobanderson@example.net,Hamilton,Ontario,2023-03-18,Bronze
C04447,Jacqueline,Torres,ayersnicholas@example.com,Vancouver,British Columbia,2024-07-24,Bronze
C04448,Cody,Clark,melissaforbes@example.com,Mississauga,Ontario,2024-09-12,Bronze
C04449,Rebecca,Campbell,barbara24@example.com,Edmonton,Alberta,2022-04-17,Bronze
C04450,Clarence,Adams,davidsonmichael@example.org,Calgary,Alberta,2022-09-10,Silver
C04451,Felicia,Hughes,leoneduardo@example.org,Mississauga,Ontario,2024-05-08,Bronze
C04452,Bruce,Marshall,veronica50@example.org,Mississauga,Ontario,2021-09-23,Silver
C04453,Adrienne,Brown,amandabarton@example.net,Calgary,Alberta,2022-01-02,Gold
C04454,Melody,Rodriguez,alopez@example.org,Calgary,Alberta,2023-04-02,Silver
C04455,Alexa,Hall,gmiranda@example.net,Calgary,Alberta,2021-11-26,Silver
C04456,Heather,Pugh,tricia83@example.com,Ottawa,Ontario,2025-07-18,Bronze
C04457,Scott,Clark,zsmith@example.org,Hamilton,Ontario,2024-11-05,Gold
C04458,Cody,Lewis,laurieschroeder@example.com,Toronto,Ontario,2024-04-15,Bronze
C04459,Barry,Lee,angelaallen@example.org,Ottawa,Ontario,2025-06-02,Silver
C04460,Stephanie,Carson,marystevens@example.net,Mississauga,Ontario,2023-02-09,Bronze
C04461,Kyle,Wood,michellepace@example.org,Toronto,Ontario,2023-07-01,Silver
C04462,Chase,Brown,nwalker@example.org,Edmonton,Alberta,2023-11-26,Bronze
C04463,Sean,Mckee,zhanna@example.net,Calgary,Alberta,2025-11-24,Bronze
C04464,Heather,Lewis,xwalters@example.org,Calgary,Alberta,2024-03-21,Bronze
C04465,Heather,Petersen,marycastro@example.org,Vancouver,British Columbia,2025-01-24,Silver
C04466,Joanna,Matthews,lindamay@example.org,Ottawa,Ontario,2024-07-09,Silver
C04467,Hayden,Melton,chelseastone@example.org,Vancouver,British Columbia,2024-01-05,Bronze
C04468,Lawrence,Stanley,katiemoran@example.com,Mississauga,Ontario,2026-02-18,Silver
C04469,Brenda,Mcintosh,igonzalez@example.com,Toronto,Ontario,2023-07-14,Bronze
C04470,Clarence,Martinez,kevin94@example.com,Toronto,Ontario,2023-01-21,Gold
C04471,Lisa,Fields,lisajackson@example.org,Calgary,Alberta,2023-03-22,Bronze
C04472,Melanie,Middleton,ljames@example.org,Ottawa,Ontario,2024-04-04,Bronze
C04473,Felicia,Francis,pagejesse@example.org,Mississauga,Ontario,2023-02-26,Bronze
C04474,Thomas,Reyes,kimberly01@example.com,Brampton,Ontario,2026-05-19,Bronze
C04475,David,Davis,floresdebbie@example.com,Ottawa,Ontario,2025-10-29,Silver
C04476,Richard,Fisher,mercedes24@example.net,Ottawa,Ontario,2021-12-19,Silver
C04477,Kelly,Yang,dpatel@example.org,Calgary,Alberta,2022-04-19,Bronze
C04478,Ashley,Tran,ysmith@example.com,Edmonton,Alberta,2024-11-02,Silver
C04479,Samantha,Franklin,rgonzalez@example.org,Toronto,Ontario,2023-08-06,Bronze
C04480,Nathan,Randolph,ihiggins@example.com,Calgary,Alberta,2026-07-26,Bronze
C04481,David,Klein,edward09@example.net,Edmonton,Alberta,2024-11-27,Silver
C04482,Holly,Thomas,kevinking@example.org,Toronto,Ontario,2026-04-15,Bronze
C04483,Rebecca,Baker,aaron27@example.org,Vancouver,British Columbia,2025-09-09,Silver
C04484,John,Miller,kelleralicia@example.com,Toronto,Ontario,2022-08-22,Silver
C04485,Samuel,Gillespie,bradley41@example.com,Mississauga,Ontario,2026-01-11,Silver
C04486,Kevin,Jones,caitlin06@example.org,Vancouver,British Columbia,2021-08-22,Bronze
C04487,Brandon,Rodriguez,joseph27@example.net,Edmonton,Alberta,2021-08-15,Bronze
C04488,Samantha,Walker,daniel85@example.com,Ottawa,Ontario,2022-04-17,Silver
C04489,Jimmy,Greene,longryan@example.org,Toronto,Ontario,2023-07-22,Bronze
C04490,Eddie,Kirk,alexander99@example.org,Toronto,Ontario,2023-06-24,Bronze
C04491,Brandon,Arroyo,upalmer@example.org,Mississauga,Ontario,2025-07-10,Silver
C04492,Derrick,Hampton,carlos21@example.net,Hamilton,Ontario,2023-09-19,Bronze
C04493,Katherine,Weaver,harrisonjudy@example.net,Edmonton,Alberta,2022-08-27,Bronze
C04494,Colleen,Wilkins,cjones@example.org,Hamilton,Ontario,2024-08-29,Bronze
C04495,Sarah,Nelson,juliethomas@example.com,Calgary,Alberta,2023-12-16,Bronze
C04496,Daniel,Ramirez,robert62@example.com,Toronto,Ontario,2026-04-05,Bronze
C04497,Tiffany,Martinez,caldwellkelly@example.org,Edmonton,Alberta,2022-04-07,Gold
C04498,James,Scott,howardmatthew@example.net,Mississauga,Ontario,2022-02-16,Silver
C04499,Lauren,Everett,shaffermonica@example.net,Brampton,Ontario,2025-11-20,Silver
C04500,Elizabeth,Price,kevinmcdaniel@example.org,Edmonton,Alberta,2026-07-05,Bronze
C04501,Carl,May,carterpatricia@example.com,Edmonton,Alberta,2022-06-30,Bronze
C04502,Holly,Duffy,matapaul@example.com,Hamilton,Ontario,2024-04-17,Bronze
C04503,Amy,Chaney,philipsexton@example.net,Hamilton,Ontario,2025-07-27,Bronze
C04504,Andrew,Moore,marybrown@example.net,Toronto,Ontario,2025-02-18,Bronze
C04505,Dana,Palmer,kevinkim@example.net,Calgary,Alberta,2024-08-15,Gold
C04506,Rachel,Heath,michelle10@example.com,Vancouver,British Columbia,2024-01-12,Silver
C04507,Lee,Conrad,gregoryjoseph@example.net,Mississauga,Ontario,2023-06-01,Bronze
C04508,Rachel,Burke,huntergarcia@example.net,Edmonton,Alberta,2021-11-28,Bronze
C04509,Benjamin,Rivas,phampton@example.net,Vancouver,British Columbia,2022-04-26,Gold
C04510,Maria,Nelson,pking@example.com,Toronto,Ontario,2024-01-10,Silver
C04511,Kenneth,Reilly,crystal71@example.org,Edmonton,Alberta,2025-04-02,Silver
C04512,Mary,Harmon,psalinas@example.org,Vancouver,British Columbia,2023-11-29,Bronze
C04513,Amy,Williamson,jhenderson@example.net,Vancouver,British Columbia,2026-03-14,Gold
C04514,Stacey,Adkins,marythompson@example.com,Brampton,Ontario,2021-12-01,Bronze
C04515,Timothy,Black,abigail47@example.net,Ottawa,Ontario,2024-08-29,Bronze
C04516,Sharon,Herman,thomas80@example.org,Hamilton,Ontario,2022-12-07,Bronze
C04517,Valerie,Larsen,thomashill@example.com,Hamilton,Ontario,2021-11-09,Bronze
C04518,Sarah,Thompson,jason51@example.com,Calgary,Alberta,2025-04-17,Bronze
C04519,James,Sharp,ryan24@example.net,Calgary,Alberta,2022-08-09,Bronze
C04520,Robert,Mitchell,colleen82@example.net,Toronto,Ontario,2022-04-07,Gold
C04521,Paul,Ewing,brockstephanie@example.net,Mississauga,Ontario,2023-01-06,Bronze
C04522,Michelle,Blankenship,mberger@example.org,Calgary,Alberta,2025-01-31,Silver
C04523,Tracy,Fox,christinetorres@example.com,Calgary,Alberta,2023-05-26,Bronze
C04524,Rita,Smith,abailey@example.net,Ottawa,Ontario,2022-07-13,Bronze
C04525,Bonnie,Newman,garywilliams@example.net,Vancouver,British Columbia,2024-09-18,Silver
C04526,Ryan,Patton,kevin03@example.net,Toronto,Ontario,2026-06-01,Silver
C04527,Tracy,Harrison,christopher07@example.com,Brampton,Ontario,2023-11-09,Bronze
C04528,Christopher,Allen,kford@example.com,Calgary,Alberta,2025-05-13,Silver
C04529,Amy,Turner,laurenflores@example.com,Mississauga,Ontario,2022-09-30,Silver
C04530,James,Taylor,caleb92@example.net,Toronto,Ontario,2023-06-27,Silver
C04531,Shannon,Rodriguez,joseph51@example.org,Mississauga,Ontario,2025-12-17,Gold
C04532,James,Cantu,xtorres@example.net,Ottawa,Ontario,2022-04-10,Bronze
C04533,Andrea,Mathews,wardbenjamin@example.org,Hamilton,Ontario,2021-08-20,Bronze
C04534,Brian,English,michael80@example.org,Vancouver,British Columbia,2024-04-17,Bronze
C04535,Cristian,Kennedy,rwashington@example.org,Edmonton,Alberta,2023-12-27,Silver
C04536,Michael,Keller,leejennifer@example.net,Hamilton,Ontario,2024-01-06,Bronze
C04537,Chase,Aguirre,burchbruce@example.net,Calgary,Alberta,2025-05-09,Silver
C04538,Catherine,Wheeler,antonio17@example.com,Toronto,Ontario,2024-11-18,Silver
C04539,Joseph,Hamilton,jeffreymiller@example.com,Ottawa,Ontario,2021-11-28,Bronze
C04540,Michael,Jackson,april22@example.net,Brampton,Ontario,2024-08-18,Bronze
C04541,Ashley,Lambert,victorsmith@example.com,Mississauga,Ontario,2023-05-21,Silver
C04542,Erin,Bailey,zclayton@example.com,Mississauga,Ontario,2023-10-03,Silver
C04543,Michael,Mcgrath,taraanderson@example.net,Hamilton,Ontario,2026-04-08,Silver
C04544,Karen,Porter,amberbyrd@example.net,Vancouver,British Columbia,2025-05-19,Bronze
C04545,Christine,Guzman,wheelerolivia@example.net,Toronto,Ontario,2024-04-06,Bronze
C04546,Tommy,Ramirez,matthewpeterson@example.net,Hamilton,Ontario,2026-04-30,Bronze
C04547,Rebecca,Carter,zmendez@example.net,Edmonton,Alberta,2023-05-24,Gold
C04548,Michelle,Baxter,levyryan@example.org,Toronto,Ontario,2026-04-01,Bronze
C04549,Kevin,Baker,nathanielclark@example.com,Calgary,Alberta,2024-09-05,Silver
C04550,Ann,Reeves,jeffersonashley@example.net,Mississauga,Ontario,2022-07-21,Silver
C04551,Joshua,Simmons,meganfox@example.org,Edmonton,Alberta,2023-11-15,Bronze
C04552,Wesley,Little,josephhill@example.net,Ottawa,Ontario,2025-10-05,Bronze
C04553,Aaron,Silva,jonesthomas@example.org,Vancouver,British Columbia,2022-04-28,Bronze
C04554,David,Snyder,jennifer62@example.com,Mississauga,Ontario,2024-08-24,Bronze
C04555,Bruce,Erickson,dshelton@example.org,Brampton,Ontario,2022-04-18,Bronze
C04556,Katherine,Nguyen,cbush@example.net,Edmonton,Alberta,2023-12-02,Bronze
C04557,Jacob,Murphy,devin76@example.net,Hamilton,Ontario,2022-03-14,Bronze
C04558,Nicholas,Erickson,gutierrezjennifer@example.org,Hamilton,Ontario,2025-10-23,Bronze
C04559,Claire,Morrison,gonzalezjesus@example.net,Calgary,Alberta,2022-03-04,Bronze
C04560,Jacqueline,Hill,swoodward@example.org,Toronto,Ontario,2025-02-13,Bronze
C04561,Jessica,Tate,cheryl65@example.net,Hamilton,Ontario,2022-10-11,Bronze
C04562,Brittany,Patel,kevin68@example.net,Edmonton,Alberta,2023-08-21,Bronze
C04563,Jerry,Thomas,tmartin@example.org,Toronto,Ontario,2025-10-17,Bronze
C04564,Carl,Reese,wbrown@example.net,Vancouver,British Columbia,2022-10-11,Bronze
C04565,Mike,Petersen,hdaniel@example.com,Brampton,Ontario,2026-04-05,Bronze
C04566,Curtis,Jones,sconway@example.org,Vancouver,British Columbia,2026-05-13,Bronze
C04567,Jenna,Burns,alisonjames@example.net,Toronto,Ontario,2022-05-11,Bronze
C04568,Jacob,Edwards,sherry47@example.org,Mississauga,Ontario,2025-11-12,Silver
C04569,Jeffrey,Ponce,bgibson@example.com,Mississauga,Ontario,2024-02-18,Bronze
C04570,Nicholas,Maynard,zclayton@example.net,Ottawa,Ontario,2025-08-20,Bronze
C04571,Jessica,Cook,snowmonica@example.org,Hamilton,Ontario,2021-08-08,Bronze
C04572,Michael,Terry,dawnhernandez@example.org,Calgary,Alberta,2023-01-04,Bronze
C04573,Michelle,Wright,gwolfe@example.com,Edmonton,Alberta,2026-03-05,Silver
C04574,Kelsey,Torres,boyledarren@example.net,Hamilton,Ontario,2023-04-17,Bronze
C04575,Thomas,Cruz,tjames@example.org,Edmonton,Alberta,2024-01-08,Silver
C04576,Dylan,Yang,kerry52@example.com,Hamilton,Ontario,2025-06-10,Bronze
C04577,Lindsey,Gomez,kday@example.com,Brampton,Ontario,2025-12-29,Bronze
C04578,Danny,Davis,marthairwin@example.net,Toronto,Ontario,2024-12-19,Silver
C04579,Matthew,Martin,salazarnancy@example.net,Edmonton,Alberta,2024-10-10,Silver
C04580,Crystal,Diaz,michael34@example.net,Mississauga,Ontario,2024-03-01,Bronze
C04581,Levi,Farley,robert43@example.com,Edmonton,Alberta,2022-10-06,Bronze
C04582,Chelsea,Robertson,richardbender@example.net,Calgary,Alberta,2025-09-12,Bronze
C04583,Michael,Rivera,jessicakent@example.net,Edmonton,Alberta,2023-03-23,Bronze
C04584,Lawrence,King,johnsonjohn@example.com,Edmonton,Alberta,2023-06-27,Bronze
C04585,Nicholas,Vasquez,andrea14@example.com,Vancouver,British Columbia,2026-05-03,Bronze
C04586,Kelly,Warren,rogerslisa@example.org,Ottawa,Ontario,2025-11-05,Bronze
C04587,Ricky,Morrison,pattersontroy@example.org,Mississauga,Ontario,2021-12-17,Silver
C04588,Brianna,Stone,reillymolly@example.org,Calgary,Alberta,2021-09-01,Silver
C04589,Jennifer,Williams,cross@example.com,Edmonton,Alberta,2023-04-07,Bronze
C04590,Charles,Campbell,rossjeff@example.com,Edmonton,Alberta,2024-08-12,Bronze
C04591,Chad,Hanna,harrisondiana@example.org,Mississauga,Ontario,2023-07-30,Bronze
C04592,John,Howard,dodsonannette@example.net,Edmonton,Alberta,2025-05-25,Bronze
C04593,Melissa,Tran,karensimmons@example.org,Mississauga,Ontario,2025-12-14,Bronze
C04594,William,Raymond,nfinley@example.net,Vancouver,British Columbia,2021-12-28,Gold
C04595,Barbara,Warren,randrews@example.net,Edmonton,Alberta,2023-08-16,Silver
C04596,Michelle,Johnson,daviesjames@example.com,Edmonton,Alberta,2024-04-21,Bronze
C04597,Paul,Williams,perezdalton@example.org,Vancouver,British Columbia,2022-06-01,Bronze
C04598,Mckenzie,Neal,stephenkeith@example.org,Calgary,Alberta,2021-09-03,Gold
C04599,Stephanie,Patton,michealgonzalez@example.net,Mississauga,Ontario,2024-05-21,Bronze
C04600,Brian,Hunt,kleinmichael@example.net,Edmonton,Alberta,2026-03-14,Bronze
C04601,Cathy,Myers,luisbailey@example.net,Brampton,Ontario,2023-06-27,Silver
C04602,Virginia,Rivera,christopher48@example.com,Toronto,Ontario,2022-11-14,Bronze
C04603,Joshua,Blair,wstokes@example.com,Vancouver,British Columbia,2023-03-16,Silver
C04604,Deborah,Miller,ericafisher@example.org,Mississauga,Ontario,2022-06-14,Gold
C04605,Mark,Roberson,emorris@example.net,Edmonton,Alberta,2023-10-13,Bronze
C04606,Cheryl,Lawson,lisabartlett@example.com,Toronto,Ontario,2023-12-12,Gold
C04607,Amanda,Clarke,warnertom@example.org,Ottawa,Ontario,2023-12-27,Gold
C04608,Adam,Dickson,shaun36@example.com,Edmonton,Alberta,2021-10-27,Bronze
C04609,Ariana,Lopez,kelly21@example.net,Vancouver,British Columbia,2025-10-23,Silver
C04610,Melissa,Carpenter,jhull@example.org,Vancouver,British Columbia,2025-06-30,Bronze
C04611,Mary,Smith,timothy81@example.net,Hamilton,Ontario,2025-08-25,Silver
C04612,David,Miller,patrick04@example.com,Hamilton,Ontario,2021-09-26,Bronze
C04613,Ashley,Lowe,uwashington@example.net,Brampton,Ontario,2023-09-12,Bronze
C04614,Stephanie,Armstrong,martin66@example.org,Brampton,Ontario,2024-02-11,Bronze
C04615,Ashley,Hurley,mwilkinson@example.com,Mississauga,Ontario,2024-11-22,Bronze
C04616,Martin,Wilkins,zwilson@example.org,Ottawa,Ontario,2022-09-05,Silver
C04617,Debbie,Brooks,baxterteresa@example.com,Brampton,Ontario,2023-03-04,Silver
C04618,Joseph,Bailey,lyonslisa@example.org,Calgary,Alberta,2025-01-21,Bronze
C04619,Susan,Lewis,ewright@example.net,Hamilton,Ontario,2021-10-19,Bronze
C04620,Tammy,Glenn,ncervantes@example.net,Ottawa,Ontario,2026-02-28,Silver
C04621,Julie,Coleman,ecarrillo@example.com,Calgary,Alberta,2021-09-23,Bronze
C04622,Benjamin,Shaffer,meghanpowell@example.net,Hamilton,Ontario,2021-08-09,Silver
C04623,David,Butler,cnavarro@example.org,Vancouver,British Columbia,2023-05-23,Bronze
C04624,Joseph,Turner,bradshawjanice@example.com,Calgary,Alberta,2026-06-15,Bronze
C04625,Stephanie,Henson,clarkleslie@example.com,Toronto,Ontario,2026-05-03,Bronze
C04626,Jasmine,Knox,peckkristopher@example.net,Vancouver,British Columbia,2024-11-18,Bronze
C04627,Evan,Williams,chase89@example.org,Calgary,Alberta,2023-03-15,Bronze
C04628,Joseph,Mason,elizabeth56@example.net,Edmonton,Alberta,2021-08-11,Bronze
C04629,Lynn,Burton,clarenceblevins@example.org,Brampton,Ontario,2025-07-19,Silver
C04630,Michelle,Miller,gibsonerica@example.net,Toronto,Ontario,2025-08-16,Bronze
C04631,James,Garcia,tammycarter@example.com,Calgary,Alberta,2024-09-14,Silver
C04632,Benjamin,Phelps,mark32@example.org,Edmonton,Alberta,2025-03-25,Bronze
C04633,Terri,Silva,drobinson@example.com,Edmonton,Alberta,2026-05-13,Bronze
C04634,Shelly,Bishop,ntaylor@example.com,Brampton,Ontario,2025-01-31,Silver
C04635,John,Krause,steven88@example.net,Hamilton,Ontario,2022-05-10,Silver
C04636,Andrew,Young,leahwhite@example.com,Ottawa,Ontario,2023-02-26,Bronze
C04637,Whitney,Michael,uwheeler@example.com,Calgary,Alberta,2025-03-22,Bronze
C04638,Victoria,Figueroa,guerrastephen@example.org,Hamilton,Ontario,2023-07-01,Bronze
C04639,Jose,Lopez,vmartinez@example.com,Toronto,Ontario,2023-11-18,Bronze
C04640,Edward,Weber,cgriffin@example.net,Toronto,Ontario,2025-03-11,Bronze
C04641,Michael,Morgan,hillchad@example.com,Calgary,Alberta,2026-04-16,Bronze
C04642,Randy,Young,lopezlacey@example.net,Hamilton,Ontario,2025-07-23,Bronze
C04643,Brenda,Robinson,jenniferrodriguez@example.org,Brampton,Ontario,2024-08-02,Bronze
C04644,Brittany,Hammond,vwallace@example.net,Toronto,Ontario,2026-07-09,Bronze
C04645,Patrick,Peters,austinjones@example.net,Ottawa,Ontario,2021-10-12,Silver
C04646,Christopher,Nelson,jamesrivera@example.org,Toronto,Ontario,2022-10-30,Bronze
C04647,Tommy,Martin,millerjennifer@example.com,Toronto,Ontario,2024-03-03,Bronze
C04648,Ellen,Brown,kmorton@example.org,Calgary,Alberta,2024-03-19,Bronze
C04649,Jennifer,Miller,fisheramy@example.org,Brampton,Ontario,2026-06-28,Bronze
C04650,Ernest,Johnson,juliebradley@example.com,Toronto,Ontario,2024-07-09,Gold
C04651,Cody,Riley,derrickaguirre@example.org,Vancouver,British Columbia,2023-12-16,Bronze
C04652,Kelly,Woodward,samantha95@example.net,Mississauga,Ontario,2022-10-26,Bronze
C04653,Andrea,Mata,matthewsuarez@example.org,Ottawa,Ontario,2026-06-24,Bronze
C04654,Gary,Hatfield,carol77@example.com,Brampton,Ontario,2023-04-19,Bronze
C04655,Susan,Richard,briancohen@example.net,Calgary,Alberta,2024-07-02,Silver
C04656,Donna,Parker,qwells@example.org,Hamilton,Ontario,2022-01-22,Bronze
C04657,Lindsey,Peterson,justinsolis@example.net,Ottawa,Ontario,2022-07-14,Silver
C04658,David,Turner,humphreylisa@example.net,Hamilton,Ontario,2025-12-20,Bronze
C04659,Robert,Becker,joshua52@example.org,Toronto,Ontario,2024-08-30,Bronze
C04660,Vanessa,Jones,xalexander@example.net,Edmonton,Alberta,2024-09-18,Bronze
C04661,Ashley,Hernandez,zimmermannicholas@example.com,Hamilton,Ontario,2023-02-19,Silver
C04662,William,Jones,lucasowens@example.net,Hamilton,Ontario,2022-11-11,Silver
C04663,Megan,Miller,jenniferbeltran@example.org,Brampton,Ontario,2021-11-19,Silver
C04664,Phyllis,Phillips,mevans@example.org,Brampton,Ontario,2024-01-27,Bronze
C04665,Jennifer,Lucas,brooke01@example.org,Vancouver,British Columbia,2023-04-13,Bronze
C04666,Darren,Scott,castanedamegan@example.org,Edmonton,Alberta,2022-02-01,Bronze
C04667,Ryan,Abbott,scottmontoya@example.org,Edmonton,Alberta,2023-08-12,Gold
C04668,Kiara,Tyler,sara75@example.net,Mississauga,Ontario,2026-05-05,Bronze
C04669,Debbie,Roberts,lauriegibbs@example.org,Mississauga,Ontario,2024-01-25,Silver
C04670,Beth,Castro,jenniferschwartz@example.net,Hamilton,Ontario,2021-10-29,Silver
C04671,Scott,Chang,johnsonkelly@example.net,Hamilton,Ontario,2023-01-23,Bronze
C04672,Aaron,Smith,olsonmegan@example.org,Toronto,Ontario,2024-04-02,Bronze
C04673,Mindy,Carroll,romanbrittany@example.net,Brampton,Ontario,2024-12-29,Bronze
C04674,Alan,Obrien,hodgescandice@example.net,Mississauga,Ontario,2023-09-10,Silver
C04675,David,Simpson,nicholas90@example.net,Mississauga,Ontario,2025-11-09,Bronze
C04676,David,Williams,donna99@example.org,Vancouver,British Columbia,2022-09-05,Bronze
C04677,Gary,Munoz,andersontammie@example.net,Edmonton,Alberta,2022-01-22,Bronze
C04678,Richard,Gonzalez,mlewis@example.org,Ottawa,Ontario,2022-08-26,Silver
C04679,Andrea,Baker,yadams@example.net,Mississauga,Ontario,2021-12-05,Silver
C04680,Benjamin,Morrison,peggymendez@example.net,Hamilton,Ontario,2023-12-21,Bronze
C04681,Alexander,Wright,marshallkathleen@example.net,Mississauga,Ontario,2022-09-21,Silver
C04682,Christopher,Green,rosscharles@example.com,Toronto,Ontario,2025-09-18,Silver
C04683,Tommy,Gonzalez,smithdanielle@example.org,Mississauga,Ontario,2023-09-30,Silver
C04684,Jennifer,Weaver,carlosdonovan@example.org,Hamilton,Ontario,2022-11-22,Bronze
C04685,Wesley,Chase,zjones@example.com,Edmonton,Alberta,2021-12-24,Bronze
C04686,Gina,Young,travis37@example.org,Edmonton,Alberta,2026-01-24,Bronze
C04687,Deborah,Lucas,sarah47@example.org,Hamilton,Ontario,2025-10-06,Silver
C04688,Alec,Mccormick,umartin@example.net,Ottawa,Ontario,2022-05-24,Silver
C04689,Brian,Jacobs,bradshawjoseph@example.org,Mississauga,Ontario,2024-03-09,Bronze
C04690,Janice,Allen,ricardo71@example.com,Ottawa,Ontario,2025-11-12,Gold
C04691,Eric,Price,daniel62@example.net,Toronto,Ontario,2023-06-18,Gold
C04692,Beth,Collins,christophertucker@example.org,Toronto,Ontario,2022-12-03,Bronze
C04693,Kristen,Ferrell,xpeterson@example.org,Calgary,Alberta,2023-09-15,Bronze
C04694,Morgan,Tyler,pmatthews@example.org,Calgary,Alberta,2024-12-12,Bronze
C04695,Kelly,Foster,jleon@example.com,Brampton,Ontario,2025-12-02,Gold
C04696,Johnny,Mcfarland,xdominguez@example.com,Calgary,Alberta,2023-06-24,Silver
C04697,Nathan,Bennett,qmartinez@example.net,Mississauga,Ontario,2022-11-05,Bronze
C04698,Eric,Rodriguez,zrodriguez@example.org,Vancouver,British Columbia,2026-02-19,Bronze
C04699,Jennifer,Howard,xrojas@example.org,Ottawa,Ontario,2024-03-19,Silver
C04700,Pamela,Long,promero@example.com,Brampton,Ontario,2024-09-09,Bronze
C04701,Jamie,Romero,woodsbrian@example.com,Calgary,Alberta,2024-01-16,Gold
C04702,Kristin,Johnson,douglasacevedo@example.net,Calgary,Alberta,2024-12-22,Bronze
C04703,Jason,Taylor,jphillips@example.net,Mississauga,Ontario,2022-10-14,Bronze
C04704,Erica,Delgado,nathan55@example.org,Mississauga,Ontario,2023-09-01,Silver
C04705,Joanna,Parker,travistran@example.net,Ottawa,Ontario,2024-12-06,Bronze
C04706,Elizabeth,Steele,xdavis@example.com,Calgary,Alberta,2022-07-06,Silver
C04707,Matthew,Graham,carmen81@example.org,Toronto,Ontario,2023-07-03,Gold
C04708,Adam,Rodriguez,isaac23@example.net,Calgary,Alberta,2022-07-11,Silver
C04709,Shirley,Cox,anthonywhitney@example.org,Hamilton,Ontario,2026-01-11,Bronze
C04710,Kenneth,Valenzuela,higginsadam@example.net,Hamilton,Ontario,2023-11-04,Bronze
C04711,Ashley,Norman,jessicasexton@example.org,Brampton,Ontario,2023-04-20,Silver
C04712,Wyatt,Thompson,jonesroy@example.net,Edmonton,Alberta,2021-10-19,Bronze
C04713,Shirley,Peterson,haileypage@example.net,Hamilton,Ontario,2025-10-23,Bronze
C04714,Rebecca,Cox,adam15@example.org,Ottawa,Ontario,2022-11-23,Silver
C04715,Jennifer,Barber,gortiz@example.net,Toronto,Ontario,2021-08-28,Bronze
C04716,Amanda,Pratt,robert12@example.org,Brampton,Ontario,2023-07-05,Bronze
C04717,Christian,Gonzalez,bill02@example.net,Toronto,Ontario,2022-09-03,Gold
C04718,Sandy,Blanchard,tking@example.net,Ottawa,Ontario,2024-02-02,Bronze
C04719,Elizabeth,Garcia,joseph18@example.com,Mississauga,Ontario,2023-12-13,Bronze
C04720,Lindsay,Schmidt,slang@example.org,Toronto,Ontario,2026-05-31,Bronze
C04721,Joshua,Santiago,zdoyle@example.org,Brampton,Ontario,2023-09-26,Bronze
C04722,Kim,Edwards,mejiacatherine@example.net,Toronto,Ontario,2022-12-13,Silver
C04723,Nicholas,Moreno,juanmoore@example.org,Calgary,Alberta,2023-07-17,Silver
C04724,Jennifer,Douglas,jeremy36@example.net,Brampton,Ontario,2023-07-24,Silver
C04725,Thomas,Fleming,ssmith@example.net,Toronto,Ontario,2024-11-27,Bronze
C04726,Melanie,Blanchard,nmurphy@example.com,Mississauga,Ontario,2022-08-07,Bronze
C04727,Robin,Hardin,lperez@example.org,Calgary,Alberta,2023-02-17,Bronze
C04728,Donald,Delgado,rlewis@example.org,Edmonton,Alberta,2026-06-17,Bronze
C04729,Matthew,Ferguson,annacook@example.com,Vancouver,British Columbia,2026-03-15,Bronze
C04730,Javier,Fuller,leegutierrez@example.com,Vancouver,British Columbia,2022-03-02,Bronze
C04731,Anna,King,nmunoz@example.org,Toronto,Ontario,2026-03-10,Bronze
C04732,Keith,Lopez,samuelzhang@example.com,Mississauga,Ontario,2022-02-27,Bronze
C04733,Matthew,Brady,christopher48@example.org,Calgary,Alberta,2025-02-11,Bronze
C04734,Geoffrey,Scott,debra72@example.com,Vancouver,British Columbia,2021-08-06,Bronze
C04735,Brian,Campbell,hdavid@example.com,Toronto,Ontario,2026-03-29,Bronze
C04736,Savannah,Brown,jvargas@example.com,Edmonton,Alberta,2025-08-10,Bronze
C04737,Shirley,Wilson,martinezchristopher@example.com,Toronto,Ontario,2023-08-09,Bronze
C04738,Tracy,Diaz,shane89@example.net,Mississauga,Ontario,2023-07-28,Silver
C04739,Christopher,Chase,dgarza@example.net,Mississauga,Ontario,2025-12-05,Silver
C04740,Carl,Zuniga,philiprusso@example.net,Calgary,Alberta,2024-04-24,Silver
C04741,Michael,Rogers,michaelcarlson@example.org,Calgary,Alberta,2026-05-15,Bronze
C04742,Tara,Mitchell,twilliams@example.net,Ottawa,Ontario,2022-05-16,Silver
C04743,Travis,Mathews,elizabethclark@example.org,Hamilton,Ontario,2022-10-10,Bronze
C04744,Michael,Wilson,esellers@example.org,Calgary,Alberta,2021-08-24,Bronze
C04745,Jonathan,Stevens,kdavenport@example.org,Vancouver,British Columbia,2023-05-23,Silver
C04746,Destiny,Jordan,pattycastillo@example.com,Vancouver,British Columbia,2023-07-01,Bronze
C04747,Lauren,Higgins,webermatthew@example.com,Ottawa,Ontario,2025-07-14,Silver
C04748,Marc,Taylor,ufoster@example.com,Hamilton,Ontario,2023-07-06,Bronze
C04749,Gary,Fisher,dfarmer@example.org,Calgary,Alberta,2022-10-31,Silver
C04750,Deborah,Coleman,rebecca03@example.com,Toronto,Ontario,2022-03-12,Bronze
C04751,Anthony,Burke,sherrivargas@example.org,Calgary,Alberta,2025-11-12,Silver
C04752,Brenda,Bennett,robinedwards@example.org,Mississauga,Ontario,2025-08-18,Bronze
C04753,Courtney,Watts,tgeorge@example.net,Mississauga,Ontario,2023-03-26,Bronze
C04754,Nicholas,Dixon,jessicazimmerman@example.com,Ottawa,Ontario,2023-03-27,Bronze
C04755,Brittany,Morgan,mitchell12@example.net,Vancouver,British Columbia,2023-08-11,Silver
C04756,William,Alexander,sandra68@example.net,Brampton,Ontario,2022-10-06,Bronze
C04757,John,Jackson,phillip48@example.org,Brampton,Ontario,2023-12-29,Silver
C04758,Jeffrey,Stark,grayjason@example.net,Vancouver,British Columbia,2024-09-07,Bronze
C04759,Andrew,Mcdowell,wray@example.net,Hamilton,Ontario,2023-04-18,Bronze
C04760,Patricia,Reid,xclark@example.org,Edmonton,Alberta,2021-08-07,Bronze
C04761,Rebecca,Clark,porterbob@example.org,Mississauga,Ontario,2021-09-25,Bronze
C04762,Thomas,Hood,robertsmelinda@example.com,Toronto,Ontario,2023-06-06,Bronze
C04763,Tina,Herrera,christopherrussell@example.org,Brampton,Ontario,2026-06-06,Bronze
C04764,Diamond,Gonzalez,hilljames@example.com,Edmonton,Alberta,2022-05-03,Bronze
C04765,Meredith,Walters,upowell@example.net,Mississauga,Ontario,2022-03-09,Bronze
C04766,Courtney,Fry,pwashington@example.com,Hamilton,Ontario,2024-05-27,Silver
C04767,Jessica,Adkins,christopher60@example.com,Brampton,Ontario,2026-02-13,Silver
C04768,Jackie,Schultz,yrusso@example.com,Vancouver,British Columbia,2022-04-22,Silver
C04769,Lisa,Sullivan,millerwanda@example.org,Hamilton,Ontario,2022-03-30,Gold
C04770,Cristina,Foster,ljones@example.com,Hamilton,Ontario,2025-07-17,Bronze
C04771,Ronald,Gilbert,johnhammond@example.org,Hamilton,Ontario,2022-07-13,Gold
C04772,Jeffrey,Conley,clinton19@example.com,Ottawa,Ontario,2023-08-15,Bronze
C04773,Peter,Giles,riverajames@example.com,Calgary,Alberta,2024-07-26,Gold
C04774,Cynthia,Short,knapprobert@example.org,Edmonton,Alberta,2022-06-22,Silver
C04775,Zachary,Scott,owensnicole@example.org,Ottawa,Ontario,2025-09-30,Gold
C04776,Alicia,Davis,justin86@example.net,Calgary,Alberta,2025-10-03,Bronze
C04777,Matthew,Farrell,lmiller@example.net,Vancouver,British Columbia,2025-01-05,Bronze
C04778,Carol,Boyer,kennedyhaley@example.com,Edmonton,Alberta,2025-10-22,Silver
C04779,Kathleen,Peterson,ialexander@example.com,Calgary,Alberta,2025-09-17,Gold
C04780,Karen,Dillon,gonzalezheather@example.com,Ottawa,Ontario,2024-12-07,Silver
C04781,Cheryl,Flores,danielanderson@example.org,Edmonton,Alberta,2023-12-01,Bronze
C04782,Robert,Nelson,melaniesampson@example.com,Hamilton,Ontario,2025-12-10,Silver
C04783,Brandi,Young,thompsonkenneth@example.com,Brampton,Ontario,2026-04-20,Bronze
C04784,Larry,Kemp,josephking@example.net,Toronto,Ontario,2022-11-27,Silver
C04785,Dawn,Mann,elizabethwelch@example.com,Calgary,Alberta,2026-04-30,Bronze
C04786,Brenda,Dickson,hstevens@example.org,Vancouver,British Columbia,2021-10-02,Silver
C04787,Steven,Armstrong,christophercollier@example.net,Mississauga,Ontario,2021-09-20,Bronze
C04788,Briana,Jackson,martinbrad@example.com,Hamilton,Ontario,2021-11-18,Silver
C04789,Carol,Thomas,michaelsolis@example.com,Vancouver,British Columbia,2025-09-28,Bronze
C04790,Sherry,Wilson,tammywelch@example.com,Mississauga,Ontario,2026-05-21,Gold
C04791,Matthew,Lane,amywade@example.com,Edmonton,Alberta,2024-12-25,Silver
C04792,Ricky,Horton,ryantaylor@example.org,Mississauga,Ontario,2023-01-14,Bronze
C04793,John,Miller,joeldowns@example.net,Vancouver,British Columbia,2025-03-05,Bronze
C04794,Corey,Fields,michelle19@example.com,Brampton,Ontario,2023-10-31,Silver
C04795,Elizabeth,Owens,kathrynberry@example.com,Hamilton,Ontario,2022-09-03,Gold
C04796,Gary,Sullivan,joseph86@example.com,Edmonton,Alberta,2026-07-24,Bronze
C04797,Shelby,Peterson,stevengray@example.org,Edmonton,Alberta,2026-03-03,Bronze
C04798,Robert,Armstrong,billy16@example.net,Calgary,Alberta,2023-09-18,Bronze
C04799,Tracy,Contreras,ilogan@example.net,Hamilton,Ontario,2024-12-25,Bronze
C04800,John,Nichols,jasminedaniel@example.net,Calgary,Alberta,2023-09-08,Silver
C04801,Gina,Krause,martindana@example.org,Mississauga,Ontario,2022-02-21,Silver
C04802,Jeremy,Roberts,obrown@example.com,Toronto,Ontario,2023-09-01,Bronze
C04803,Vanessa,Stewart,kpennington@example.net,Hamilton,Ontario,2021-12-12,Bronze
C04804,Jonathan,Jensen,kelly20@example.org,Hamilton,Ontario,2025-07-23,Bronze
C04805,John,Reyes,sawyerdaniel@example.org,Hamilton,Ontario,2022-05-11,Silver
C04806,Shawn,Giles,ashley51@example.net,Edmonton,Alberta,2024-10-14,Gold
C04807,Amy,Rivera,xgross@example.org,Edmonton,Alberta,2022-11-17,Gold
C04808,Joe,Allen,mcclainkatherine@example.com,Calgary,Alberta,2024-10-21,Bronze
C04809,Ashley,Anderson,michael80@example.com,Hamilton,Ontario,2024-01-08,Bronze
C04810,Zachary,Hines,victoriablair@example.com,Vancouver,British Columbia,2023-10-01,Bronze
C04811,Tyler,Davis,kimberlywilliams@example.net,Calgary,Alberta,2021-09-13,Bronze
C04812,April,Knox,allisonpamela@example.net,Toronto,Ontario,2024-08-31,Bronze
C04813,Kathleen,Ramirez,brownjessica@example.org,Vancouver,British Columbia,2025-09-11,Bronze
C04814,Stephanie,White,phillipwalker@example.org,Vancouver,British Columbia,2025-08-02,Bronze
C04815,Kayla,Davis,crystal30@example.com,Ottawa,Ontario,2022-09-13,Bronze
C04816,John,Barton,robert29@example.net,Brampton,Ontario,2022-09-17,Bronze
C04817,Jeremy,Sandoval,karen38@example.org,Hamilton,Ontario,2021-09-17,Silver
C04818,Jacqueline,Beck,jamesmacias@example.org,Ottawa,Ontario,2023-07-26,Bronze
C04819,Whitney,Taylor,adam10@example.net,Toronto,Ontario,2023-06-28,Silver
C04820,Raymond,Richard,jenniferking@example.com,Hamilton,Ontario,2022-06-03,Silver
C04821,Danielle,Blackwell,sydney23@example.com,Calgary,Alberta,2022-08-05,Silver
C04822,Charles,Hunter,leelaura@example.org,Ottawa,Ontario,2022-11-08,Bronze
C04823,Joel,Knapp,joelavery@example.net,Vancouver,British Columbia,2024-02-19,Bronze
C04824,Sarah,Gardner,kimberlytran@example.net,Brampton,Ontario,2022-02-09,Bronze
C04825,Gary,Johnson,rose38@example.net,Hamilton,Ontario,2024-08-27,Bronze
C04826,Cole,Santos,johnmelendez@example.com,Mississauga,Ontario,2023-11-07,Bronze
C04827,Miranda,Jacobs,edwardsjeffrey@example.com,Ottawa,Ontario,2023-03-14,Bronze
C04828,Manuel,Jennings,rmyers@example.net,Toronto,Ontario,2021-09-18,Silver
C04829,Steven,Smith,cortezwillie@example.com,Edmonton,Alberta,2026-06-27,Bronze
C04830,James,Vincent,jeremyyork@example.com,Hamilton,Ontario,2021-12-22,Silver
C04831,Tiffany,Smith,mmacias@example.net,Ottawa,Ontario,2026-04-14,Bronze
C04832,Kenneth,Soto,herrerajohn@example.net,Ottawa,Ontario,2023-07-08,Bronze
C04833,Lisa,Summers,ojones@example.com,Toronto,Ontario,2022-08-30,Bronze
C04834,Jay,Li,andrew25@example.com,Hamilton,Ontario,2024-10-20,Bronze
C04835,Jose,Zimmerman,lisa65@example.net,Ottawa,Ontario,2026-07-19,Bronze
C04836,April,Peterson,robinsonjames@example.net,Calgary,Alberta,2022-01-07,Bronze
C04837,Christian,Wise,marie57@example.org,Mississauga,Ontario,2021-12-09,Silver
C04838,Jason,Edwards,acox@example.net,Edmonton,Alberta,2025-11-19,Silver
C04839,Linda,Howard,xcook@example.com,Mississauga,Ontario,2022-09-21,Silver
C04840,Michael,Lawson,palexander@example.net,Hamilton,Ontario,2022-04-22,Bronze
C04841,Christina,Lee,jjackson@example.org,Ottawa,Ontario,2025-04-13,Gold
C04842,Jennifer,Parker,bobbywest@example.com,Mississauga,Ontario,2022-09-23,Bronze
C04843,Trevor,Patel,carterelaine@example.com,Calgary,Alberta,2025-04-25,Silver
C04844,Brian,Nielsen,christopher77@example.org,Ottawa,Ontario,2023-05-07,Gold
C04845,Mary,Gray,nmurphy@example.org,Ottawa,Ontario,2023-07-10,Silver
C04846,Autumn,Little,wjensen@example.org,Ottawa,Ontario,2023-04-06,Gold
C04847,Pamela,Ayala,edwardsariel@example.net,Brampton,Ontario,2026-07-02,Bronze
C04848,Robert,Chavez,jenniferarmstrong@example.net,Vancouver,British Columbia,2023-08-13,Bronze
C04849,Renee,Anderson,bryan02@example.org,Calgary,Alberta,2021-09-20,Bronze
C04850,Alice,Torres,jacquelinedaugherty@example.com,Calgary,Alberta,2023-04-25,Bronze
C04851,Jason,Hanson,tara31@example.com,Brampton,Ontario,2026-04-11,Bronze
C04852,Patrick,Rodriguez,barbaraedwards@example.org,Edmonton,Alberta,2025-06-05,Gold
C04853,Patrick,Turner,aaron74@example.org,Hamilton,Ontario,2022-09-30,Bronze
C04854,Allison,Shepherd,travis96@example.com,Vancouver,British Columbia,2025-01-06,Silver
C04855,Todd,Mueller,michaeljohnson@example.net,Edmonton,Alberta,2022-04-25,Gold
C04856,Holly,Calderon,stephanie86@example.net,Mississauga,Ontario,2022-05-13,Bronze
C04857,Chloe,Shannon,cbonilla@example.org,Calgary,Alberta,2022-03-23,Bronze
C04858,Kathryn,James,edwardsbenjamin@example.org,Mississauga,Ontario,2023-08-24,Bronze
C04859,Stephanie,Torres,jramirez@example.com,Vancouver,British Columbia,2023-07-27,Gold
C04860,Connie,Nolan,rwhite@example.com,Calgary,Alberta,2022-01-10,Gold
C04861,Ruben,Erickson,jonesrebecca@example.net,Toronto,Ontario,2024-08-13,Bronze
C04862,Joseph,Brown,qle@example.net,Edmonton,Alberta,2025-06-23,Silver
C04863,Tiffany,Thompson,jessica15@example.com,Vancouver,British Columbia,2025-04-26,Bronze
C04864,Kayla,Hunter,awiley@example.net,Hamilton,Ontario,2021-08-26,Bronze
C04865,Dustin,Rivas,grayanthony@example.com,Brampton,Ontario,2025-05-01,Silver
C04866,Shane,Kirby,stephaniestevens@example.org,Brampton,Ontario,2022-12-17,Bronze
C04867,Erin,Rocha,kathy81@example.org,Calgary,Alberta,2023-02-16,Bronze
C04868,Raymond,Lawrence,ccampbell@example.com,Edmonton,Alberta,2022-09-20,Silver
C04869,Joel,Black,bradleyelizabeth@example.net,Toronto,Ontario,2022-04-07,Bronze
C04870,Jeffrey,Miller,stewartanthony@example.org,Toronto,Ontario,2021-09-28,Silver
C04871,Gregory,Moss,ycarter@example.org,Edmonton,Alberta,2022-12-16,Silver
C04872,Christopher,Franco,hoffmanbrittany@example.com,Mississauga,Ontario,2022-04-03,Bronze
C04873,Michelle,Johnson,zsmith@example.com,Hamilton,Ontario,2022-04-07,Bronze
C04874,Grant,Gomez,tmichael@example.com,Hamilton,Ontario,2024-07-18,Bronze
C04875,Cynthia,Sosa,brookecarter@example.net,Mississauga,Ontario,2025-10-11,Silver
C04876,Claire,Hall,ibradley@example.com,Ottawa,Ontario,2026-05-08,Silver
C04877,Christine,Fitzgerald,vcarter@example.com,Toronto,Ontario,2022-05-11,Bronze
C04878,Veronica,Fitzgerald,ukennedy@example.org,Edmonton,Alberta,2025-06-02,Bronze
C04879,William,Rodriguez,robinsonmichael@example.org,Mississauga,Ontario,2025-06-12,Silver
C04880,Mark,Bailey,tammy07@example.net,Calgary,Alberta,2021-09-21,Silver
C04881,William,Hall,moralesaaron@example.org,Brampton,Ontario,2022-06-18,Silver
C04882,James,Spencer,salinaserik@example.net,Toronto,Ontario,2024-05-25,Bronze
C04883,Willie,Vincent,nancyhaynes@example.org,Ottawa,Ontario,2023-12-23,Bronze
C04884,Manuel,Thomas,christina96@example.com,Edmonton,Alberta,2023-07-10,Gold
C04885,Jennifer,Thompson,gcarr@example.net,Brampton,Ontario,2023-02-07,Bronze
C04886,Laura,Ramos,jeffreyphillips@example.com,Edmonton,Alberta,2026-05-08,Bronze
C04887,Angela,Harvey,justin13@example.org,Hamilton,Ontario,2025-02-11,Bronze
C04888,Darius,Berry,amanda97@example.net,Hamilton,Ontario,2022-06-11,Silver
C04889,Mark,Hoffman,tracyalexander@example.com,Vancouver,British Columbia,2023-02-20,Silver
C04890,Garrett,Cole,francis49@example.org,Brampton,Ontario,2025-12-18,Bronze
C04891,Monica,Anderson,eroberson@example.org,Brampton,Ontario,2021-09-06,Silver
C04892,Samantha,White,rlevy@example.com,Toronto,Ontario,2024-11-24,Bronze
C04893,Ryan,Wilson,garciacasey@example.net,Vancouver,British Columbia,2026-02-28,Bronze
C04894,Lindsey,Howard,sotoelizabeth@example.net,Edmonton,Alberta,2023-02-14,Bronze
C04895,Willie,Walton,ihughes@example.net,Vancouver,British Columbia,2022-03-02,Silver
C04896,William,Martin,jonathanbennett@example.net,Hamilton,Ontario,2024-12-22,Silver
C04897,Stacie,Johnson,brownmary@example.com,Brampton,Ontario,2024-05-08,Bronze
C04898,Gregory,Schwartz,taylorwilliams@example.net,Vancouver,British Columbia,2024-10-01,Bronze
C04899,John,Martin,johnsonteresa@example.com,Ottawa,Ontario,2022-01-25,Bronze
C04900,John,Juarez,jessicacampbell@example.net,Edmonton,Alberta,2024-05-27,Bronze
C04901,April,Williams,rhughes@example.net,Vancouver,British Columbia,2024-07-07,Bronze
C04902,Veronica,Grant,gtaylor@example.org,Toronto,Ontario,2023-10-18,Silver
C04903,Connie,Mccullough,adavid@example.net,Toronto,Ontario,2024-01-27,Bronze
C04904,Victor,Payne,phutchinson@example.org,Ottawa,Ontario,2024-08-15,Bronze
C04905,Charlotte,Decker,diana79@example.net,Mississauga,Ontario,2026-06-02,Bronze
C04906,Timothy,Gilbert,aguilartina@example.org,Edmonton,Alberta,2023-05-17,Bronze
C04907,William,Guzman,mahoneyamy@example.net,Ottawa,Ontario,2022-02-28,Bronze
C04908,Daniel,Marsh,barbara82@example.net,Toronto,Ontario,2022-01-04,Bronze
C04909,Manuel,Howell,astewart@example.net,Calgary,Alberta,2023-01-31,Silver
C04910,Andrew,Adams,millerbryan@example.net,Brampton,Ontario,2023-10-24,Bronze
C04911,Sean,Burns,jamie63@example.org,Calgary,Alberta,2022-10-09,Bronze
C04912,Amy,Stone,andrea77@example.org,Hamilton,Ontario,2022-07-04,Silver
C04913,Jose,Black,tjohnson@example.net,Vancouver,British Columbia,2023-11-24,Bronze
C04914,Joyce,Taylor,watkinstracey@example.org,Brampton,Ontario,2025-02-18,Silver
C04915,Angela,Smith,adrienne00@example.net,Hamilton,Ontario,2026-04-23,Gold
C04916,Jason,Jordan,fishersarah@example.net,Toronto,Ontario,2022-04-28,Bronze
C04917,Alicia,Woodward,zgarcia@example.com,Edmonton,Alberta,2026-04-11,Bronze
C04918,Derek,Bowen,allenmichael@example.com,Edmonton,Alberta,2024-12-14,Bronze
C04919,Brandon,Hall,jeffrey40@example.com,Brampton,Ontario,2026-01-13,Bronze
C04920,Michael,Garrett,douglas97@example.org,Mississauga,Ontario,2023-02-25,Gold
C04921,Gregory,Ritter,uwhitehead@example.com,Mississauga,Ontario,2023-08-29,Bronze
C04922,Sarah,Carter,patriciawalker@example.net,Edmonton,Alberta,2025-11-06,Bronze
C04923,Stephanie,Page,danaanderson@example.com,Calgary,Alberta,2024-03-21,Bronze
C04924,Christopher,Price,colleenmeyers@example.org,Edmonton,Alberta,2022-01-30,Gold
C04925,Daniel,Anderson,udavis@example.net,Hamilton,Ontario,2025-03-24,Bronze
C04926,Javier,Palmer,icoleman@example.net,Ottawa,Ontario,2021-12-12,Bronze
C04927,Steven,Werner,jessica96@example.net,Brampton,Ontario,2022-10-05,Silver
C04928,Kevin,Evans,maryblack@example.net,Calgary,Alberta,2023-06-19,Bronze
C04929,James,Davis,david47@example.com,Mississauga,Ontario,2024-08-14,Bronze
C04930,Shannon,Butler,sandovalelizabeth@example.com,Vancouver,British Columbia,2026-05-17,Silver
C04931,Sarah,Cook,baileycarrie@example.com,Calgary,Alberta,2025-07-07,Bronze
C04932,Kristen,Garza,kim19@example.net,Hamilton,Ontario,2025-07-27,Silver
C04933,Tony,Evans,hudsonlynn@example.net,Edmonton,Alberta,2026-01-06,Silver
C04934,Harold,Avila,whitneybrown@example.com,Mississauga,Ontario,2025-11-26,Silver
C04935,Ann,Floyd,rachelbates@example.com,Toronto,Ontario,2024-04-29,Bronze
C04936,Connor,Bell,tarahobbs@example.org,Calgary,Alberta,2022-04-16,Silver
C04937,Annette,Jones,lhardy@example.net,Hamilton,Ontario,2025-09-21,Bronze
C04938,Meghan,Miller,michael50@example.com,Vancouver,British Columbia,2025-06-18,Bronze
C04939,Ryan,Davis,velezsteven@example.com,Toronto,Ontario,2022-09-16,Bronze
C04940,Andrew,Cannon,davery@example.com,Vancouver,British Columbia,2022-08-17,Silver
C04941,Nina,Odonnell,kevinboone@example.org,Brampton,Ontario,2025-03-09,Silver
C04942,Renee,Higgins,madisonpayne@example.net,Hamilton,Ontario,2025-06-11,Bronze
C04943,Shelly,Rodriguez,samantha46@example.org,Mississauga,Ontario,2024-02-02,Gold
C04944,Jennifer,Hill,gonzalezalan@example.net,Mississauga,Ontario,2023-05-06,Bronze
C04945,Antonio,Green,connor82@example.com,Hamilton,Ontario,2022-03-02,Silver
C04946,Wendy,Mitchell,katherinesantos@example.com,Brampton,Ontario,2021-12-06,Gold
C04947,Paula,Shelton,alyssagreen@example.net,Brampton,Ontario,2025-08-22,Gold
C04948,James,Miller,gabrielle54@example.org,Calgary,Alberta,2022-12-24,Bronze
C04949,Lonnie,Brady,smithchristopher@example.com,Calgary,Alberta,2021-08-09,Bronze
C04950,Dawn,Davis,wrightrobert@example.com,Hamilton,Ontario,2023-01-23,Bronze
C04951,Jessica,Hill,wlowery@example.com,Ottawa,Ontario,2021-12-16,Bronze
C04952,Patricia,Olson,williamszachary@example.net,Edmonton,Alberta,2025-10-06,Bronze
C04953,Jeffrey,Robinson,ruth55@example.org,Brampton,Ontario,2024-10-11,Bronze
C04954,Jose,Patton,blackkelsey@example.net,Ottawa,Ontario,2024-02-24,Silver
C04955,Tanya,Salinas,haydenjeremy@example.org,Mississauga,Ontario,2023-01-30,Gold
C04956,Catherine,Jordan,olsonricardo@example.com,Calgary,Alberta,2023-12-24,Bronze
C04957,Chad,Palmer,nicholas10@example.net,Ottawa,Ontario,2022-01-17,Bronze
C04958,William,Chapman,alyssa82@example.com,Brampton,Ontario,2026-05-31,Bronze
C04959,Caitlin,Lee,susan36@example.com,Toronto,Ontario,2024-06-01,Bronze
C04960,Kim,Salazar,heather01@example.org,Hamilton,Ontario,2026-04-27,Bronze
C04961,Catherine,Alvarez,rodriguezerin@example.com,Brampton,Ontario,2026-05-26,Bronze
C04962,Deborah,Page,joneskristy@example.org,Edmonton,Alberta,2025-01-14,Bronze
C04963,Thomas,Green,knightpaul@example.org,Ottawa,Ontario,2022-09-21,Silver
C04964,Sharon,Rosario,laurahayes@example.org,Ottawa,Ontario,2022-01-28,Bronze
C04965,Sandra,Pena,smallyvette@example.net,Vancouver,British Columbia,2024-09-19,Gold
C04966,Alexandra,Mccoy,ryoung@example.net,Vancouver,British Columbia,2024-12-04,Silver
C04967,John,Hayden,jonesjeffrey@example.org,Edmonton,Alberta,2024-09-15,Bronze
C04968,Sean,Gonzalez,neilyates@example.net,Edmonton,Alberta,2026-01-21,Bronze
C04969,Regina,Vance,meyerryan@example.net,Ottawa,Ontario,2025-04-24,Silver
C04970,Barbara,Keith,samantha73@example.org,Vancouver,British Columbia,2026-02-05,Bronze
C04971,Shannon,Watson,brownheather@example.net,Ottawa,Ontario,2023-03-22,Bronze
C04972,Kathleen,Hobbs,luke05@example.net,Ottawa,Ontario,2025-12-03,Silver
C04973,Becky,Weaver,ubullock@example.com,Brampton,Ontario,2023-07-27,Silver
C04974,Amanda,Hernandez,smithchristina@example.org,Brampton,Ontario,2022-03-21,Bronze
C04975,George,Ryan,jilliancox@example.org,Mississauga,Ontario,2024-09-19,Bronze
C04976,Chad,Ruiz,kenneth67@example.com,Vancouver,British Columbia,2025-07-10,Bronze
C04977,Steven,Garcia,stephaniemathis@example.org,Edmonton,Alberta,2024-05-18,Bronze
C04978,Christina,Moore,ryan60@example.com,Edmonton,Alberta,2022-12-31,Bronze
C04979,Deborah,Smith,melissalewis@example.com,Toronto,Ontario,2024-02-19,Bronze
C04980,Daniel,Bennett,mpayne@example.net,Edmonton,Alberta,2022-07-28,Bronze
C04981,Daniel,Peck,amy71@example.com,Toronto,Ontario,2025-05-17,Gold
C04982,Amanda,Wheeler,brittany79@example.net,Ottawa,Ontario,2024-03-01,Bronze
C04983,Ashlee,Mathews,juliewallace@example.com,Brampton,Ontario,2022-10-30,Bronze
C04984,Andrew,Summers,cynthia80@example.org,Vancouver,British Columbia,2025-01-11,Silver
C04985,Rhonda,Collins,juliaforbes@example.com,Vancouver,British Columbia,2026-01-05,Silver
C04986,Kevin,Walker,campbellerik@example.org,Edmonton,Alberta,2024-07-23,Bronze
C04987,Amy,Evans,zshea@example.com,Mississauga,Ontario,2026-01-09,Bronze
C04988,Daniel,Bell,jparks@example.com,Ottawa,Ontario,2021-09-08,Gold
C04989,Heidi,Smith,ruizdiane@example.net,Vancouver,British Columbia,2024-11-24,Silver
C04990,Gregory,White,grahammiranda@example.com,Calgary,Alberta,2025-10-23,Bronze
C04991,Brenda,Rodriguez,woodmichelle@example.org,Vancouver,British Columbia,2021-09-27,Silver
C04992,Michael,Guzman,james04@example.net,Toronto,Ontario,2022-09-15,Silver
C04993,Christina,Robinson,gwerner@example.com,Toronto,Ontario,2021-10-07,Bronze
C04994,James,Doyle,johnsonwilliam@example.org,Hamilton,Ontario,2025-01-17,Bronze
C04995,Stephanie,Boyd,matthew91@example.com,Edmonton,Alberta,2026-04-14,Bronze
C04996,Joshua,Clayton,sarah03@example.org,Calgary,Alberta,2021-08-19,Bronze
C04997,Melinda,Horn,millerphillip@example.net,Toronto,Ontario,2023-03-16,Bronze
C04998,Holly,Clark,heather24@example.com,Mississauga,Ontario,2022-04-26,Silver
C04999,Lynn,Cook,sarahwhite@example.net,Toronto,Ontario,2026-06-15,Bronze
C05000,Noah,Jones,derrickwallace@example.com,Vancouver,British Columbia,2026-02-12,Bronze
C05001,Adam,Wade,hendersondaniel@example.com,Vancouver,British Columbia,2023-06-19,Bronze
C05002,James,Davila,janice25@example.com,Vancouver,British Columbia,2025-06-21,Gold
C05003,Kelly,Fleming,brandonlong@example.org,Vancouver,British Columbia,2022-02-26,Bronze
C05004,Vanessa,Cannon,seth40@example.net,Mississauga,Ontario,2024-02-15,Bronze
C05005,Daniel,Wade,pclark@example.net,Mississauga,Ontario,2021-10-27,Silver
C05006,Jeremy,Lopez,peterwalters@example.org,Brampton,Ontario,2025-09-05,Bronze
C05007,Diana,Smith,ugonzalez@example.net,Vancouver,British Columbia,2021-12-02,Silver
C05008,Sarah,White,aliciacooper@example.org,Brampton,Ontario,2022-02-26,Bronze
C05009,Stacie,Ramirez,xfitzgerald@example.net,Hamilton,Ontario,2024-05-07,Silver
C05010,Robert,Martin,john55@example.org,Toronto,Ontario,2023-08-21,Bronze
C05011,Joseph,Rivera,victoria06@example.com,Brampton,Ontario,2022-08-17,Bronze
C05012,Sheila,Shaffer,ralph58@example.org,Hamilton,Ontario,2022-09-09,Bronze
C05013,Jonathan,Wood,angela26@example.com,Brampton,Ontario,2021-12-04,Bronze
C05014,Rachel,Huynh,yoderjulie@example.net,Hamilton,Ontario,2023-10-10,Bronze
C05015,Cody,Tapia,jennarobertson@example.net,Calgary,Alberta,2021-09-14,Bronze
C05016,Kristi,Rodriguez,deleonnicholas@example.com,Mississauga,Ontario,2025-07-04,Bronze
C05017,Lauren,Harris,chale@example.com,Edmonton,Alberta,2026-04-17,Bronze
C05018,Heather,Scott,sthomas@example.com,Toronto,Ontario,2022-01-26,Silver
C05019,William,Washington,stephanie33@example.net,Ottawa,Ontario,2026-04-04,Silver
C05020,Randy,Cole,hlam@example.org,Ottawa,Ontario,2022-01-11,Bronze
C05021,Christopher,Olson,frances66@example.net,Toronto,Ontario,2023-11-04,Gold
C05022,Sarah,Griffin,mackpamela@example.net,Calgary,Alberta,2024-01-06,Bronze
C05023,Kendra,Ashley,wschultz@example.net,Edmonton,Alberta,2022-02-17,Silver
C05024,Christopher,Powell,yfriedman@example.net,Calgary,Alberta,2023-10-12,Bronze
C05025,Lisa,Dudley,fosterlindsey@example.org,Edmonton,Alberta,2024-02-06,Bronze
C05026,Marcus,Jennings,mercadomichael@example.com,Hamilton,Ontario,2024-05-15,Bronze
C05027,Benjamin,Santiago,paula39@example.org,Edmonton,Alberta,2022-01-20,Silver
C05028,Robert,Shepard,wnixon@example.org,Toronto,Ontario,2023-05-11,Bronze
C05029,Matthew,Mahoney,carly48@example.net,Vancouver,British Columbia,2024-05-10,Bronze
C05030,Nicholas,Matthews,rickystephenson@example.net,Calgary,Alberta,2026-05-19,Silver
C05031,Natalie,Robertson,deanholly@example.com,Brampton,Ontario,2022-08-01,Bronze
C05032,Ashley,Guzman,bryan43@example.com,Vancouver,British Columbia,2022-01-15,Silver
C05033,Aaron,Thomas,ruizchristopher@example.com,Brampton,Ontario,2024-05-02,Silver
C05034,Amber,Shelton,wagneramy@example.org,Brampton,Ontario,2023-09-23,Bronze
C05035,David,Henderson,dyerstephanie@example.org,Brampton,Ontario,2021-08-25,Bronze
C05036,Mary,Davis,jody48@example.org,Mississauga,Ontario,2026-06-29,Bronze
C05037,Nathan,Ortiz,erin10@example.com,Ottawa,Ontario,2026-03-22,Silver
C05038,Rebecca,Adams,rogertran@example.org,Edmonton,Alberta,2024-06-11,Bronze
C05039,Anthony,Carlson,saundersjamie@example.net,Toronto,Ontario,2025-04-14,Silver
C05040,Maria,Jackson,joelhernandez@example.net,Brampton,Ontario,2024-08-01,Gold
C05041,John,Miller,michellescott@example.net,Edmonton,Alberta,2021-08-18,Silver
C05042,Kathleen,Donovan,aprilwheeler@example.net,Calgary,Alberta,2024-11-16,Bronze
C05043,Terri,Long,brenda21@example.net,Edmonton,Alberta,2024-10-17,Gold
C05044,Kellie,Gentry,james52@example.com,Mississauga,Ontario,2022-11-24,Gold
C05045,Melissa,Powers,qthornton@example.org,Brampton,Ontario,2026-04-09,Bronze
C05046,Mitchell,Silva,farleychristopher@example.com,Mississauga,Ontario,2022-06-20,Bronze
C05047,Christopher,Perez,ycarson@example.org,Calgary,Alberta,2021-08-03,Bronze
C05048,Erika,Brown,lnelson@example.net,Hamilton,Ontario,2025-12-10,Bronze
C05049,Emily,Douglas,klopez@example.net,Toronto,Ontario,2024-01-25,Bronze
C05050,Monique,Stone,christopher68@example.com,Calgary,Alberta,2025-07-30,Bronze
C05051,Jon,Sanchez,pwhite@example.com,Calgary,Alberta,2025-01-16,Silver
C05052,Regina,Thomas,masonmegan@example.net,Ottawa,Ontario,2021-12-21,Bronze
C05053,Michael,Webster,banksanne@example.org,Hamilton,Ontario,2023-09-30,Bronze
C05054,Stacy,Walsh,heidi93@example.org,Calgary,Alberta,2024-06-20,Silver
C05055,Mary,Scott,patrickmoon@example.com,Edmonton,Alberta,2022-11-13,Silver
C05056,Dan,Graves,lmiller@example.net,Hamilton,Ontario,2024-03-24,Silver
C05057,Kathryn,Valentine,davislaura@example.com,Calgary,Alberta,2022-01-10,Gold
C05058,Alex,Jackson,berryclaire@example.org,Brampton,Ontario,2023-02-02,Gold
C05059,Candice,Nicholson,shieldsemily@example.com,Edmonton,Alberta,2023-01-02,Silver
C05060,April,Lyons,colechandler@example.org,Toronto,Ontario,2026-07-16,Bronze
C05061,Jonathan,Marsh,williamsmith@example.net,Edmonton,Alberta,2026-06-12,Bronze
C05062,Karl,Moore,michael33@example.net,Brampton,Ontario,2025-09-23,Gold
C05063,Lisa,Trevino,ryan30@example.net,Ottawa,Ontario,2023-12-27,Bronze
C05064,Maria,Skinner,james98@example.net,Calgary,Alberta,2022-12-07,Silver
C05065,Pamela,Gay,terryjennings@example.org,Edmonton,Alberta,2023-12-26,Silver
C05066,Stephanie,Nielsen,iruiz@example.org,Toronto,Ontario,2022-11-29,Bronze
C05067,Jorge,Kim,dsantana@example.net,Hamilton,Ontario,2024-06-07,Bronze
C05068,Christopher,Harrison,mclaughlinangela@example.net,Mississauga,Ontario,2023-01-30,Bronze
C05069,Christopher,Smith,anthony36@example.org,Calgary,Alberta,2025-03-23,Bronze
C05070,David,Romero,hkane@example.org,Edmonton,Alberta,2023-09-23,Gold
C05071,Catherine,Lopez,michael14@example.net,Edmonton,Alberta,2022-05-19,Silver
C05072,Mary,Chavez,ewilliams@example.com,Vancouver,British Columbia,2024-03-26,Bronze
C05073,Charles,Lee,steven90@example.org,Brampton,Ontario,2025-07-16,Bronze
C05074,Timothy,Garcia,rvelasquez@example.net,Vancouver,British Columbia,2022-02-16,Bronze
C05075,Kristen,Simon,justin83@example.org,Edmonton,Alberta,2024-07-30,Bronze
C05076,Jacob,Lopez,jacobsjonathan@example.com,Toronto,Ontario,2021-08-09,Bronze
C05077,Shannon,Smith,brookejohnson@example.net,Mississauga,Ontario,2025-10-13,Bronze
C05078,Jose,James,juliethomas@example.com,Toronto,Ontario,2026-03-19,Bronze
C05079,Stephen,Morgan,zstuart@example.net,Vancouver,British Columbia,2024-12-15,Gold
C05080,Collin,Carrillo,cathybeck@example.com,Brampton,Ontario,2021-11-17,Bronze
C05081,Rebecca,Villarreal,glen62@example.com,Toronto,Ontario,2024-05-24,Bronze
C05082,Diana,Cook,douglas81@example.net,Mississauga,Ontario,2022-02-26,Bronze
C05083,Jesse,Clark,lyonsdarren@example.org,Mississauga,Ontario,2023-03-02,Gold
C05084,Lisa,Moran,amanda61@example.org,Mississauga,Ontario,2025-11-16,Bronze
C05085,Justin,Meyer,thomas68@example.net,Toronto,Ontario,2025-12-15,Bronze
C05086,George,Williams,donnaarroyo@example.net,Edmonton,Alberta,2023-07-31,Silver
C05087,Vanessa,Simmons,jerrystone@example.org,Hamilton,Ontario,2026-02-15,Silver
C05088,Sarah,Gutierrez,fwilcox@example.com,Toronto,Ontario,2022-10-04,Silver
C05089,Gary,Davis,dorothy54@example.com,Ottawa,Ontario,2021-07-28,Bronze
C05090,Mark,Mcintosh,rshah@example.com,Hamilton,Ontario,2024-05-23,Silver
C05091,Charles,Lewis,vhenderson@example.com,Toronto,Ontario,2025-09-27,Bronze
C05092,Robin,Green,erivera@example.com,Toronto,Ontario,2024-07-27,Silver
C05093,Sean,Becker,bonillachris@example.net,Vancouver,British Columbia,2023-10-18,Bronze
C05094,Katherine,Walker,dayian@example.com,Brampton,Ontario,2024-05-20,Bronze
C05095,Brittney,Huang,tamaracooper@example.org,Vancouver,British Columbia,2024-07-16,Bronze
C05096,Jeffery,Martinez,george96@example.net,Mississauga,Ontario,2023-06-17,Bronze
C05097,Heidi,Lawrence,cameron39@example.org,Ottawa,Ontario,2023-04-16,Bronze
C05098,Kenneth,Roberson,hdavis@example.org,Hamilton,Ontario,2025-09-09,Bronze
C05099,Ronald,Hudson,qstevens@example.com,Ottawa,Ontario,2025-11-21,Bronze
C05100,Gordon,Cook,erikfrost@example.net,Edmonton,Alberta,2022-04-18,Bronze
C05101,Savannah,Elliott,stephaniebaker@example.org,Edmonton,Alberta,2025-10-29,Bronze
C05102,Robert,Lopez,angelagarcia@example.com,Edmonton,Alberta,2022-04-23,Silver
C05103,David,Fuentes,aguilarlori@example.org,Mississauga,Ontario,2024-09-21,Bronze
C05104,Elizabeth,Moreno,uperry@example.com,Edmonton,Alberta,2021-12-22,Silver
C05105,Joann,Martin,watkinsmatthew@example.com,Vancouver,British Columbia,2023-07-28,Silver
C05106,Christopher,Ryan,psims@example.net,Hamilton,Ontario,2022-01-12,Bronze
C05107,Christina,Hill,catherine50@example.org,Edmonton,Alberta,2023-05-10,Silver
C05108,Randy,Powell,victor69@example.org,Brampton,Ontario,2025-04-17,Bronze
C05109,Ana,Dean,weavereric@example.com,Hamilton,Ontario,2024-09-13,Bronze
C05110,James,Hudson,mcgeestacie@example.com,Calgary,Alberta,2022-11-15,Bronze
C05111,Raymond,Moore,robertswendy@example.com,Vancouver,British Columbia,2021-08-03,Silver
C05112,Christopher,Rivera,vjones@example.net,Hamilton,Ontario,2024-04-12,Gold
C05113,Sarah,Palmer,mitchelljocelyn@example.com,Vancouver,British Columbia,2023-07-10,Bronze
C05114,Steven,Smith,richard73@example.com,Ottawa,Ontario,2024-10-04,Gold
C05115,Jim,Rios,christopherchen@example.com,Toronto,Ontario,2022-11-12,Bronze
C05116,John,Campbell,michelle03@example.com,Hamilton,Ontario,2022-04-02,Silver
C05117,Stephen,Miller,dsullivan@example.net,Calgary,Alberta,2023-07-21,Bronze
C05118,Travis,Joseph,lwest@example.com,Vancouver,British Columbia,2024-02-23,Bronze
C05119,Matthew,Torres,mitchell70@example.net,Toronto,Ontario,2024-02-11,Silver
C05120,Kristin,Hunter,jacobjohnson@example.net,Mississauga,Ontario,2023-03-28,Bronze
C05121,Jenna,Pennington,ubird@example.com,Edmonton,Alberta,2023-08-03,Bronze
C05122,Steven,Thompson,williamsjeffrey@example.com,Vancouver,British Columbia,2024-02-19,Gold
C05123,Jared,Carroll,fsweeney@example.net,Hamilton,Ontario,2025-05-20,Bronze
C05124,Adam,Yu,savagemichael@example.net,Calgary,Alberta,2025-02-15,Gold
C05125,Karen,Gonzales,stewartpaul@example.com,Hamilton,Ontario,2023-08-24,Silver
C05126,Billy,Hill,nguyenwilliam@example.net,Calgary,Alberta,2026-04-11,Bronze
C05127,Mark,Mullen,crawfordjames@example.net,Edmonton,Alberta,2026-02-18,Silver
C05128,Andrea,Cummings,bakergregg@example.org,Mississauga,Ontario,2021-12-31,Bronze
C05129,Aaron,Rodriguez,paulhaney@example.org,Edmonton,Alberta,2024-10-29,Silver
C05130,Scott,Bradshaw,jeffersonalexandra@example.com,Calgary,Alberta,2022-09-03,Silver
C05131,Charles,Collins,david24@example.org,Edmonton,Alberta,2025-01-05,Bronze
C05132,Stephen,Dickerson,kempbenjamin@example.net,Ottawa,Ontario,2022-07-12,Bronze
C05133,Mitchell,Todd,mooreryan@example.com,Brampton,Ontario,2026-04-17,Bronze
C05134,Alexander,Baxter,thomas91@example.org,Hamilton,Ontario,2024-09-19,Bronze
C05135,Clayton,Warner,hyoung@example.org,Calgary,Alberta,2025-10-21,Bronze
C05136,Kristin,Mcdonald,cindy19@example.org,Mississauga,Ontario,2025-06-23,Gold
C05137,Dillon,Blair,glennjames@example.org,Edmonton,Alberta,2025-04-25,Gold
C05138,Debra,Doyle,leeshane@example.net,Mississauga,Ontario,2023-01-17,Bronze
C05139,Raymond,Welch,lancegraham@example.org,Ottawa,Ontario,2021-12-10,Bronze
C05140,George,Villa,megan36@example.net,Vancouver,British Columbia,2026-02-16,Bronze
C05141,Kristen,Miller,alexanderortiz@example.org,Mississauga,Ontario,2022-11-09,Bronze
C05142,Stephanie,Lozano,tanya02@example.net,Ottawa,Ontario,2024-07-07,Bronze
C05143,Gabriel,Fuller,pbender@example.org,Mississauga,Ontario,2022-03-13,Bronze
C05144,Chelsea,Allen,elizabeth26@example.net,Toronto,Ontario,2025-08-28,Silver
C05145,Edward,Howard,megan52@example.net,Hamilton,Ontario,2022-07-01,Bronze
C05146,Joshua,Dalton,samanthareid@example.org,Edmonton,Alberta,2024-07-20,Bronze
C05147,Natasha,Riggs,eclark@example.net,Edmonton,Alberta,2022-01-29,Bronze
C05148,Jeremy,Nunez,valerie28@example.org,Brampton,Ontario,2024-12-04,Bronze
C05149,Anthony,Stafford,hamiltonmichael@example.org,Edmonton,Alberta,2026-01-26,Bronze
C05150,Kyle,Reed,mirandasteven@example.com,Calgary,Alberta,2023-08-01,Bronze
C05151,Carlos,Mcdaniel,wallssylvia@example.org,Mississauga,Ontario,2022-08-21,Gold
C05152,Jamie,Carroll,sanchezjessica@example.net,Toronto,Ontario,2026-05-07,Bronze
C05153,Ashley,Mccoy,hlogan@example.com,Ottawa,Ontario,2023-10-12,Silver
C05154,Travis,Adams,robertsonkenneth@example.com,Vancouver,British Columbia,2026-07-18,Bronze
C05155,Michael,Weber,clarkedaniel@example.net,Brampton,Ontario,2025-11-04,Bronze
C05156,Frances,Neal,flynnjoel@example.com,Edmonton,Alberta,2023-08-24,Bronze
C05157,James,Garza,stephen81@example.net,Ottawa,Ontario,2024-03-29,Bronze
C05158,Scott,Nixon,james68@example.org,Toronto,Ontario,2025-05-25,Silver
C05159,Jessica,Vargas,erivera@example.org,Edmonton,Alberta,2022-03-04,Gold
C05160,Elizabeth,Greer,ivilla@example.net,Edmonton,Alberta,2024-10-09,Silver
C05161,Julie,Velasquez,bdyer@example.net,Hamilton,Ontario,2022-04-08,Silver
C05162,Martin,Moon,larsentroy@example.org,Toronto,Ontario,2025-12-01,Bronze
C05163,Blake,Miller,garrisonrebecca@example.org,Brampton,Ontario,2024-12-18,Bronze
C05164,Tonya,Lowery,ghernandez@example.com,Hamilton,Ontario,2025-06-17,Bronze
C05165,Joel,Mitchell,susan16@example.com,Vancouver,British Columbia,2024-10-07,Bronze
C05166,Sarah,Beard,richard10@example.com,Hamilton,Ontario,2026-02-07,Gold
C05167,Scott,Gilbert,martin45@example.com,Calgary,Alberta,2023-09-15,Bronze
C05168,Brandy,Houston,ybell@example.org,Ottawa,Ontario,2022-08-30,Silver
C05169,Christopher,Mercer,clinton20@example.net,Brampton,Ontario,2021-08-01,Bronze
C05170,Sydney,Anthony,hoodjesse@example.org,Calgary,Alberta,2023-02-10,Silver
C05171,Samuel,Jackson,rfoster@example.com,Ottawa,Ontario,2026-05-25,Gold
C05172,Jennifer,Gonzalez,allendaniel@example.com,Toronto,Ontario,2026-01-10,Silver
C05173,Kathryn,Hall,elizabeth63@example.org,Calgary,Alberta,2021-08-14,Bronze
C05174,Michael,Johnson,kelly12@example.org,Toronto,Ontario,2024-08-26,Silver
C05175,Monica,Cooley,sarah64@example.com,Mississauga,Ontario,2026-01-07,Silver
C05176,Jennifer,Perez,cruzchad@example.com,Toronto,Ontario,2026-06-27,Bronze
C05177,Eric,Salazar,jacobstimothy@example.com,Ottawa,Ontario,2024-11-02,Silver
C05178,Stephen,Turner,philiphernandez@example.org,Edmonton,Alberta,2024-08-14,Bronze
C05179,Anthony,Reynolds,barbarawright@example.net,Hamilton,Ontario,2023-08-11,Silver
C05180,Robert,Cochran,jose70@example.org,Brampton,Ontario,2022-05-18,Bronze
C05181,Tammy,Schmidt,troy63@example.com,Toronto,Ontario,2023-02-15,Silver
C05182,Scott,Crawford,jennifercrawford@example.org,Calgary,Alberta,2022-09-06,Bronze
C05183,Kevin,Hall,katie20@example.org,Vancouver,British Columbia,2022-12-06,Silver
C05184,Michelle,Medina,berrybrian@example.org,Hamilton,Ontario,2021-10-27,Silver
C05185,Lori,Weber,deniseware@example.net,Mississauga,Ontario,2024-01-06,Bronze
C05186,Chris,Thomas,parkermartin@example.org,Calgary,Alberta,2024-11-25,Silver
C05187,Suzanne,Wade,brittanyhernandez@example.com,Calgary,Alberta,2025-06-19,Silver
C05188,Tyler,Lowery,tracyperez@example.com,Calgary,Alberta,2023-05-04,Silver
C05189,Nichole,Rodriguez,molinadonna@example.net,Hamilton,Ontario,2025-06-27,Bronze
C05190,Paula,Brady,uknox@example.org,Brampton,Ontario,2023-07-22,Silver
C05191,Mary,Cook,dhurst@example.net,Calgary,Alberta,2023-11-13,Bronze
C05192,Sarah,Andrews,scott16@example.net,Calgary,Alberta,2022-04-01,Bronze
C05193,Nicole,Wright,moodychris@example.net,Mississauga,Ontario,2022-02-13,Silver
C05194,Melanie,Ortiz,owenssarah@example.net,Brampton,Ontario,2025-04-08,Silver
C05195,Debra,Kemp,michaeljones@example.org,Vancouver,British Columbia,2024-03-14,Gold
C05196,Elizabeth,Logan,ethan56@example.com,Vancouver,British Columbia,2025-01-10,Gold
C05197,Albert,Avila,perkinssheryl@example.org,Calgary,Alberta,2026-05-30,Bronze
C05198,April,Brown,leslie54@example.net,Calgary,Alberta,2021-12-08,Bronze
C05199,Christopher,Nielsen,denisefuentes@example.com,Mississauga,Ontario,2022-02-14,Silver
C05200,Robin,Harper,boydsally@example.org,Calgary,Alberta,2024-08-26,Bronze
C05201,John,Drake,allisonpeterson@example.org,Mississauga,Ontario,2022-10-16,Bronze
C05202,Kelly,Moore,tperkins@example.net,Edmonton,Alberta,2026-04-25,Silver
C05203,Justin,Warren,aprilbowman@example.net,Brampton,Ontario,2022-05-15,Bronze
C05204,Robert,Ramos,joseph05@example.org,Toronto,Ontario,2025-06-13,Bronze
C05205,Joshua,Jones,aarondavis@example.net,Vancouver,British Columbia,2022-11-04,Bronze
C05206,Dominique,Edwards,bcole@example.net,Brampton,Ontario,2022-05-15,Gold
C05207,Joseph,Hunter,michaellivingston@example.org,Brampton,Ontario,2023-07-18,Bronze
C05208,Jeff,Nguyen,wilsonnancy@example.org,Brampton,Ontario,2024-04-23,Bronze
C05209,Steven,Reynolds,lisa26@example.com,Hamilton,Ontario,2023-12-12,Gold
C05210,Stephanie,White,rodneyadams@example.com,Toronto,Ontario,2022-10-14,Silver
C05211,Ann,Garrett,elizabeth30@example.org,Ottawa,Ontario,2025-07-31,Bronze
C05212,Christine,Ellis,qbrock@example.org,Hamilton,Ontario,2022-06-27,Bronze
C05213,Wesley,Hurst,ryan88@example.net,Edmonton,Alberta,2023-08-06,Bronze
C05214,Lori,Johnson,maria62@example.net,Calgary,Alberta,2022-10-02,Bronze
C05215,Sarah,Grimes,carsondavid@example.net,Hamilton,Ontario,2022-01-29,Bronze
C05216,Brian,Patrick,amy99@example.net,Hamilton,Ontario,2026-04-20,Silver
C05217,Stephen,Jenkins,myersjessica@example.net,Ottawa,Ontario,2024-12-22,Bronze
C05218,Megan,Gomez,kevin64@example.org,Mississauga,Ontario,2024-10-23,Silver
C05219,Sally,Martinez,xwilliams@example.net,Hamilton,Ontario,2024-03-15,Bronze
C05220,Ernest,Pittman,shirleybenson@example.org,Hamilton,Ontario,2024-10-29,Bronze
C05221,Dana,Burke,charlenebell@example.org,Edmonton,Alberta,2024-03-05,Bronze
C05222,Jamie,Brown,iobrien@example.org,Mississauga,Ontario,2026-04-02,Gold
C05223,Hunter,Johnson,qmartinez@example.net,Hamilton,Ontario,2026-05-21,Silver
C05224,Mark,Glass,athomas@example.net,Ottawa,Ontario,2024-11-27,Gold
C05225,Kathy,Glover,ruizsherri@example.net,Mississauga,Ontario,2026-05-10,Silver
C05226,Erica,Torres,walkerjose@example.com,Hamilton,Ontario,2024-07-14,Bronze
C05227,Brittany,Summers,rebeccabarnes@example.org,Edmonton,Alberta,2023-10-19,Bronze
C05228,Wendy,Martinez,charlessteven@example.org,Mississauga,Ontario,2025-02-22,Silver
C05229,Michael,Black,catherine68@example.org,Calgary,Alberta,2021-09-23,Silver
C05230,Katie,Wang,denise49@example.org,Brampton,Ontario,2023-06-30,Bronze
C05231,Jamie,Sawyer,christinaferguson@example.org,Ottawa,Ontario,2026-06-28,Bronze
C05232,Antonio,Ward,tclark@example.com,Mississauga,Ontario,2022-09-19,Bronze
C05233,Brian,Kaufman,jbutler@example.org,Mississauga,Ontario,2023-01-25,Gold
C05234,Mike,Coleman,bryantrebecca@example.org,Brampton,Ontario,2023-01-29,Silver
C05235,Courtney,Evans,xhicks@example.org,Toronto,Ontario,2025-09-02,Bronze
C05236,Brian,Burgess,jennifer28@example.net,Brampton,Ontario,2025-03-27,Bronze
C05237,Robert,Atkins,katrina33@example.net,Edmonton,Alberta,2022-02-22,Silver
C05238,Vickie,Sanchez,kimberlypatel@example.com,Ottawa,Ontario,2022-09-15,Silver
C05239,Carrie,Martinez,michellewashington@example.org,Hamilton,Ontario,2024-05-06,Silver
C05240,Luis,Reed,wandapatel@example.com,Vancouver,British Columbia,2025-06-19,Silver
C05241,Elizabeth,Velazquez,isaiahbryant@example.net,Vancouver,British Columbia,2024-11-26,Bronze
C05242,Melanie,Trevino,talexander@example.com,Toronto,Ontario,2024-07-25,Bronze
C05243,Tamara,Mccullough,rodriguezmelanie@example.org,Vancouver,British Columbia,2021-11-20,Bronze
C05244,Catherine,Reyes,brookebartlett@example.com,Hamilton,Ontario,2022-02-26,Gold
C05245,Vickie,Curry,anne57@example.org,Hamilton,Ontario,2026-01-22,Bronze
C05246,Laura,Peterson,huffmanadrienne@example.com,Ottawa,Ontario,2021-09-30,Silver
C05247,Julie,Martinez,karina16@example.com,Vancouver,British Columbia,2026-06-05,Silver
C05248,Shannon,Robinson,brianmcdaniel@example.org,Mississauga,Ontario,2025-03-26,Silver
C05249,Andrew,Henderson,evansthomas@example.org,Toronto,Ontario,2026-03-08,Gold
C05250,Nancy,Malone,canthony@example.com,Edmonton,Alberta,2022-03-30,Silver
C05251,Nicole,Kim,ebarrera@example.org,Ottawa,Ontario,2022-03-11,Bronze
C05252,Madison,Dixon,jennifercrawford@example.org,Vancouver,British Columbia,2026-04-09,Silver
C05253,Matthew,Lopez,ngreen@example.org,Calgary,Alberta,2022-02-10,Silver
C05254,Joshua,Young,manningdennis@example.net,Toronto,Ontario,2023-08-14,Bronze
C05255,Michelle,Gonzalez,nparks@example.net,Edmonton,Alberta,2024-09-28,Bronze
C05256,Cindy,Shaw,faulknermichael@example.org,Brampton,Ontario,2024-06-30,Gold
C05257,Sheryl,Miller,qramos@example.net,Calgary,Alberta,2024-05-20,Bronze
C05258,Patricia,Murray,lovedawn@example.org,Calgary,Alberta,2021-10-27,Bronze
C05259,Shane,Bailey,anthonyhahn@example.org,Brampton,Ontario,2024-02-24,Silver
C05260,Christian,Walsh,cknight@example.org,Brampton,Ontario,2026-06-27,Bronze
C05261,Nathan,Brown,nallison@example.org,Brampton,Ontario,2021-12-03,Gold
C05262,Wendy,Thompson,kgrimes@example.org,Brampton,Ontario,2022-02-06,Silver
C05263,Karen,Sanders,jonathan20@example.org,Brampton,Ontario,2024-12-18,Bronze
C05264,Joshua,Gonzalez,lisachristian@example.org,Mississauga,Ontario,2025-11-15,Silver
C05265,Amanda,Wright,lee77@example.org,Ottawa,Ontario,2022-07-18,Silver
C05266,Brandi,Evans,bryantryan@example.org,Vancouver,British Columbia,2026-02-21,Bronze
C05267,Kathleen,Gordon,brendastrickland@example.com,Toronto,Ontario,2021-09-18,Silver
C05268,Guy,Cunningham,aliciagonzalez@example.com,Hamilton,Ontario,2021-12-24,Bronze
C05269,Brittany,Parker,walkerclifford@example.net,Ottawa,Ontario,2022-08-24,Bronze
C05270,Ronald,Nolan,ywoods@example.net,Edmonton,Alberta,2023-04-27,Silver
C05271,Daniel,Moore,lbeasley@example.com,Mississauga,Ontario,2023-06-17,Silver
C05272,Monica,Morton,jason90@example.org,Vancouver,British Columbia,2022-01-29,Bronze
C05273,Antonio,Kennedy,mary77@example.com,Vancouver,British Columbia,2023-05-22,Silver
C05274,Joshua,Horton,johnstonamanda@example.org,Toronto,Ontario,2022-11-04,Silver
C05275,Lance,Anderson,darrengriffin@example.com,Hamilton,Ontario,2025-05-07,Bronze
C05276,Travis,Smith,devans@example.org,Toronto,Ontario,2024-11-15,Bronze
C05277,Christopher,Gallagher,dalehicks@example.net,Ottawa,Ontario,2022-01-10,Bronze
C05278,Erica,Middleton,kathryncrawford@example.org,Hamilton,Ontario,2026-01-19,Bronze
C05279,Morgan,Pierce,petersonthomas@example.net,Edmonton,Alberta,2023-06-23,Bronze
C05280,Ashley,York,cookclayton@example.com,Mississauga,Ontario,2022-12-31,Silver
C05281,Jessica,Massey,youngsabrina@example.com,Hamilton,Ontario,2024-10-09,Bronze
C05282,Amber,Thompson,jcasey@example.net,Vancouver,British Columbia,2023-07-17,Bronze
C05283,Wayne,Wood,youngregina@example.com,Vancouver,British Columbia,2023-04-13,Silver
C05284,Ashley,Galloway,bonnie33@example.com,Hamilton,Ontario,2025-06-20,Silver
C05285,Dave,Wilson,amber48@example.net,Edmonton,Alberta,2023-12-28,Gold
C05286,Kenneth,Wallace,michael38@example.com,Hamilton,Ontario,2022-02-05,Bronze
C05287,Nathaniel,Hernandez,hawkinscasey@example.org,Toronto,Ontario,2025-06-24,Bronze
C05288,George,Cuevas,ymiles@example.net,Brampton,Ontario,2021-11-09,Bronze
C05289,Barry,Hill,geraldadams@example.net,Edmonton,Alberta,2025-11-21,Bronze
C05290,Nicholas,Finley,frenchchristopher@example.com,Edmonton,Alberta,2026-05-28,Bronze
C05291,Micheal,Elliott,michaelsmith@example.net,Vancouver,British Columbia,2024-11-23,Bronze
C05292,Christina,Bradley,sandovalgabriela@example.com,Hamilton,Ontario,2024-11-27,Bronze
C05293,Ronald,Maxwell,clinton07@example.com,Brampton,Ontario,2022-07-25,Silver
C05294,Laura,Rivera,mooreblake@example.com,Vancouver,British Columbia,2024-12-20,Bronze
C05295,Austin,Newton,mjohnson@example.org,Hamilton,Ontario,2026-06-13,Bronze
C05296,Tiffany,Terry,logan73@example.net,Toronto,Ontario,2021-09-12,Silver
C05297,Renee,Schaefer,andrew70@example.com,Vancouver,British Columbia,2026-04-29,Bronze
C05298,Teresa,Gonzalez,anthonysarah@example.com,Hamilton,Ontario,2022-11-03,Silver
C05299,Brandon,Middleton,randyhall@example.com,Calgary,Alberta,2023-05-13,Bronze
C05300,Gina,Rodriguez,tylergrant@example.com,Edmonton,Alberta,2024-09-23,Silver
C05301,Rachel,Hart,maryking@example.org,Hamilton,Ontario,2022-07-09,Silver
C05302,David,Cruz,jerry06@example.com,Edmonton,Alberta,2026-07-26,Bronze
C05303,Donna,Wiley,andrea37@example.net,Toronto,Ontario,2025-07-16,Silver
C05304,Kyle,Gill,roserussell@example.org,Brampton,Ontario,2023-06-19,Silver
C05305,Andrew,Day,scottoscar@example.com,Calgary,Alberta,2022-05-23,Silver
C05306,Jeffrey,Howe,millerkatherine@example.net,Vancouver,British Columbia,2022-04-30,Silver
C05307,Eric,Michael,ggarcia@example.org,Toronto,Ontario,2026-03-04,Silver
C05308,Michael,Miller,cherylweaver@example.org,Mississauga,Ontario,2022-04-21,Silver
C05309,Rhonda,Woods,markallen@example.org,Toronto,Ontario,2024-02-06,Silver
C05310,Justin,Scott,millermatthew@example.org,Edmonton,Alberta,2025-11-23,Bronze
C05311,Alyssa,Harper,atkinsonjennifer@example.com,Ottawa,Ontario,2024-04-28,Bronze
C05312,Deborah,Mcdonald,calderonkaitlyn@example.com,Edmonton,Alberta,2024-09-25,Silver
C05313,Joseph,Ferguson,fsmith@example.com,Ottawa,Ontario,2026-02-08,Bronze
C05314,Amber,Thornton,ccooper@example.org,Brampton,Ontario,2022-07-13,Bronze
C05315,Leah,Carroll,chanjessica@example.com,Hamilton,Ontario,2023-09-26,Gold
C05316,Jeffrey,Gregory,taylorjill@example.org,Brampton,Ontario,2023-05-21,Bronze
C05317,Kristina,Callahan,ross40@example.net,Ottawa,Ontario,2023-02-06,Bronze
C05318,Wendy,Taylor,codygill@example.net,Mississauga,Ontario,2023-03-03,Bronze
C05319,William,Parker,erikarobinson@example.com,Hamilton,Ontario,2022-01-17,Bronze
C05320,Tiffany,Bond,richardrosales@example.org,Toronto,Ontario,2022-02-07,Silver
C05321,Tara,Miranda,qjensen@example.org,Mississauga,Ontario,2023-01-05,Bronze
C05322,Randall,Henderson,cindy06@example.com,Hamilton,Ontario,2023-05-30,Bronze
C05323,Sara,Green,thicks@example.net,Mississauga,Ontario,2023-01-15,Bronze
C05324,Stephanie,Willis,jonesemily@example.com,Toronto,Ontario,2025-01-21,Silver
C05325,Susan,Harrison,millerjacob@example.com,Calgary,Alberta,2023-12-22,Bronze
C05326,Mckenzie,Gonzalez,nicholsaaron@example.com,Mississauga,Ontario,2023-03-01,Bronze
C05327,Krista,Pacheco,elizabethgonzalez@example.com,Hamilton,Ontario,2023-11-22,Bronze
C05328,William,Frank,tiffany88@example.net,Brampton,Ontario,2023-06-08,Gold
C05329,Matthew,Harris,aaron67@example.net,Ottawa,Ontario,2024-09-22,Bronze
C05330,Wendy,Scott,lindahamilton@example.org,Toronto,Ontario,2022-10-14,Bronze
C05331,Stacy,Chen,hgreen@example.org,Vancouver,British Columbia,2025-11-30,Silver
C05332,Jeanette,White,lopezrebecca@example.com,Toronto,Ontario,2024-03-23,Bronze
C05333,Robert,Morales,mgraham@example.org,Calgary,Alberta,2024-05-04,Bronze
C05334,Matthew,Todd,myersmatthew@example.net,Calgary,Alberta,2022-08-12,Bronze
C05335,Miguel,Brown,markrodriguez@example.com,Hamilton,Ontario,2021-10-24,Bronze
C05336,Reginald,Duran,reyestonya@example.com,Calgary,Alberta,2025-03-26,Bronze
C05337,Timothy,Garcia,qharris@example.com,Mississauga,Ontario,2021-08-04,Bronze
C05338,Hunter,Brown,katiebeck@example.org,Ottawa,Ontario,2024-08-21,Gold
C05339,Scott,Vargas,kristygarcia@example.org,Ottawa,Ontario,2023-01-16,Bronze
C05340,Joshua,Burgess,mhatfield@example.com,Hamilton,Ontario,2024-10-10,Bronze
C05341,Susan,Lewis,oboyd@example.com,Mississauga,Ontario,2024-04-28,Bronze
C05342,Sherry,Vaughan,brownshawn@example.com,Mississauga,Ontario,2025-05-11,Bronze
C05343,Jeffrey,Mills,castrovirginia@example.com,Mississauga,Ontario,2023-02-25,Silver
C05344,Paul,Ramirez,knoxcarolyn@example.com,Edmonton,Alberta,2023-09-09,Bronze
C05345,Casey,Johnson,peter73@example.org,Vancouver,British Columbia,2024-07-29,Bronze
C05346,Alexander,Stephens,donald41@example.net,Toronto,Ontario,2023-02-01,Bronze
C05347,Rachel,White,upatterson@example.com,Vancouver,British Columbia,2025-03-08,Silver
C05348,Paul,Brown,rebecca68@example.org,Hamilton,Ontario,2021-08-02,Bronze
C05349,Robert,Page,esparzalawrence@example.org,Hamilton,Ontario,2025-12-23,Bronze
C05350,Mary,Conley,davisjacob@example.net,Vancouver,British Columbia,2021-11-30,Silver
C05351,Luke,Parker,torressteven@example.net,Toronto,Ontario,2024-09-01,Silver
C05352,April,Barnett,eric25@example.org,Toronto,Ontario,2025-09-10,Bronze
C05353,Samuel,Forbes,mary28@example.com,Vancouver,British Columbia,2025-05-29,Bronze
C05354,Marc,Adams,michael47@example.net,Calgary,Alberta,2026-06-16,Bronze
C05355,James,Reyes,jacksonangela@example.net,Calgary,Alberta,2024-10-22,Bronze
C05356,Nicole,Figueroa,christineorozco@example.net,Mississauga,Ontario,2025-04-21,Bronze
C05357,Stacy,Griffin,browncatherine@example.com,Mississauga,Ontario,2022-10-13,Silver
C05358,Sara,Schultz,brittanyanderson@example.org,Edmonton,Alberta,2023-01-27,Bronze
C05359,Kimberly,Ortiz,brandi92@example.com,Calgary,Alberta,2026-06-11,Silver
C05360,Steven,Christensen,adkinsmarcus@example.org,Mississauga,Ontario,2021-08-22,Bronze
C05361,Nancy,Nichols,phamchristopher@example.com,Mississauga,Ontario,2023-09-08,Bronze
C05362,Ashley,Mejia,brandon02@example.com,Mississauga,Ontario,2025-09-04,Bronze
C05363,Shannon,Munoz,andreabarker@example.org,Ottawa,Ontario,2025-09-26,Gold
C05364,Kenneth,Turner,bruceluis@example.net,Toronto,Ontario,2022-10-20,Silver
C05365,Deborah,Williams,randolphteresa@example.org,Ottawa,Ontario,2023-01-20,Bronze
C05366,Dawn,Park,smithbecky@example.com,Toronto,Ontario,2022-03-19,Bronze
C05367,Brian,Smith,brandon06@example.org,Toronto,Ontario,2023-01-08,Bronze
C05368,Joseph,Stephens,heather55@example.org,Brampton,Ontario,2023-06-28,Bronze
C05369,James,Simon,hgray@example.net,Hamilton,Ontario,2024-02-28,Bronze
C05370,James,Armstrong,tracysalinas@example.org,Mississauga,Ontario,2024-04-11,Silver
C05371,Tamara,Parker,rodneyjohnson@example.com,Edmonton,Alberta,2024-03-14,Bronze
C05372,Sean,Richmond,catherine57@example.org,Hamilton,Ontario,2024-03-29,Silver
C05373,Isaiah,Davis,xjones@example.com,Calgary,Alberta,2024-12-08,Silver
C05374,Catherine,Thompson,ejohnson@example.com,Vancouver,British Columbia,2024-11-20,Gold
C05375,Andre,Mclean,mollypeters@example.org,Mississauga,Ontario,2024-05-20,Bronze
C05376,Bradley,Wolfe,stephanie27@example.net,Ottawa,Ontario,2025-12-27,Bronze
C05377,Carly,Newton,jacksonalexander@example.net,Ottawa,Ontario,2023-01-20,Bronze
C05378,Heather,Murphy,mfitzpatrick@example.net,Edmonton,Alberta,2021-09-25,Gold
C05379,Heather,Martinez,arthur25@example.net,Toronto,Ontario,2025-01-27,Bronze
C05380,Edward,Reyes,taylorwolfe@example.net,Ottawa,Ontario,2024-09-12,Bronze
C05381,Kristina,Gibbs,andrew11@example.com,Edmonton,Alberta,2026-06-01,Bronze
C05382,Michael,Wilson,tammyburton@example.com,Edmonton,Alberta,2024-12-29,Silver
C05383,Kenneth,Anderson,gruiz@example.com,Vancouver,British Columbia,2023-03-09,Bronze
C05384,Nicole,Li,lynn09@example.net,Hamilton,Ontario,2022-03-15,Gold
C05385,Bradley,Davis,dananelson@example.com,Mississauga,Ontario,2024-12-23,Silver
C05386,Jenny,Kerr,frank48@example.org,Calgary,Alberta,2023-03-03,Bronze
C05387,Anthony,Matthews,morganlaura@example.net,Brampton,Ontario,2023-02-14,Silver
C05388,Carl,Sanchez,msmith@example.com,Ottawa,Ontario,2023-01-29,Bronze
C05389,James,Jensen,deborah67@example.org,Brampton,Ontario,2022-09-07,Gold
C05390,Michelle,Dixon,destiny07@example.com,Calgary,Alberta,2025-07-31,Gold
C05391,Kelsey,Hernandez,janet86@example.org,Vancouver,British Columbia,2023-06-04,Silver
C05392,Jimmy,Cook,byoung@example.com,Vancouver,British Columbia,2023-04-07,Bronze
C05393,Kimberly,Rodriguez,qthomas@example.org,Brampton,Ontario,2024-02-16,Gold
C05394,Kyle,Peterson,michele53@example.com,Vancouver,British Columbia,2024-04-12,Gold
C05395,Melissa,Pope,karengomez@example.org,Toronto,Ontario,2026-01-24,Silver
C05396,Patrick,Michael,renee68@example.net,Edmonton,Alberta,2022-04-05,Silver
C05397,Lori,Gonzalez,brian66@example.com,Calgary,Alberta,2025-07-18,Bronze
C05398,Melissa,Johnson,benjamin52@example.com,Calgary,Alberta,2025-02-22,Silver
C05399,Robert,Collins,paulharmon@example.net,Brampton,Ontario,2025-08-23,Bronze
C05400,Brian,Davis,danielleblair@example.org,Hamilton,Ontario,2023-10-06,Silver
C05401,Laura,Nelson,ycrawford@example.com,Hamilton,Ontario,2023-02-22,Bronze
C05402,Kristin,Reed,smithalex@example.com,Toronto,Ontario,2023-10-15,Bronze
C05403,Katie,Lewis,dillonsoto@example.net,Calgary,Alberta,2025-06-26,Silver
C05404,Catherine,Carey,jennycook@example.org,Hamilton,Ontario,2026-04-01,Bronze
C05405,Jonathan,Horn,lwatkins@example.net,Brampton,Ontario,2022-02-17,Bronze
C05406,Rhonda,Sharp,awilson@example.org,Vancouver,British Columbia,2023-01-20,Silver
C05407,Anthony,Brewer,eric34@example.net,Toronto,Ontario,2024-12-11,Bronze
C05408,Kyle,Jones,petersenleroy@example.net,Edmonton,Alberta,2022-01-02,Silver
C05409,Kristen,Steele,nathanielsmith@example.net,Edmonton,Alberta,2024-10-21,Silver
C05410,Matthew,Mason,colton87@example.net,Edmonton,Alberta,2022-04-05,Bronze
C05411,Alexander,Cox,susanjackson@example.net,Vancouver,British Columbia,2022-08-09,Bronze
C05412,Christopher,Hudson,marquezronald@example.com,Edmonton,Alberta,2025-06-18,Bronze
C05413,Michael,Green,caleb04@example.net,Toronto,Ontario,2022-01-01,Bronze
C05414,Amanda,Ross,tiffany66@example.net,Calgary,Alberta,2023-08-22,Gold
C05415,Craig,Barrett,khardy@example.org,Hamilton,Ontario,2024-01-03,Bronze
C05416,Savannah,Pratt,icooper@example.org,Vancouver,British Columbia,2025-10-13,Silver
C05417,Jeffrey,Ortiz,courtneymitchell@example.org,Calgary,Alberta,2023-04-26,Silver
C05418,Matthew,Campbell,victoriakerr@example.com,Edmonton,Alberta,2025-08-02,Bronze
C05419,Robert,Cabrera,ehobbs@example.com,Mississauga,Ontario,2023-08-06,Bronze
C05420,Linda,Rodriguez,jennifer47@example.com,Edmonton,Alberta,2026-06-10,Bronze
C05421,Emily,Dixon,lopezcharles@example.net,Ottawa,Ontario,2024-10-31,Silver
C05422,Kathleen,Hartman,dana28@example.net,Calgary,Alberta,2025-05-24,Bronze
C05423,Douglas,Hunter,norman59@example.org,Hamilton,Ontario,2023-04-17,Bronze
C05424,Christopher,Lee,nolanbrittney@example.net,Hamilton,Ontario,2022-01-19,Bronze
C05425,Kelly,Murphy,tasha11@example.com,Toronto,Ontario,2023-06-20,Silver
C05426,Kristi,Leblanc,peter60@example.org,Hamilton,Ontario,2024-08-09,Bronze
C05427,Tim,Brown,cannonkevin@example.net,Ottawa,Ontario,2025-06-25,Bronze
C05428,Brenda,Goodman,haleycarter@example.net,Edmonton,Alberta,2022-01-02,Bronze
C05429,Seth,Jones,jsanchez@example.net,Toronto,Ontario,2023-10-03,Silver
C05430,Joel,Davidson,heatherroberts@example.com,Edmonton,Alberta,2022-05-03,Silver
C05431,Candace,Hernandez,michael83@example.net,Toronto,Ontario,2023-07-13,Silver
C05432,Alicia,Ramirez,nancymatthews@example.org,Edmonton,Alberta,2022-03-06,Bronze
C05433,Crystal,Meyer,dhampton@example.com,Brampton,Ontario,2024-05-11,Silver
C05434,Gina,Lee,vwolf@example.com,Calgary,Alberta,2022-10-06,Bronze
C05435,Tyler,Hendricks,zrogers@example.net,Ottawa,Ontario,2022-10-12,Silver
C05436,Daniel,Hughes,carlosclarke@example.com,Toronto,Ontario,2023-12-21,Bronze
C05437,Kimberly,Smith,vaughanjeffrey@example.com,Hamilton,Ontario,2021-08-26,Silver
C05438,Dennis,Rodriguez,saramartinez@example.com,Hamilton,Ontario,2025-05-12,Gold
C05439,Cameron,Smith,xhouston@example.net,Hamilton,Ontario,2024-02-26,Silver
C05440,Ryan,Young,carlos17@example.com,Mississauga,Ontario,2024-12-24,Bronze
C05441,Jason,Wright,lindsey30@example.com,Toronto,Ontario,2023-02-09,Silver
C05442,Joshua,Meyer,ithompson@example.com,Hamilton,Ontario,2026-06-27,Silver
C05443,Amy,Ward,jonesashlee@example.org,Toronto,Ontario,2023-04-24,Bronze
C05444,Daniel,Morgan,ashley70@example.net,Edmonton,Alberta,2025-06-16,Bronze
C05445,Katrina,Johnson,andrewcruz@example.org,Brampton,Ontario,2023-02-28,Bronze
C05446,Michael,Patel,qbrooks@example.net,Ottawa,Ontario,2021-10-27,Bronze
C05447,Steven,Olsen,thompsonmichael@example.net,Brampton,Ontario,2022-03-04,Silver
C05448,Christopher,Calderon,rguzman@example.org,Hamilton,Ontario,2025-04-11,Bronze
C05449,Bradley,Miller,amanda01@example.org,Edmonton,Alberta,2021-10-16,Bronze
C05450,Elizabeth,Ritter,harperphillip@example.net,Toronto,Ontario,2021-09-30,Bronze
C05451,David,Johnson,tiffanystephens@example.net,Calgary,Alberta,2023-08-08,Bronze
C05452,Carly,Elliott,terriperkins@example.net,Ottawa,Ontario,2024-03-22,Gold
C05453,Michelle,Rangel,maxwellamber@example.org,Vancouver,British Columbia,2023-03-13,Bronze
C05454,Julie,Thompson,chaveznicholas@example.net,Mississauga,Ontario,2023-08-02,Bronze
C05455,Joseph,Lucas,wilsonchristina@example.net,Vancouver,British Columbia,2025-03-04,Silver
C05456,Lauren,Mcclain,kmorales@example.net,Ottawa,Ontario,2026-07-24,Silver
C05457,Carol,Reese,christophermartinez@example.com,Hamilton,Ontario,2022-07-12,Bronze
C05458,Kevin,Barber,jason80@example.com,Calgary,Alberta,2021-10-21,Bronze
C05459,Nathan,Ochoa,prollins@example.net,Toronto,Ontario,2024-03-22,Silver
C05460,Jennifer,Beasley,alyssaperry@example.net,Edmonton,Alberta,2024-12-05,Bronze
C05461,Sarah,Peters,michael39@example.com,Hamilton,Ontario,2024-01-09,Silver
C05462,Krista,Morales,tara76@example.net,Brampton,Ontario,2024-03-14,Bronze
C05463,Natalie,Sanchez,anthony79@example.com,Hamilton,Ontario,2025-06-11,Silver
C05464,Jack,Perry,ejohnson@example.net,Vancouver,British Columbia,2024-05-30,Bronze
C05465,Andrea,Perez,logan04@example.org,Brampton,Ontario,2026-06-20,Bronze
C05466,Cheryl,Holden,durhamjerome@example.net,Hamilton,Ontario,2025-07-06,Bronze
C05467,James,Smith,landerson@example.org,Vancouver,British Columbia,2024-07-27,Bronze
C05468,Megan,Keith,tiffanysimmons@example.net,Edmonton,Alberta,2026-06-20,Gold
C05469,Edward,Kelley,craig95@example.com,Ottawa,Ontario,2024-08-22,Bronze
C05470,Heather,Pace,zjohnson@example.org,Brampton,Ontario,2022-09-27,Bronze
C05471,Roy,Hamilton,quinnryan@example.org,Vancouver,British Columbia,2025-08-08,Bronze
C05472,Stacy,Todd,jamesmartinez@example.com,Toronto,Ontario,2022-05-03,Bronze
C05473,Dean,Young,dustin79@example.net,Toronto,Ontario,2022-02-12,Bronze
C05474,Patricia,Garza,matthew22@example.com,Edmonton,Alberta,2023-10-01,Silver
C05475,Bonnie,Kramer,wellsadrian@example.org,Vancouver,British Columbia,2023-01-24,Gold
C05476,Jennifer,Howard,brandtmadeline@example.net,Brampton,Ontario,2025-01-17,Bronze
C05477,Michael,Juarez,kimberly61@example.org,Toronto,Ontario,2024-06-26,Bronze
C05478,James,Johns,amy50@example.net,Mississauga,Ontario,2022-06-21,Bronze
C05479,Dennis,Jackson,qhill@example.com,Calgary,Alberta,2025-05-24,Gold
C05480,Oscar,Vega,wrightlauren@example.com,Brampton,Ontario,2022-03-25,Silver
C05481,Lisa,Turner,milleralexandria@example.org,Ottawa,Ontario,2023-06-14,Bronze
C05482,Julie,Taylor,xsmall@example.net,Vancouver,British Columbia,2026-05-30,Bronze
C05483,Kelly,Shaw,jonesamber@example.net,Vancouver,British Columbia,2025-11-25,Bronze
C05484,James,Vargas,kimberly16@example.com,Brampton,Ontario,2025-03-03,Bronze
C05485,James,Jacobs,brownkelly@example.org,Vancouver,British Columbia,2023-10-03,Silver
C05486,Kenneth,Garcia,joseph96@example.net,Brampton,Ontario,2023-09-15,Bronze
C05487,James,Perkins,mooredonna@example.org,Ottawa,Ontario,2022-11-07,Silver
C05488,Susan,Rice,butlermark@example.net,Mississauga,Ontario,2025-09-16,Silver
C05489,Amber,Stewart,cstewart@example.net,Vancouver,British Columbia,2024-07-28,Bronze
C05490,Rachel,Orozco,gharrison@example.com,Hamilton,Ontario,2022-10-02,Bronze
C05491,Yvonne,Kent,rowens@example.net,Calgary,Alberta,2023-06-02,Bronze
C05492,Kevin,Cole,ramseysean@example.org,Calgary,Alberta,2022-09-28,Bronze
C05493,Amy,Murphy,justin59@example.org,Ottawa,Ontario,2024-08-22,Bronze
C05494,Joshua,Krause,pattersonangel@example.org,Brampton,Ontario,2021-11-19,Silver
C05495,Eric,Melton,dawnbrown@example.com,Toronto,Ontario,2026-05-08,Bronze
C05496,Derrick,Logan,dcarter@example.com,Toronto,Ontario,2022-09-03,Bronze
C05497,Erica,Duran,christinetorres@example.net,Vancouver,British Columbia,2024-07-14,Silver
C05498,Kelli,Meadows,lynn98@example.com,Brampton,Ontario,2023-12-01,Bronze
C05499,Clarence,Baker,rmendoza@example.org,Edmonton,Alberta,2024-12-19,Bronze
C05500,Maria,Moss,ricardo75@example.net,Vancouver,British Columbia,2021-09-29,Gold
C05501,Annette,Brown,rmills@example.com,Edmonton,Alberta,2023-09-11,Bronze
C05502,Shelby,Ramirez,crystalmyers@example.com,Mississauga,Ontario,2026-06-04,Bronze
C05503,John,Frazier,deanna98@example.net,Calgary,Alberta,2022-12-30,Bronze
C05504,John,Lopez,nicole19@example.net,Mississauga,Ontario,2025-10-13,Bronze
C05505,Justin,Smith,mwhite@example.net,Toronto,Ontario,2022-05-28,Silver
C05506,Jennifer,Webster,matthewrichardson@example.org,Hamilton,Ontario,2023-02-23,Bronze
C05507,Crystal,Smith,evankelly@example.net,Calgary,Alberta,2021-08-24,Bronze
C05508,Jacqueline,Armstrong,lucasjesse@example.net,Brampton,Ontario,2024-08-03,Bronze
C05509,Michael,Waters,jennifer99@example.org,Ottawa,Ontario,2022-03-07,Silver
C05510,Amy,Burton,maloneshane@example.net,Edmonton,Alberta,2025-11-02,Bronze
C05511,Justin,Shaw,yvette00@example.org,Calgary,Alberta,2022-11-20,Bronze
C05512,Amber,Ashley,josephhall@example.com,Vancouver,British Columbia,2026-06-21,Bronze
C05513,Debra,Johnson,matthewbush@example.net,Hamilton,Ontario,2024-11-10,Gold
C05514,Rebekah,Williams,richardcastillo@example.org,Hamilton,Ontario,2023-11-29,Bronze
C05515,Natalie,Martin,talexander@example.net,Ottawa,Ontario,2026-02-14,Silver
C05516,Melanie,Morrison,xcampbell@example.com,Edmonton,Alberta,2024-10-16,Bronze
C05517,Rachel,Schmidt,gkim@example.com,Mississauga,Ontario,2022-04-01,Bronze
C05518,Megan,Peterson,ballelizabeth@example.org,Toronto,Ontario,2025-10-01,Bronze
C05519,Sandra,Cooley,donovanedward@example.com,Hamilton,Ontario,2023-04-27,Silver
C05520,Jeremy,Santiago,cking@example.com,Edmonton,Alberta,2021-11-01,Bronze
C05521,Brittany,Mckenzie,andrearoberts@example.org,Hamilton,Ontario,2024-08-02,Silver
C05522,Sarah,Sims,bethanygarrett@example.org,Edmonton,Alberta,2022-12-05,Bronze
C05523,Charles,Roberson,morrisonlisa@example.net,Edmonton,Alberta,2022-03-26,Bronze
C05524,Christine,Moore,jeffrey80@example.com,Edmonton,Alberta,2023-11-14,Bronze
C05525,John,Parker,skoch@example.org,Toronto,Ontario,2023-02-12,Silver
C05526,Stacey,Young,lopezjohn@example.org,Vancouver,British Columbia,2025-04-18,Gold
C05527,Vincent,Ortiz,stanley01@example.net,Ottawa,Ontario,2026-03-14,Silver
C05528,Deborah,Malone,dlane@example.org,Vancouver,British Columbia,2026-02-07,Bronze
C05529,Ashley,Brown,bauerandrea@example.org,Brampton,Ontario,2025-09-30,Bronze
C05530,Tammy,Finley,cheyenne34@example.net,Edmonton,Alberta,2026-04-23,Bronze
C05531,Kayla,Gutierrez,dflynn@example.org,Toronto,Ontario,2026-02-19,Bronze
C05532,Tony,Walker,seanrobles@example.com,Vancouver,British Columbia,2024-06-01,Silver
C05533,Cassidy,Short,alyssa26@example.org,Mississauga,Ontario,2023-03-03,Bronze
C05534,Anthony,Baker,zacharywalters@example.org,Edmonton,Alberta,2021-12-23,Bronze
C05535,Marc,Johnston,waltonmichele@example.com,Mississauga,Ontario,2021-09-27,Silver
C05536,Sandra,Martin,jessica87@example.com,Brampton,Ontario,2022-08-06,Bronze
C05537,Kristina,Nguyen,whuynh@example.com,Calgary,Alberta,2022-07-26,Silver
C05538,Emily,Peterson,john19@example.org,Vancouver,British Columbia,2025-02-22,Gold
C05539,Mary,Rice,usmith@example.com,Vancouver,British Columbia,2024-01-19,Silver
C05540,Leslie,Wolfe,nguyenjeffrey@example.com,Vancouver,British Columbia,2024-08-11,Silver
C05541,Roberto,Hampton,lancemoore@example.net,Ottawa,Ontario,2023-09-29,Gold
C05542,Diana,Estrada,ecraig@example.net,Edmonton,Alberta,2024-04-15,Bronze
C05543,Jennifer,Vega,stevensondustin@example.org,Ottawa,Ontario,2022-07-03,Bronze
C05544,Michael,Allen,ryanmccoy@example.net,Ottawa,Ontario,2024-06-23,Bronze
C05545,Dustin,Quinn,lwhitaker@example.net,Brampton,Ontario,2023-08-27,Bronze
C05546,Jaime,Fuller,sarahbailey@example.com,Toronto,Ontario,2025-04-24,Bronze
C05547,Anthony,Walters,hendersonrichard@example.net,Edmonton,Alberta,2022-06-30,Bronze
C05548,Michael,Rodriguez,crystalarroyo@example.com,Vancouver,British Columbia,2023-10-17,Bronze
C05549,Michael,Luna,jorgemyers@example.com,Calgary,Alberta,2023-06-12,Bronze
C05550,Samuel,Foster,simsrandy@example.net,Toronto,Ontario,2023-05-02,Silver
C05551,Jared,Dixon,fcaldwell@example.org,Mississauga,Ontario,2025-07-10,Silver
C05552,Tim,Hansen,ryan05@example.org,Vancouver,British Columbia,2022-05-22,Gold
C05553,Susan,Goodwin,adamschristopher@example.com,Toronto,Ontario,2026-05-06,Silver
C05554,Bailey,Spencer,ana43@example.com,Ottawa,Ontario,2025-06-07,Bronze
C05555,Cynthia,Marshall,kellertamara@example.com,Toronto,Ontario,2023-02-14,Silver
C05556,Gary,Weaver,ncarter@example.com,Ottawa,Ontario,2023-02-02,Gold
C05557,Sydney,Kennedy,crubio@example.net,Brampton,Ontario,2025-02-09,Silver
C05558,Tyler,Suarez,justincox@example.com,Hamilton,Ontario,2023-08-18,Bronze
C05559,Christine,Bullock,harrisondebra@example.com,Edmonton,Alberta,2025-11-29,Silver
C05560,Stacie,Davis,jrose@example.com,Hamilton,Ontario,2026-02-14,Bronze
C05561,Hannah,Davis,andrew85@example.net,Edmonton,Alberta,2024-01-11,Bronze
C05562,Kristen,Hutchinson,fritzcolleen@example.net,Mississauga,Ontario,2025-01-28,Gold
C05563,Keith,Richardson,rodriguezkathy@example.com,Edmonton,Alberta,2024-08-28,Bronze
C05564,Jessica,Miranda,ysmith@example.org,Toronto,Ontario,2022-09-10,Silver
C05565,Christina,Gonzalez,lambertsarah@example.org,Edmonton,Alberta,2021-11-15,Bronze
C05566,Gabriel,Arias,ycollier@example.com,Edmonton,Alberta,2023-08-08,Bronze
C05567,Jonathan,Armstrong,melanie38@example.net,Toronto,Ontario,2025-06-09,Bronze
C05568,Melinda,Robinson,jenkinsjason@example.com,Toronto,Ontario,2022-03-31,Silver
C05569,Sarah,Weaver,bryantkimberly@example.net,Brampton,Ontario,2025-04-09,Silver
C05570,David,Sullivan,derek10@example.org,Toronto,Ontario,2023-07-28,Bronze
C05571,John,Mason,mdorsey@example.org,Edmonton,Alberta,2023-12-04,Silver
C05572,Robert,Edwards,candacenelson@example.org,Mississauga,Ontario,2023-09-04,Bronze
C05573,Jeremiah,Finley,bhamilton@example.net,Brampton,Ontario,2023-05-03,Bronze
C05574,Adam,Salazar,michaeljones@example.org,Calgary,Alberta,2026-06-19,Bronze
C05575,Brittney,Murray,twood@example.net,Ottawa,Ontario,2023-11-12,Gold
C05576,Sarah,Ramos,christopherandrews@example.net,Vancouver,British Columbia,2025-08-16,Bronze
C05577,Amy,Lucas,wbailey@example.net,Toronto,Ontario,2026-07-06,Bronze
C05578,Juan,Morton,stephen90@example.org,Calgary,Alberta,2023-02-01,Bronze
C05579,Jennifer,Baxter,zhorne@example.com,Ottawa,Ontario,2023-03-01,Bronze
C05580,Jesus,Cross,daviscristina@example.org,Edmonton,Alberta,2025-06-29,Silver
C05581,Heather,Martin,kaylaandersen@example.org,Toronto,Ontario,2026-06-11,Silver
C05582,James,Sheppard,jessicamoreno@example.net,Edmonton,Alberta,2022-04-26,Bronze
C05583,Jennifer,Bowen,sgay@example.org,Toronto,Ontario,2024-05-10,Bronze
C05584,Alison,Hancock,tammymontgomery@example.com,Edmonton,Alberta,2021-11-19,Bronze
C05585,Natalie,Huffman,john84@example.com,Mississauga,Ontario,2023-03-29,Bronze
C05586,Jonathan,Adams,timothy51@example.com,Brampton,Ontario,2022-11-14,Bronze
C05587,Larry,Mcdonald,wendymccarthy@example.com,Ottawa,Ontario,2026-04-07,Bronze
C05588,Ashley,Ferguson,arnoldkyle@example.com,Edmonton,Alberta,2023-06-30,Bronze
C05589,Caitlin,Wright,emily49@example.com,Mississauga,Ontario,2022-12-14,Bronze
C05590,Garrett,Navarro,amanda14@example.org,Edmonton,Alberta,2024-03-03,Bronze
C05591,Bianca,Escobar,vlopez@example.org,Calgary,Alberta,2022-09-03,Bronze
C05592,Anne,Flores,ghale@example.net,Hamilton,Ontario,2025-02-21,Silver
C05593,Jonathan,Hernandez,williamsonjoseph@example.net,Ottawa,Ontario,2021-09-22,Bronze
C05594,Peter,Brown,qkeller@example.com,Ottawa,Ontario,2022-01-28,Bronze
C05595,Robert,Baker,candicewright@example.net,Calgary,Alberta,2024-04-10,Silver
C05596,Gail,Campbell,traci81@example.org,Mississauga,Ontario,2022-09-17,Bronze
C05597,Jonathan,Jones,raymond54@example.com,Vancouver,British Columbia,2024-09-28,Silver
C05598,Martin,Gross,heather07@example.net,Mississauga,Ontario,2024-10-05,Bronze
C05599,James,Nguyen,bennettricky@example.net,Vancouver,British Columbia,2024-04-09,Bronze
C05600,Melissa,Barajas,elizabeth20@example.org,Vancouver,British Columbia,2025-04-26,Bronze
C05601,Alexa,Weaver,browningroberta@example.org,Vancouver,British Columbia,2025-10-01,Gold
C05602,Amber,Christian,fwhite@example.org,Vancouver,British Columbia,2024-02-20,Bronze
C05603,Katie,Smith,swilson@example.net,Edmonton,Alberta,2024-10-15,Bronze
C05604,Alicia,Pierce,nrobinson@example.com,Mississauga,Ontario,2023-03-09,Bronze
C05605,Ryan,Riley,susan75@example.com,Vancouver,British Columbia,2023-01-17,Silver
C05606,Cameron,Wilson,edgarorozco@example.com,Mississauga,Ontario,2024-08-01,Bronze
C05607,Meghan,Burke,mbanks@example.net,Vancouver,British Columbia,2026-04-21,Bronze
C05608,Jennifer,Smith,thomas39@example.net,Ottawa,Ontario,2026-04-16,Gold
C05609,Christopher,Oconnor,morrisdestiny@example.net,Edmonton,Alberta,2026-03-07,Bronze
C05610,Justin,Patel,nathaniel95@example.org,Mississauga,Ontario,2023-06-20,Bronze
C05611,Cody,Mosley,jaime27@example.org,Vancouver,British Columbia,2024-08-13,Bronze
C05612,Christina,Jones,jennifer70@example.org,Vancouver,British Columbia,2023-08-13,Bronze
C05613,Caroline,Schneider,patricia44@example.com,Brampton,Ontario,2022-02-06,Bronze
C05614,Kathy,Jordan,sean07@example.net,Mississauga,Ontario,2024-12-08,Bronze
C05615,Darlene,Harrell,deborah53@example.net,Brampton,Ontario,2023-11-15,Bronze
C05616,Jose,Reeves,cfischer@example.net,Toronto,Ontario,2024-03-04,Silver
C05617,Christopher,Rogers,mooresarah@example.org,Edmonton,Alberta,2022-02-27,Silver
C05618,Lucas,Parker,schmidtherbert@example.net,Vancouver,British Columbia,2022-02-17,Bronze
C05619,Robert,Brooks,smithscott@example.com,Ottawa,Ontario,2026-05-12,Silver
C05620,Sandra,Chavez,glee@example.com,Hamilton,Ontario,2023-08-21,Bronze
C05621,Tina,Roberts,ernesthatfield@example.org,Edmonton,Alberta,2021-10-19,Bronze
C05622,Nicholas,Flores,livingstonjohnny@example.net,Mississauga,Ontario,2026-06-01,Bronze
C05623,Nathaniel,Garza,sherricarroll@example.com,Edmonton,Alberta,2023-10-06,Bronze
C05624,Debbie,Wagner,juan23@example.org,Vancouver,British Columbia,2024-08-04,Gold
C05625,Carlos,Jordan,morgan56@example.net,Hamilton,Ontario,2026-02-13,Bronze
C05626,Amy,Morris,ian21@example.org,Edmonton,Alberta,2021-09-29,Bronze
C05627,Crystal,French,nchase@example.net,Toronto,Ontario,2022-08-20,Bronze
C05628,Robert,Jensen,yharris@example.org,Toronto,Ontario,2021-09-17,Gold
C05629,Frank,Morgan,martinezshane@example.com,Mississauga,Ontario,2025-08-02,Silver
C05630,Mary,Allen,tnguyen@example.com,Edmonton,Alberta,2022-01-16,Silver
C05631,Paul,Owens,robertscharles@example.com,Edmonton,Alberta,2026-03-30,Silver
C05632,Jerry,Horton,cunninghamdenise@example.net,Mississauga,Ontario,2024-11-03,Bronze
C05633,Melissa,Miller,barnettnicole@example.com,Edmonton,Alberta,2022-11-23,Silver
C05634,Katherine,Callahan,joseph39@example.org,Ottawa,Ontario,2022-02-26,Bronze
C05635,Nicole,Richardson,hannahfisher@example.org,Ottawa,Ontario,2022-12-01,Bronze
C05636,Blake,Reyes,john62@example.net,Toronto,Ontario,2025-06-07,Silver
C05637,Amy,Love,scottalexa@example.net,Brampton,Ontario,2022-09-13,Bronze
C05638,Stephen,Hill,isaacgross@example.net,Edmonton,Alberta,2023-06-01,Silver
C05639,Steven,Gonzalez,coletiffany@example.org,Mississauga,Ontario,2024-02-21,Gold
C05640,Bobby,Jacobs,holdenhector@example.net,Mississauga,Ontario,2025-06-14,Bronze
C05641,Richard,Cruz,kylenelson@example.com,Hamilton,Ontario,2024-05-17,Bronze
C05642,David,Patton,pray@example.com,Vancouver,British Columbia,2022-12-16,Bronze
C05643,Megan,Vance,lflynn@example.net,Mississauga,Ontario,2025-10-02,Bronze
C05644,Melanie,Butler,nicolebonilla@example.org,Vancouver,British Columbia,2022-09-11,Gold
C05645,Peter,Nelson,richardhawkins@example.net,Mississauga,Ontario,2025-07-13,Silver
C05646,Connor,Glenn,sanderstonya@example.com,Vancouver,British Columbia,2025-01-09,Bronze
C05647,Kathleen,Williams,brian69@example.org,Ottawa,Ontario,2026-04-04,Bronze
C05648,Lauren,Smith,amandasmith@example.org,Ottawa,Ontario,2021-10-29,Bronze
C05649,Kristy,Carroll,lindseyjohnson@example.com,Vancouver,British Columbia,2024-06-01,Bronze
C05650,Edward,King,stantondarryl@example.net,Hamilton,Ontario,2024-01-30,Bronze
C05651,James,Garrett,thomas87@example.org,Brampton,Ontario,2024-06-27,Bronze
C05652,Steven,Nelson,charleneaguilar@example.net,Hamilton,Ontario,2026-05-29,Bronze
C05653,Cameron,Cunningham,tamara16@example.com,Ottawa,Ontario,2023-03-26,Bronze
C05654,Joseph,Pineda,reyeschristy@example.org,Edmonton,Alberta,2024-12-12,Bronze
C05655,Jessica,Bennett,andersonmichael@example.com,Vancouver,British Columbia,2024-01-20,Bronze
C05656,Allison,Gonzales,ywilson@example.net,Mississauga,Ontario,2026-03-17,Bronze
C05657,Cynthia,Adams,matthew77@example.net,Brampton,Ontario,2023-08-26,Bronze
C05658,William,Benson,woodcaleb@example.com,Mississauga,Ontario,2025-09-11,Bronze
C05659,Erik,West,browncarrie@example.org,Vancouver,British Columbia,2025-02-11,Bronze
C05660,Leonard,Carrillo,samantha07@example.com,Toronto,Ontario,2022-10-27,Silver
C05661,Courtney,Daniels,laurafields@example.com,Vancouver,British Columbia,2024-02-16,Silver
C05662,Grace,Reed,michelle52@example.net,Brampton,Ontario,2024-06-15,Silver
C05663,Ryan,Reed,olsonkara@example.com,Ottawa,Ontario,2024-08-08,Gold
C05664,Stephanie,Wood,bfrazier@example.com,Ottawa,Ontario,2021-10-27,Silver
C05665,Abigail,Watson,danielmadden@example.com,Edmonton,Alberta,2025-03-28,Bronze
C05666,Robert,Barrett,gwilliams@example.com,Calgary,Alberta,2026-06-24,Bronze
C05667,Kendra,Jefferson,stevenlee@example.com,Mississauga,Ontario,2026-01-24,Bronze
C05668,Susan,Turner,danielletaylor@example.net,Ottawa,Ontario,2026-06-15,Silver
C05669,Lisa,Williams,leedustin@example.net,Hamilton,Ontario,2021-12-29,Silver
C05670,John,Ali,carrolljessica@example.org,Mississauga,Ontario,2024-08-25,Bronze
C05671,Ashley,Hinton,harrisalicia@example.com,Edmonton,Alberta,2022-07-27,Bronze
C05672,Paula,Wright,montgomeryalexandra@example.org,Edmonton,Alberta,2024-11-22,Bronze
C05673,Stephen,Martinez,melissacunningham@example.com,Calgary,Alberta,2025-12-01,Bronze
C05674,Laura,Anderson,yateserin@example.com,Hamilton,Ontario,2023-04-03,Bronze
C05675,Dana,Pittman,beckerheather@example.org,Mississauga,Ontario,2025-07-11,Bronze
C05676,Paul,Elliott,cgutierrez@example.net,Ottawa,Ontario,2026-05-31,Bronze
C05677,Jerome,Gonzales,nicholas71@example.net,Calgary,Alberta,2022-11-23,Bronze
C05678,Alice,Prince,keithsharp@example.org,Vancouver,British Columbia,2026-01-31,Silver
C05679,Steven,Neal,rmcdowell@example.org,Calgary,Alberta,2024-03-19,Bronze
C05680,Lance,Lowery,smithkaren@example.net,Toronto,Ontario,2025-06-25,Bronze
C05681,Stephanie,Bowman,lhernandez@example.net,Toronto,Ontario,2024-09-22,Silver
C05682,Alexis,Jackson,mmitchell@example.com,Vancouver,British Columbia,2024-04-24,Bronze
C05683,William,Pace,robert75@example.org,Brampton,Ontario,2026-04-13,Bronze
C05684,Laura,Cervantes,carpenterlaurie@example.com,Vancouver,British Columbia,2025-12-26,Silver
C05685,Andrew,Velasquez,timothynelson@example.net,Brampton,Ontario,2024-03-16,Bronze
C05686,Kelly,Bradley,fosterkevin@example.net,Edmonton,Alberta,2022-04-04,Bronze
C05687,David,Villarreal,josephhawkins@example.net,Toronto,Ontario,2022-12-12,Bronze
C05688,Denise,Perry,ralph26@example.com,Hamilton,Ontario,2025-06-03,Bronze
C05689,William,Miller,elizabeth70@example.com,Edmonton,Alberta,2025-10-05,Bronze
C05690,James,Moran,andreawhite@example.com,Calgary,Alberta,2023-10-17,Silver
C05691,Charles,Love,gjones@example.org,Calgary,Alberta,2026-03-04,Bronze
C05692,Katherine,Allen,phillip06@example.net,Ottawa,Ontario,2023-04-23,Bronze
C05693,Meghan,Johnson,lauren55@example.org,Mississauga,Ontario,2023-02-24,Bronze
C05694,Samuel,Thompson,millerkendra@example.net,Hamilton,Ontario,2023-07-21,Gold
C05695,Andrea,Horton,itorres@example.net,Calgary,Alberta,2025-02-16,Bronze
C05696,Katherine,Hall,johnsonapril@example.net,Mississauga,Ontario,2024-04-19,Silver
C05697,Julie,Smith,hscott@example.com,Brampton,Ontario,2021-12-15,Silver
C05698,Lynn,Stevens,ihaas@example.org,Toronto,Ontario,2023-08-23,Bronze
C05699,Christina,Walters,smithgeorge@example.net,Toronto,Ontario,2024-12-09,Bronze
C05700,Michaela,Anthony,kennethsmall@example.com,Mississauga,Ontario,2026-05-12,Bronze
C05701,Adam,Newton,robert16@example.org,Toronto,Ontario,2021-10-06,Bronze
C05702,Kimberly,Davis,michaeljohnson@example.com,Hamilton,Ontario,2024-07-14,Silver
C05703,Eric,Harrison,greenharold@example.com,Mississauga,Ontario,2024-12-29,Silver
C05704,Cody,Dunn,christine11@example.org,Hamilton,Ontario,2024-07-10,Silver
C05705,Kenneth,Kane,lbishop@example.com,Hamilton,Ontario,2025-07-07,Bronze
C05706,Joseph,Brown,thernandez@example.com,Edmonton,Alberta,2026-07-24,Bronze
C05707,Darin,Davis,fjohnson@example.org,Toronto,Ontario,2026-05-28,Bronze
C05708,Brian,Ross,matthew14@example.net,Ottawa,Ontario,2024-02-28,Bronze
C05709,Margaret,James,oschaefer@example.net,Hamilton,Ontario,2024-03-09,Gold
C05710,Catherine,Perez,jeremywright@example.org,Ottawa,Ontario,2024-10-16,Bronze
C05711,Jasmine,Snyder,darrell62@example.com,Ottawa,Ontario,2023-10-21,Bronze
C05712,Lynn,Hancock,jason89@example.com,Vancouver,British Columbia,2021-10-03,Bronze
C05713,Joel,Walker,lindsay08@example.net,Toronto,Ontario,2025-10-31,Bronze
C05714,Tracy,Anderson,sdunn@example.com,Calgary,Alberta,2026-01-20,Bronze
C05715,Matthew,Singh,vancealicia@example.net,Toronto,Ontario,2022-12-14,Bronze
C05716,Robert,Jordan,ocarter@example.com,Mississauga,Ontario,2022-01-12,Bronze
C05717,Sarah,May,williamsjames@example.com,Calgary,Alberta,2026-01-09,Silver
C05718,John,Lane,sullivankaren@example.org,Ottawa,Ontario,2026-07-27,Gold
C05719,Robert,Thompson,kimberlytaylor@example.net,Edmonton,Alberta,2023-05-02,Bronze
C05720,John,Brewer,parkerautumn@example.net,Edmonton,Alberta,2025-05-20,Bronze
C05721,Christopher,Allison,jason88@example.org,Toronto,Ontario,2024-01-26,Silver
C05722,Jeffrey,Doyle,kruegercrystal@example.net,Ottawa,Ontario,2025-05-26,Bronze
C05723,Amber,Smith,charlesdavis@example.com,Edmonton,Alberta,2024-09-06,Gold
C05724,George,Williams,pattersonmichael@example.org,Calgary,Alberta,2026-03-07,Bronze
C05725,Janet,Howard,debbiepatel@example.org,Vancouver,British Columbia,2024-10-05,Bronze
C05726,Elizabeth,Lee,cameron70@example.org,Ottawa,Ontario,2026-01-27,Bronze
C05727,Isabella,Campbell,lindsey06@example.com,Hamilton,Ontario,2026-06-06,Silver
C05728,Teresa,Mcguire,bradleyellis@example.com,Calgary,Alberta,2021-12-02,Bronze
C05729,Christina,Morgan,alan48@example.com,Toronto,Ontario,2025-02-09,Bronze
C05730,Elizabeth,Wallace,tammywhite@example.org,Mississauga,Ontario,2024-04-21,Bronze
C05731,Michael,Gilbert,joellove@example.com,Vancouver,British Columbia,2022-06-19,Silver
C05732,Joseph,Wu,ncooper@example.net,Edmonton,Alberta,2022-06-29,Silver
C05733,Kimberly,Washington,taylorjames@example.net,Edmonton,Alberta,2026-03-01,Bronze
C05734,Daniel,Smith,duncanjason@example.org,Toronto,Ontario,2023-05-26,Bronze
C05735,Brian,Gomez,karenjohnson@example.org,Hamilton,Ontario,2023-05-02,Bronze
C05736,John,Miles,kurtrobinson@example.net,Calgary,Alberta,2022-09-28,Silver
C05737,Jamie,Kelly,jose52@example.org,Hamilton,Ontario,2024-08-31,Silver
C05738,Carlos,Rodriguez,robinsonjeffrey@example.com,Calgary,Alberta,2023-03-01,Silver
C05739,Meghan,Waters,morrismeghan@example.org,Calgary,Alberta,2022-03-04,Bronze
C05740,James,Scott,danielslinda@example.com,Ottawa,Ontario,2022-09-04,Gold
C05741,Julie,Lawson,michelle87@example.com,Calgary,Alberta,2025-08-05,Bronze
C05742,Jose,Weber,jamesjonathan@example.net,Edmonton,Alberta,2025-08-04,Silver
C05743,Ryan,Houston,caldwelljoshua@example.org,Brampton,Ontario,2025-03-04,Bronze
C05744,Rickey,Diaz,kellykatherine@example.com,Edmonton,Alberta,2024-10-26,Bronze
C05745,Aaron,Nguyen,akemp@example.com,Edmonton,Alberta,2024-04-27,Bronze
C05746,Jason,Armstrong,pjohnson@example.net,Calgary,Alberta,2023-06-15,Bronze
C05747,Michelle,Clark,ginasmith@example.net,Ottawa,Ontario,2024-02-09,Silver
C05748,Todd,Lester,priscillahernandez@example.com,Mississauga,Ontario,2026-02-10,Bronze
C05749,Mark,Hicks,uoconnor@example.net,Vancouver,British Columbia,2025-02-11,Bronze
C05750,Susan,Schultz,rachelgonzales@example.com,Calgary,Alberta,2023-08-26,Bronze
C05751,Brian,Macdonald,bfriedman@example.org,Mississauga,Ontario,2023-05-15,Bronze
C05752,Curtis,Wilkins,joseph58@example.com,Toronto,Ontario,2025-11-25,Silver
C05753,Sherry,Leblanc,fpope@example.com,Edmonton,Alberta,2026-03-09,Silver
C05754,Vanessa,Beck,morganedward@example.net,Mississauga,Ontario,2024-09-29,Silver
C05755,Allen,Obrien,perryshelby@example.org,Vancouver,British Columbia,2023-05-13,Bronze
C05756,Carl,Myers,glenn22@example.com,Toronto,Ontario,2023-05-01,Bronze
C05757,Cynthia,Stuart,derrick60@example.org,Edmonton,Alberta,2025-05-28,Bronze
C05758,Grace,Jackson,davidtran@example.net,Edmonton,Alberta,2021-12-11,Bronze
C05759,Melissa,Baker,jasonlove@example.org,Ottawa,Ontario,2026-04-26,Silver
C05760,Jessica,Miller,qrice@example.org,Brampton,Ontario,2024-01-29,Silver
C05761,Sharon,Evans,gary51@example.com,Toronto,Ontario,2021-08-01,Bronze
C05762,Tara,Thompson,vreed@example.org,Toronto,Ontario,2022-07-06,Bronze
C05763,Jacob,Henderson,elizabeth77@example.org,Brampton,Ontario,2024-02-04,Silver
C05764,Haley,Harper,ebecker@example.net,Ottawa,Ontario,2024-07-05,Silver
C05765,Michael,Rivera,joseph38@example.net,Hamilton,Ontario,2025-01-18,Bronze
C05766,Debbie,Martin,janicevang@example.net,Ottawa,Ontario,2026-07-15,Silver
C05767,Mary,Gibbs,deborahbrock@example.org,Hamilton,Ontario,2022-03-10,Bronze
C05768,Larry,Buchanan,jpage@example.com,Hamilton,Ontario,2023-11-04,Bronze
C05769,George,Guerrero,mmurillo@example.org,Toronto,Ontario,2022-11-04,Silver
C05770,Mark,Cole,aliciajones@example.org,Calgary,Alberta,2026-03-05,Bronze
C05771,Samantha,Douglas,boydsarah@example.org,Vancouver,British Columbia,2021-10-11,Bronze
C05772,Joyce,Mcclain,tara99@example.org,Vancouver,British Columbia,2024-02-26,Bronze
C05773,Angela,Larson,annawong@example.net,Vancouver,British Columbia,2022-06-13,Silver
C05774,Chelsea,Smith,robin41@example.org,Toronto,Ontario,2025-02-16,Bronze
C05775,Elaine,Howard,andrew05@example.org,Vancouver,British Columbia,2021-10-27,Bronze
C05776,Anthony,Bailey,katie02@example.org,Brampton,Ontario,2023-01-18,Bronze
C05777,Christine,Spence,lisa68@example.org,Vancouver,British Columbia,2024-01-17,Bronze
C05778,Rodney,Martinez,robertkim@example.org,Toronto,Ontario,2023-01-21,Bronze
C05779,Raymond,Williams,alvaradoleslie@example.com,Hamilton,Ontario,2022-11-21,Silver
C05780,Jonathan,Douglas,john38@example.com,Hamilton,Ontario,2022-11-16,Silver
C05781,Kelly,Greene,sturner@example.net,Calgary,Alberta,2023-11-05,Gold
C05782,Maria,Valentine,lewisnicole@example.org,Edmonton,Alberta,2022-04-23,Silver
C05783,Michael,Gonzales,brookedixon@example.net,Mississauga,Ontario,2026-03-24,Bronze
C05784,Michael,Wallace,lthompson@example.org,Calgary,Alberta,2022-07-14,Bronze
C05785,Rebecca,Guzman,bradystephanie@example.net,Vancouver,British Columbia,2023-12-08,Bronze
C05786,Kristine,Tran,asuarez@example.org,Calgary,Alberta,2025-05-13,Bronze
C05787,Darin,Maxwell,hmatthews@example.net,Toronto,Ontario,2022-04-03,Bronze
C05788,Christian,Cline,james49@example.org,Ottawa,Ontario,2025-10-07,Bronze
C05789,David,Thompson,ctrevino@example.net,Edmonton,Alberta,2023-02-07,Gold
C05790,Susan,Cline,srichardson@example.org,Vancouver,British Columbia,2025-06-17,Bronze
C05791,Christopher,Hodge,graytyler@example.com,Vancouver,British Columbia,2024-01-27,Bronze
C05792,Emily,Smith,thomasdouglas@example.net,Toronto,Ontario,2023-04-19,Silver
C05793,Trevor,Simmons,wwong@example.org,Calgary,Alberta,2026-06-05,Gold
C05794,Willie,Garner,julian50@example.net,Calgary,Alberta,2022-12-26,Bronze
C05795,Robert,Martin,martha11@example.net,Vancouver,British Columbia,2025-04-12,Bronze
C05796,Anna,Jordan,kennedymarco@example.net,Vancouver,British Columbia,2021-09-03,Bronze
C05797,Stephanie,Holloway,fdaniels@example.com,Mississauga,Ontario,2024-10-29,Gold
C05798,Alyssa,Brock,garciatravis@example.org,Toronto,Ontario,2023-04-10,Bronze
C05799,Tanya,Kelley,seanmcintyre@example.com,Edmonton,Alberta,2025-03-13,Bronze
C05800,Matthew,Newton,cheryl64@example.net,Brampton,Ontario,2022-08-15,Silver
C05801,Carl,Carroll,pattersoncorey@example.com,Mississauga,Ontario,2024-01-07,Bronze
C05802,Sarah,Huffman,anahawkins@example.com,Vancouver,British Columbia,2026-03-21,Bronze
C05803,Tanya,Jackson,harrisonjoseph@example.net,Toronto,Ontario,2022-11-18,Silver
C05804,Daniel,Mills,lward@example.com,Calgary,Alberta,2025-05-14,Bronze
C05805,Matthew,Garcia,vcastillo@example.net,Vancouver,British Columbia,2023-02-11,Bronze
C05806,Justin,Macias,eadams@example.net,Mississauga,Ontario,2022-09-24,Bronze
C05807,Angela,Lewis,william62@example.com,Calgary,Alberta,2023-05-25,Bronze
C05808,Stacey,Hodge,bethnorris@example.net,Edmonton,Alberta,2022-09-15,Bronze
C05809,Erica,Williams,nashlawrence@example.org,Toronto,Ontario,2026-03-08,Bronze
C05810,Tiffany,Wright,jacksonjeffrey@example.com,Hamilton,Ontario,2025-01-03,Bronze
C05811,Julie,Wilson,frocha@example.net,Calgary,Alberta,2023-03-22,Bronze
C05812,Carrie,Newman,juliecunningham@example.com,Edmonton,Alberta,2021-09-05,Bronze
C05813,Julie,Schroeder,josephwalker@example.net,Hamilton,Ontario,2023-01-16,Gold
C05814,Robert,French,jennifersosa@example.net,Mississauga,Ontario,2023-10-21,Bronze
C05815,Anthony,Cantrell,kennethlowe@example.net,Vancouver,British Columbia,2026-01-06,Bronze
C05816,Breanna,Harrison,christopher77@example.com,Mississauga,Ontario,2026-04-09,Bronze
C05817,Thomas,Livingston,lanechristopher@example.org,Edmonton,Alberta,2024-01-18,Bronze
C05818,Jennifer,Moore,linda91@example.org,Mississauga,Ontario,2024-05-14,Bronze
C05819,Robert,Guzman,jonathan26@example.net,Ottawa,Ontario,2023-02-05,Silver
C05820,Christian,Wilson,valerie71@example.com,Calgary,Alberta,2025-09-01,Silver
C05821,Timothy,Chavez,maxwelljennifer@example.org,Mississauga,Ontario,2023-11-23,Silver
C05822,April,Walker,bradleyharris@example.com,Ottawa,Ontario,2025-08-07,Bronze
C05823,Shannon,Campbell,carrie85@example.com,Calgary,Alberta,2022-06-16,Bronze
C05824,Charles,Price,franklinsamantha@example.com,Vancouver,British Columbia,2023-06-08,Bronze
C05825,David,Johnson,davidthompson@example.com,Hamilton,Ontario,2023-02-06,Bronze
C05826,Ryan,Vincent,steven31@example.com,Edmonton,Alberta,2022-02-11,Bronze
C05827,Jacob,Barrett,markreed@example.com,Vancouver,British Columbia,2025-09-30,Bronze
C05828,Manuel,Stewart,wallacechristopher@example.org,Hamilton,Ontario,2026-03-10,Bronze
C05829,Anna,Bowen,cheryl16@example.com,Mississauga,Ontario,2022-01-21,Bronze
C05830,Victoria,Chase,eric91@example.net,Ottawa,Ontario,2022-07-29,Bronze
C05831,Donna,Davis,anna49@example.org,Edmonton,Alberta,2024-10-19,Silver
C05832,Christina,Collins,robert21@example.org,Hamilton,Ontario,2022-08-31,Silver
C05833,Benjamin,Gonzalez,vwebb@example.com,Toronto,Ontario,2022-10-24,Silver
C05834,Edward,Alexander,weavertony@example.net,Calgary,Alberta,2025-05-02,Gold
C05835,John,Brown,osexton@example.net,Vancouver,British Columbia,2025-05-10,Gold
C05836,Christopher,Atkins,middletonrobert@example.org,Toronto,Ontario,2026-01-12,Gold
C05837,Micheal,Walker,marvinsmith@example.net,Vancouver,British Columbia,2025-09-05,Bronze
C05838,Rodney,Bowman,chill@example.org,Toronto,Ontario,2023-10-02,Bronze
C05839,Dawn,Wong,burgessjennifer@example.com,Vancouver,British Columbia,2021-11-25,Silver
C05840,Marc,Mitchell,markmitchell@example.com,Hamilton,Ontario,2026-01-01,Bronze
C05841,Frank,Jones,pbest@example.com,Ottawa,Ontario,2026-03-12,Gold
C05842,Allison,Perkins,rodrigueznicole@example.org,Brampton,Ontario,2023-12-19,Gold
C05843,Danielle,Gray,robinsonjoy@example.com,Brampton,Ontario,2025-02-18,Bronze
C05844,Chelsea,Fuller,gilesamy@example.com,Calgary,Alberta,2022-10-28,Silver
C05845,Ryan,Parsons,tyrone27@example.org,Hamilton,Ontario,2021-12-16,Bronze
C05846,John,Wolfe,juliaanderson@example.net,Edmonton,Alberta,2023-12-19,Bronze
C05847,Jessica,Thompson,michael80@example.com,Brampton,Ontario,2026-03-12,Bronze
C05848,Scott,Davis,huntheather@example.org,Ottawa,Ontario,2024-09-11,Bronze
C05849,Courtney,Gilbert,grosales@example.net,Mississauga,Ontario,2024-09-14,Bronze
C05850,Katelyn,Ballard,jillpace@example.com,Edmonton,Alberta,2023-05-05,Silver
C05851,Timothy,Goodwin,marygardner@example.org,Mississauga,Ontario,2026-01-15,Bronze
C05852,James,Ramirez,wisedanielle@example.net,Ottawa,Ontario,2021-10-05,Bronze
C05853,Jeffrey,Friedman,hwilkins@example.net,Calgary,Alberta,2021-12-24,Bronze
C05854,Kyle,Rodriguez,johnsonlindsey@example.com,Hamilton,Ontario,2023-09-19,Silver
C05855,Steven,Gregory,melanie97@example.com,Toronto,Ontario,2025-01-17,Bronze
C05856,Jon,Byrd,susan97@example.net,Hamilton,Ontario,2025-08-23,Bronze
C05857,Samantha,Martinez,robinsonjeremy@example.org,Brampton,Ontario,2022-07-04,Silver
C05858,Nicholas,Perez,perezjared@example.net,Vancouver,British Columbia,2022-01-14,Bronze
C05859,Brent,Bruce,spearsjuan@example.org,Mississauga,Ontario,2022-04-05,Bronze
C05860,Nancy,Taylor,nwilliams@example.com,Hamilton,Ontario,2024-04-11,Silver
C05861,Mary,Bailey,ray10@example.net,Hamilton,Ontario,2026-01-24,Gold
C05862,Shane,Harmon,mayosteve@example.net,Hamilton,Ontario,2021-08-22,Gold
C05863,Ashley,Soto,markmurphy@example.net,Ottawa,Ontario,2022-12-10,Bronze
C05864,Cody,Ramirez,jennifer60@example.com,Mississauga,Ontario,2026-02-26,Bronze
C05865,Patrick,Mann,kvance@example.net,Vancouver,British Columbia,2022-07-26,Bronze
C05866,Justin,King,eharris@example.net,Calgary,Alberta,2024-07-21,Bronze
C05867,Kevin,Nelson,rodneychandler@example.net,Ottawa,Ontario,2022-06-24,Bronze
C05868,Barbara,Larson,patelashley@example.com,Brampton,Ontario,2025-01-10,Silver
C05869,Jessica,Berry,cherylgeorge@example.org,Vancouver,British Columbia,2024-10-30,Bronze
C05870,Rhonda,Beard,ashleypowell@example.net,Hamilton,Ontario,2025-07-19,Bronze
C05871,Thomas,Raymond,howardtrevor@example.net,Calgary,Alberta,2022-01-11,Silver
C05872,Michael,Bond,sonya54@example.org,Calgary,Alberta,2025-12-15,Gold
C05873,Christine,Ramirez,smartin@example.org,Hamilton,Ontario,2024-07-23,Gold
C05874,Michael,Cruz,pereznicole@example.org,Vancouver,British Columbia,2022-11-12,Bronze
C05875,Justin,Watts,david98@example.org,Mississauga,Ontario,2026-07-14,Silver
C05876,William,Goodwin,heatherwade@example.com,Ottawa,Ontario,2024-08-18,Bronze
C05877,Jennifer,Ray,ashleyblack@example.org,Toronto,Ontario,2026-01-09,Bronze
C05878,Dale,Smith,frederick07@example.com,Ottawa,Ontario,2026-01-27,Silver
C05879,Daniel,Crawford,mary62@example.org,Calgary,Alberta,2023-11-21,Silver
C05880,John,Nelson,christine10@example.org,Ottawa,Ontario,2024-11-24,Bronze
C05881,Justin,Brown,adam67@example.net,Ottawa,Ontario,2022-09-13,Bronze
C05882,Brandi,Perry,chardy@example.net,Hamilton,Ontario,2022-08-31,Silver
C05883,Melinda,Horton,jasminebailey@example.org,Brampton,Ontario,2026-03-07,Bronze
C05884,Julie,Martinez,rblankenship@example.com,Toronto,Ontario,2022-06-30,Bronze
C05885,Scott,Blackwell,reneemaddox@example.com,Vancouver,British Columbia,2021-12-13,Silver
C05886,Alan,Rivera,elijahmartinez@example.net,Vancouver,British Columbia,2024-04-19,Silver
C05887,Stephen,Davis,ethanmiller@example.com,Toronto,Ontario,2025-08-17,Bronze
C05888,Brittany,Kerr,rebecca07@example.com,Vancouver,British Columbia,2024-01-25,Silver
C05889,Kimberly,Stokes,umcdaniel@example.net,Mississauga,Ontario,2025-08-11,Silver
C05890,Jacob,Bennett,sanchezphilip@example.com,Hamilton,Ontario,2022-08-23,Gold
C05891,Paul,Davis,joel84@example.org,Hamilton,Ontario,2022-10-14,Bronze
C05892,Lindsay,Reilly,jeffreywilliams@example.org,Brampton,Ontario,2023-03-04,Silver
C05893,John,Riley,jeannewilliamson@example.com,Vancouver,British Columbia,2022-02-25,Gold
C05894,Colin,Taylor,abbottkathleen@example.com,Hamilton,Ontario,2021-09-22,Bronze
C05895,Robert,Navarro,brittanycross@example.net,Vancouver,British Columbia,2022-05-01,Silver
C05896,Christopher,Snyder,susanvaldez@example.com,Ottawa,Ontario,2024-04-30,Bronze
C05897,Allison,Benjamin,kylepacheco@example.org,Vancouver,British Columbia,2024-10-15,Bronze
C05898,Alec,Garcia,montesjennifer@example.net,Hamilton,Ontario,2022-09-21,Silver
C05899,Jonathan,Schultz,vgomez@example.org,Vancouver,British Columbia,2024-01-06,Gold
C05900,Joshua,Chan,chasegarcia@example.net,Vancouver,British Columbia,2023-09-29,Bronze
C05901,Kimberly,Jacobs,bsheppard@example.org,Hamilton,Ontario,2025-09-19,Bronze
C05902,Nicole,Graves,rachelbrown@example.org,Mississauga,Ontario,2024-09-07,Bronze
C05903,Matthew,Hughes,suttonwilliam@example.com,Hamilton,Ontario,2024-11-17,Bronze
C05904,Nicole,Shaw,eric52@example.org,Calgary,Alberta,2024-03-05,Silver
C05905,David,Sanchez,coxjustin@example.net,Toronto,Ontario,2021-10-03,Silver
C05906,Joseph,Wilson,karen80@example.org,Calgary,Alberta,2023-03-08,Bronze
C05907,Victoria,Welch,jpark@example.org,Toronto,Ontario,2024-09-24,Bronze
C05908,Charles,Roy,marksherman@example.com,Edmonton,Alberta,2022-12-18,Gold
C05909,Patricia,Howard,jkemp@example.org,Vancouver,British Columbia,2024-03-18,Bronze
C05910,Ashley,Holt,victoriaatkinson@example.org,Toronto,Ontario,2021-11-21,Silver
C05911,Thomas,Jackson,rachael62@example.net,Hamilton,Ontario,2024-09-18,Bronze
C05912,Seth,Mckenzie,justinblanchard@example.org,Toronto,Ontario,2026-02-04,Silver
C05913,Brittany,Mayo,john53@example.org,Ottawa,Ontario,2024-08-13,Silver
C05914,Anthony,Barnett,spencerphyllis@example.org,Calgary,Alberta,2022-12-26,Bronze
C05915,Tina,Greer,zibarra@example.net,Calgary,Alberta,2026-02-05,Silver
C05916,Christine,Fleming,bruiz@example.net,Calgary,Alberta,2021-09-03,Gold
C05917,Angela,Green,floreskaren@example.net,Vancouver,British Columbia,2024-10-26,Silver
C05918,Danielle,Johnson,cmartinez@example.net,Ottawa,Ontario,2022-10-22,Bronze
C05919,Cathy,Suarez,fowlerpatricia@example.net,Calgary,Alberta,2022-01-21,Bronze
C05920,Joseph,Marshall,icoleman@example.net,Mississauga,Ontario,2022-06-06,Silver
C05921,Steven,Sparks,williamstina@example.com,Ottawa,Ontario,2024-01-25,Silver
C05922,Kelly,Myers,jeffreyreed@example.org,Calgary,Alberta,2022-08-12,Bronze
C05923,Michelle,Bryant,bradleymcdonald@example.net,Edmonton,Alberta,2022-05-04,Silver
C05924,Dillon,Gonzalez,bellpatrick@example.org,Mississauga,Ontario,2026-07-10,Bronze
C05925,Allen,Fuller,allen32@example.org,Ottawa,Ontario,2025-10-10,Bronze
C05926,Caleb,Mason,heathrandy@example.org,Brampton,Ontario,2021-11-10,Bronze
C05927,Aimee,Abbott,gregory51@example.net,Ottawa,Ontario,2023-04-19,Silver
C05928,Brooke,Torres,bellmatthew@example.com,Edmonton,Alberta,2021-08-02,Silver
C05929,Brian,Williams,zmartinez@example.org,Vancouver,British Columbia,2022-05-20,Bronze
C05930,Cindy,Wilkins,jcarson@example.com,Calgary,Alberta,2022-06-27,Bronze
C05931,Dominique,Mccann,estout@example.net,Hamilton,Ontario,2024-12-06,Silver
C05932,David,Ball,zwelch@example.com,Vancouver,British Columbia,2024-07-24,Bronze
C05933,Ann,Martinez,turnermatthew@example.net,Calgary,Alberta,2024-03-14,Bronze
C05934,Nicole,Wilson,brandonbenjamin@example.org,Toronto,Ontario,2023-06-25,Bronze
C05935,Tammy,Mcfarland,stephanie60@example.org,Edmonton,Alberta,2026-05-11,Silver
C05936,Matthew,Turner,marcus15@example.com,Hamilton,Ontario,2023-12-16,Silver
C05937,Paul,Nelson,oroberson@example.org,Toronto,Ontario,2022-08-19,Bronze
C05938,Robert,Simon,kelly70@example.org,Calgary,Alberta,2023-03-15,Bronze
C05939,Juan,Hill,brandonjohnston@example.com,Brampton,Ontario,2025-01-10,Bronze
C05940,Kayla,Dougherty,david91@example.net,Hamilton,Ontario,2023-06-16,Silver
C05941,Kyle,Duncan,amandaherrera@example.com,Calgary,Alberta,2024-01-26,Silver
C05942,Daniel,Bowers,susanhodge@example.net,Calgary,Alberta,2023-11-23,Silver
C05943,Kathryn,Johnson,kathleenvega@example.org,Vancouver,British Columbia,2021-12-29,Bronze
C05944,Kevin,Robinson,hollandjason@example.org,Mississauga,Ontario,2024-02-23,Bronze
C05945,Kristin,Kane,stacysmith@example.org,Hamilton,Ontario,2023-04-23,Bronze
C05946,Gina,Sellers,kwatkins@example.com,Hamilton,Ontario,2022-12-26,Silver
C05947,Tracy,Clark,jennifer54@example.org,Edmonton,Alberta,2025-05-25,Bronze
C05948,Julie,Simmons,cookdanielle@example.com,Edmonton,Alberta,2024-03-31,Gold
C05949,Kevin,Alvarado,jgaines@example.org,Ottawa,Ontario,2022-04-28,Silver
C05950,Jennifer,Wright,vserrano@example.com,Calgary,Alberta,2024-09-12,Silver
C05951,Steven,Bray,nicole80@example.org,Mississauga,Ontario,2025-07-12,Silver
C05952,Devin,Woods,smithstephanie@example.org,Ottawa,Ontario,2022-05-01,Bronze
C05953,Jeremy,Petty,williamsjoseph@example.org,Calgary,Alberta,2023-09-21,Silver
C05954,Tyrone,Flynn,james01@example.net,Vancouver,British Columbia,2025-05-03,Bronze
C05955,Susan,Randolph,kathryncalhoun@example.com,Mississauga,Ontario,2025-11-10,Bronze
C05956,Travis,Goodman,noahevans@example.org,Calgary,Alberta,2022-02-16,Silver
C05957,William,Johnson,tyler42@example.net,Hamilton,Ontario,2023-02-20,Silver
C05958,Barry,Mcdonald,nicholas06@example.com,Ottawa,Ontario,2025-12-20,Bronze
C05959,Paul,Johnson,brewermartha@example.com,Calgary,Alberta,2025-11-20,Bronze
C05960,Justin,Jensen,timothydavis@example.org,Toronto,Ontario,2022-12-09,Bronze
C05961,Elizabeth,Carter,rmarshall@example.net,Hamilton,Ontario,2024-12-09,Gold
C05962,Christopher,Reeves,susan83@example.com,Toronto,Ontario,2025-12-21,Silver
C05963,Brent,Jones,cathymartinez@example.com,Edmonton,Alberta,2022-02-02,Bronze
C05964,Marcus,Tucker,tony20@example.org,Calgary,Alberta,2024-09-07,Bronze
C05965,Wesley,Daugherty,ejohnston@example.net,Mississauga,Ontario,2021-10-11,Bronze
C05966,Julie,Perez,hansentina@example.net,Brampton,Ontario,2025-05-20,Silver
C05967,Janice,Miller,misty89@example.org,Toronto,Ontario,2025-01-24,Bronze
C05968,Tyrone,Anderson,atrevino@example.org,Edmonton,Alberta,2026-05-03,Gold
C05969,Louis,Shelton,shannon21@example.com,Hamilton,Ontario,2024-12-23,Gold
C05970,Jermaine,Frazier,merrittwalter@example.net,Mississauga,Ontario,2022-04-07,Silver
C05971,Morgan,Ashley,scottmendez@example.net,Vancouver,British Columbia,2024-11-15,Bronze
C05972,Adam,Rodriguez,robertjoseph@example.com,Ottawa,Ontario,2022-10-10,Gold
C05973,Rhonda,Mitchell,julie92@example.net,Brampton,Ontario,2026-04-24,Bronze
C05974,Ronald,Shannon,bairderic@example.org,Vancouver,British Columbia,2023-05-19,Silver
C05975,Gregory,Schmidt,ocobb@example.com,Ottawa,Ontario,2022-12-09,Silver
C05976,Jennifer,Farmer,mooremarcus@example.org,Brampton,Ontario,2024-12-30,Bronze
C05977,Latoya,Gonzalez,barkeranthony@example.com,Edmonton,Alberta,2025-01-02,Silver
C05978,Michael,Krause,ewolfe@example.org,Toronto,Ontario,2024-12-31,Bronze
C05979,Scott,Wilson,walshpatrick@example.com,Ottawa,Ontario,2025-10-23,Silver
C05980,David,Martinez,smithpatricia@example.net,Ottawa,Ontario,2025-08-28,Bronze
C05981,Danielle,Jordan,buckleydavid@example.com,Vancouver,British Columbia,2023-07-09,Silver
C05982,Brandon,Johnson,sean60@example.com,Hamilton,Ontario,2025-08-21,Bronze
C05983,Sheila,Huerta,pkaufman@example.net,Mississauga,Ontario,2023-03-24,Bronze
C05984,Sandra,Rice,dixonlinda@example.com,Edmonton,Alberta,2025-12-30,Silver
C05985,Noah,Molina,paulchristina@example.net,Calgary,Alberta,2022-02-12,Bronze
C05986,Tina,Castillo,chelsea10@example.org,Vancouver,British Columbia,2026-04-15,Bronze
C05987,Margaret,Blair,bcollins@example.com,Brampton,Ontario,2025-10-23,Bronze
C05988,Daniel,King,davismatthew@example.org,Vancouver,British Columbia,2022-04-10,Bronze
C05989,Robert,Mcguire,mjackson@example.org,Vancouver,British Columbia,2024-07-21,Bronze
C05990,Kristy,Jordan,goldensusan@example.org,Toronto,Ontario,2021-11-15,Bronze
C05991,Jeffrey,Johnson,mdawson@example.org,Brampton,Ontario,2022-07-18,Bronze
C05992,Steven,Hall,cordovaterrence@example.com,Calgary,Alberta,2025-03-18,Bronze
C05993,Brianna,Lynch,msimpson@example.com,Hamilton,Ontario,2026-03-30,Silver
C05994,Kim,Stevenson,hlee@example.org,Edmonton,Alberta,2025-05-03,Bronze
C05995,Christina,Espinoza,wilsonchristopher@example.org,Hamilton,Ontario,2023-09-07,Bronze
C05996,Tracy,Rodriguez,randy24@example.org,Ottawa,Ontario,2022-03-11,Silver
C05997,Bill,Olson,edgarbarrera@example.com,Toronto,Ontario,2026-03-06,Silver
C05998,Jack,Ramirez,rita07@example.com,Brampton,Ontario,2026-04-25,Bronze
C05999,Deborah,Blair,todd82@example.com,Hamilton,Ontario,2024-05-12,Gold
C06000,Vanessa,Eaton,yangandrew@example.com,Vancouver,British Columbia,2023-07-02,Bronze
C06001,Cory,Phillips,samanthamiller@example.net,Ottawa,Ontario,2025-11-11,Bronze
C06002,Maria,Green,wpeterson@example.org,Calgary,Alberta,2021-09-24,Silver
C06003,Katherine,Jones,martinalejandro@example.org,Brampton,Ontario,2026-02-07,Bronze
C06004,Tiffany,Boyd,john13@example.net,Toronto,Ontario,2023-10-15,Silver
C06005,Brian,Kirby,andreaadams@example.com,Mississauga,Ontario,2022-08-23,Gold
C06006,Cassandra,Berry,crystal77@example.com,Edmonton,Alberta,2023-07-11,Bronze
C06007,Leslie,White,bryantnicole@example.net,Vancouver,British Columbia,2021-09-02,Bronze
C06008,Jennifer,Williams,garciadeborah@example.org,Ottawa,Ontario,2025-07-25,Bronze
C06009,Michael,Rose,nicolemayer@example.org,Mississauga,Ontario,2026-06-20,Silver
C06010,Thomas,Lawson,cbell@example.net,Ottawa,Ontario,2021-09-24,Bronze
C06011,Brian,Vasquez,alicia82@example.net,Edmonton,Alberta,2022-06-13,Bronze
C06012,Joyce,Brown,amanda48@example.net,Toronto,Ontario,2024-12-20,Bronze
C06013,Nicholas,Knox,mauricegutierrez@example.com,Hamilton,Ontario,2022-03-02,Bronze
C06014,Kaitlyn,Gibson,timothymathis@example.net,Calgary,Alberta,2022-05-11,Bronze
C06015,Wayne,Rice,reynoldsdouglas@example.org,Edmonton,Alberta,2026-02-16,Bronze
C06016,Randy,Walters,petersonjames@example.net,Ottawa,Ontario,2022-10-06,Bronze
C06017,Samantha,Zhang,hmiller@example.org,Hamilton,Ontario,2022-05-16,Gold
C06018,Austin,Black,raymond23@example.org,Mississauga,Ontario,2022-06-12,Silver
C06019,Gary,Snyder,david55@example.com,Edmonton,Alberta,2026-04-17,Bronze
C06020,Kimberly,Carrillo,tbauer@example.org,Calgary,Alberta,2024-09-07,Bronze
C06021,Paul,Lewis,timothy06@example.org,Toronto,Ontario,2022-04-04,Bronze
C06022,Cassidy,Brooks,joshua45@example.net,Hamilton,Ontario,2026-03-20,Silver
C06023,Larry,Hughes,vcruz@example.org,Brampton,Ontario,2026-03-03,Silver
C06024,Jonathan,Johnson,thompsonemily@example.net,Calgary,Alberta,2023-07-30,Silver
C06025,Jose,Smith,smithpatricia@example.com,Brampton,Ontario,2022-09-11,Silver
C06026,Jennifer,Brown,ehamilton@example.net,Edmonton,Alberta,2023-10-30,Silver
C06027,Jermaine,Hall,bkent@example.net,Brampton,Ontario,2025-11-12,Silver
C06028,Barbara,Trevino,edward87@example.com,Toronto,Ontario,2024-12-30,Bronze
C06029,David,Reyes,ebrown@example.net,Calgary,Alberta,2022-01-07,Gold
C06030,Nancy,Guzman,melissa43@example.net,Vancouver,British Columbia,2024-09-30,Silver
C06031,Evelyn,Salazar,jeremiah71@example.com,Hamilton,Ontario,2022-04-26,Bronze
C06032,Veronica,Sherman,richard27@example.net,Calgary,Alberta,2026-07-11,Bronze
C06033,Ashley,Morris,jonesjodi@example.org,Ottawa,Ontario,2023-04-20,Silver
C06034,Denise,Ruiz,dianataylor@example.com,Toronto,Ontario,2021-09-19,Silver
C06035,Teresa,Bradshaw,hudsonstephen@example.org,Toronto,Ontario,2026-05-11,Bronze
C06036,Robert,Bauer,ojones@example.com,Ottawa,Ontario,2025-03-20,Bronze
C06037,Annette,Martin,elaine47@example.org,Vancouver,British Columbia,2023-04-12,Bronze
C06038,Christopher,Parks,halljoshua@example.com,Hamilton,Ontario,2024-08-08,Bronze
C06039,Andrea,Lam,osmith@example.net,Edmonton,Alberta,2023-10-08,Bronze
C06040,Jackson,Glass,scottrussell@example.net,Vancouver,British Columbia,2025-05-20,Bronze
C06041,Kathryn,Garcia,farleyjulia@example.com,Hamilton,Ontario,2023-12-18,Bronze
C06042,Megan,Barker,mwalker@example.org,Calgary,Alberta,2021-11-29,Bronze
C06043,Teresa,Smith,stevenparks@example.net,Hamilton,Ontario,2026-04-02,Silver
C06044,Michael,Griffin,paula52@example.org,Edmonton,Alberta,2024-12-23,Bronze
C06045,Lee,Aguirre,jweiss@example.com,Hamilton,Ontario,2022-05-08,Gold
C06046,Sharon,Powers,william15@example.com,Ottawa,Ontario,2025-12-20,Bronze
C06047,Ethan,Carpenter,riverarhonda@example.net,Toronto,Ontario,2023-07-13,Bronze
C06048,James,Mccoy,bbrooks@example.com,Brampton,Ontario,2022-08-31,Silver
C06049,David,Smith,gregory41@example.com,Brampton,Ontario,2022-10-13,Bronze
C06050,Cynthia,Jones,jerryaustin@example.org,Mississauga,Ontario,2021-12-12,Bronze
C06051,Renee,Sanders,lisa28@example.org,Calgary,Alberta,2023-01-17,Bronze
C06052,Daniel,Paul,campbelljared@example.com,Hamilton,Ontario,2021-11-28,Bronze
C06053,Andrew,Romero,douglas69@example.net,Vancouver,British Columbia,2025-06-29,Silver
C06054,Bruce,Bullock,ballamanda@example.com,Brampton,Ontario,2025-11-09,Bronze
C06055,Justin,Vasquez,rebecca38@example.com,Mississauga,Ontario,2023-12-17,Bronze
C06056,Nicole,Middleton,huntjoanna@example.com,Toronto,Ontario,2022-03-29,Bronze
C06057,Ashley,Rice,steven70@example.com,Ottawa,Ontario,2022-01-12,Bronze
C06058,Stacy,Howard,osbornanna@example.com,Edmonton,Alberta,2023-06-17,Bronze
C06059,David,Moore,aaronmoore@example.net,Toronto,Ontario,2026-04-21,Silver
C06060,Justin,Klein,rhonda29@example.com,Brampton,Ontario,2024-03-10,Bronze
C06061,Bobby,Hill,morsemichelle@example.org,Toronto,Ontario,2023-02-08,Bronze
C06062,Jordan,Wilkinson,sabrinachandler@example.net,Toronto,Ontario,2025-01-29,Bronze
C06063,Bill,Pope,alvarezsonya@example.net,Edmonton,Alberta,2024-11-14,Bronze
C06064,Autumn,Owens,yjennings@example.org,Ottawa,Ontario,2021-11-02,Silver
C06065,Sierra,Greene,michaelsims@example.org,Mississauga,Ontario,2022-03-04,Bronze
C06066,Lori,Simmons,claudiamaynard@example.org,Hamilton,Ontario,2023-11-12,Silver
C06067,Christopher,Lewis,lisamiller@example.com,Toronto,Ontario,2022-05-27,Bronze
C06068,Eric,Marks,kevin80@example.net,Mississauga,Ontario,2025-08-29,Silver
C06069,Melissa,Owens,gnorman@example.net,Brampton,Ontario,2026-02-01,Bronze
C06070,Mary,Griffin,lukesmith@example.com,Brampton,Ontario,2023-09-01,Bronze
C06071,Peter,Allen,hzavala@example.org,Brampton,Ontario,2025-06-11,Bronze
C06072,Cody,Hill,jduran@example.org,Calgary,Alberta,2023-01-24,Silver
C06073,Jose,Bentley,brad30@example.org,Edmonton,Alberta,2025-08-17,Bronze
C06074,Rebecca,Martinez,rpeters@example.net,Ottawa,Ontario,2021-08-13,Silver
C06075,Carla,Boyer,suarezdennis@example.net,Ottawa,Ontario,2025-04-17,Gold
C06076,Bobby,Smith,wbrown@example.org,Mississauga,Ontario,2021-11-18,Silver
C06077,Jeanne,Rodriguez,monicagonzales@example.org,Vancouver,British Columbia,2024-10-05,Bronze
C06078,Yvette,Nelson,meyerpaul@example.org,Hamilton,Ontario,2022-10-11,Silver
C06079,Lisa,Snyder,wolfsavannah@example.net,Hamilton,Ontario,2025-05-07,Bronze
C06080,Mary,Barnes,anneflowers@example.net,Vancouver,British Columbia,2026-06-24,Silver
C06081,Donald,Marshall,vhughes@example.net,Toronto,Ontario,2024-06-11,Bronze
C06082,Thomas,Adams,whitneydavid@example.com,Mississauga,Ontario,2024-02-24,Bronze
C06083,Miguel,Moore,odonnellhaley@example.net,Brampton,Ontario,2025-04-30,Silver
C06084,Bryan,Harris,jennifer17@example.net,Brampton,Ontario,2025-11-29,Bronze
C06085,Kelly,Burnett,ashleymontoya@example.net,Toronto,Ontario,2023-06-23,Bronze
C06086,Donna,Smith,charles28@example.org,Vancouver,British Columbia,2025-04-28,Gold
C06087,Steve,Barker,sandra39@example.com,Calgary,Alberta,2026-04-13,Silver
C06088,Victor,White,alyssa58@example.org,Edmonton,Alberta,2021-12-09,Bronze
C06089,Jermaine,Jones,mclaughlinbonnie@example.org,Vancouver,British Columbia,2024-06-06,Bronze
C06090,Kelly,Jackson,thenderson@example.com,Edmonton,Alberta,2022-09-01,Bronze
C06091,Kathleen,Friedman,blakejennifer@example.org,Ottawa,Ontario,2025-03-30,Silver
C06092,Brandon,Mann,matthew00@example.com,Mississauga,Ontario,2024-10-10,Silver
C06093,Beth,Mcdaniel,davidmartinez@example.org,Calgary,Alberta,2024-09-07,Bronze
C06094,Daniel,Gibbs,katelyn89@example.com,Edmonton,Alberta,2025-11-25,Bronze
C06095,Scott,Friedman,melissavaughn@example.org,Calgary,Alberta,2023-01-21,Gold
C06096,James,Taylor,smithcarrie@example.org,Brampton,Ontario,2025-06-08,Gold
C06097,Adrian,Short,ramirezharold@example.com,Ottawa,Ontario,2023-08-04,Bronze
C06098,Charles,Wright,richardanderson@example.com,Vancouver,British Columbia,2022-04-11,Silver
C06099,Jill,Watson,ssimpson@example.com,Ottawa,Ontario,2023-09-22,Bronze
C06100,Eric,Burns,mjohnson@example.net,Ottawa,Ontario,2022-08-08,Bronze
C06101,Trevor,Rich,hannahdoyle@example.com,Hamilton,Ontario,2022-11-20,Bronze
C06102,Thomas,Hardy,diana16@example.org,Toronto,Ontario,2026-03-25,Bronze
C06103,Sarah,Frazier,felicia43@example.org,Edmonton,Alberta,2023-02-27,Gold
C06104,Mark,Johnson,jenniferclark@example.net,Ottawa,Ontario,2023-03-01,Silver
C06105,Carlos,Koch,nsmith@example.net,Mississauga,Ontario,2024-07-20,Bronze
C06106,Jessica,Jackson,brownkiara@example.net,Mississauga,Ontario,2024-05-18,Bronze
C06107,Lance,Thomas,annette55@example.org,Hamilton,Ontario,2023-09-28,Bronze
C06108,Jeremiah,Newman,rothwilliam@example.com,Calgary,Alberta,2023-02-04,Silver
C06109,Susan,Myers,tavery@example.net,Brampton,Ontario,2023-07-06,Bronze
C06110,Robert,Velasquez,gillespiejessica@example.net,Hamilton,Ontario,2026-01-12,Bronze
C06111,Allison,David,lewismichael@example.com,Mississauga,Ontario,2022-06-09,Bronze
C06112,Michael,Daniels,brownmarcus@example.org,Vancouver,British Columbia,2022-10-14,Silver
C06113,Robert,Martin,ymay@example.com,Edmonton,Alberta,2026-02-14,Bronze
C06114,Richard,Morrow,xburch@example.com,Mississauga,Ontario,2024-01-05,Bronze
C06115,Derrick,Osborn,shelby78@example.org,Mississauga,Ontario,2026-03-25,Bronze
C06116,Jeffrey,Lawrence,rushsamuel@example.com,Vancouver,British Columbia,2024-09-07,Bronze
C06117,Ashley,Love,michael08@example.com,Calgary,Alberta,2021-10-14,Silver
C06118,Hector,Gross,kleinpatrick@example.org,Calgary,Alberta,2024-04-24,Silver
C06119,Chris,Peterson,webbcandice@example.com,Mississauga,Ontario,2024-04-15,Bronze
C06120,Tony,Stone,justinflores@example.org,Mississauga,Ontario,2025-07-12,Gold
C06121,Chloe,Gonzalez,tbates@example.com,Brampton,Ontario,2023-05-05,Silver
C06122,Richard,Mendoza,burgessbrian@example.org,Ottawa,Ontario,2024-06-22,Bronze
C06123,Brittney,White,osolomon@example.org,Ottawa,Ontario,2023-09-14,Bronze
C06124,Jason,Collins,denisepalmer@example.net,Calgary,Alberta,2022-04-05,Bronze
C06125,Ronald,Robinson,goldenmarissa@example.com,Ottawa,Ontario,2024-05-31,Bronze
C06126,Krista,English,ecurtis@example.org,Ottawa,Ontario,2022-11-06,Bronze
C06127,Robert,Evans,evanstoni@example.com,Vancouver,British Columbia,2024-09-17,Silver
C06128,Ashley,Barnes,stephensashley@example.org,Toronto,Ontario,2025-09-27,Silver
C06129,Janice,Sullivan,steventucker@example.com,Brampton,Ontario,2024-08-02,Bronze
C06130,Jonathan,Wilson,rhodesjillian@example.net,Hamilton,Ontario,2025-08-09,Silver
C06131,Javier,Brewer,jaimemoon@example.org,Brampton,Ontario,2025-03-23,Bronze
C06132,Savannah,Thomas,fowlerlinda@example.com,Edmonton,Alberta,2025-09-01,Gold
C06133,Ann,Moon,charles70@example.org,Brampton,Ontario,2022-04-19,Silver
C06134,Todd,Patton,keith01@example.org,Brampton,Ontario,2022-11-26,Bronze
C06135,Shannon,Lopez,hurleylucas@example.com,Brampton,Ontario,2024-01-18,Silver
C06136,Debbie,Soto,juanbailey@example.org,Vancouver,British Columbia,2022-12-31,Silver
C06137,Cody,Olson,jessica37@example.net,Calgary,Alberta,2023-08-15,Bronze
C06138,Edward,Watson,coreyramirez@example.com,Vancouver,British Columbia,2022-10-19,Gold
C06139,Rachel,Ford,kimberly14@example.org,Toronto,Ontario,2023-11-23,Gold
C06140,Jennifer,Grant,nathanmassey@example.net,Vancouver,British Columbia,2023-08-17,Bronze
C06141,Joseph,Jordan,garrisonmaurice@example.org,Calgary,Alberta,2024-11-11,Silver
C06142,Connie,Harris,karen49@example.net,Brampton,Ontario,2023-01-24,Silver
C06143,James,Thomas,karalee@example.com,Vancouver,British Columbia,2024-09-03,Bronze
C06144,Harold,Dominguez,elizabethgreen@example.net,Brampton,Ontario,2025-09-04,Bronze
C06145,Natalie,Macdonald,dawnwheeler@example.com,Ottawa,Ontario,2023-05-02,Silver
C06146,Patricia,Mejia,yanthony@example.net,Edmonton,Alberta,2025-06-19,Bronze
C06147,Samuel,Thomas,hannah06@example.net,Ottawa,Ontario,2026-07-15,Silver
C06148,Kimberly,Thompson,rasmussendebbie@example.net,Brampton,Ontario,2022-02-06,Silver
C06149,Tanya,Ramos,cathy67@example.net,Hamilton,Ontario,2025-03-19,Silver
C06150,Steve,Thompson,williamdaniels@example.org,Ottawa,Ontario,2025-01-22,Bronze
C06151,Pamela,Knight,uthompson@example.com,Mississauga,Ontario,2026-05-25,Bronze
C06152,Samantha,Burns,awells@example.com,Ottawa,Ontario,2023-04-02,Bronze
C06153,Peter,Reyes,brandonperez@example.org,Edmonton,Alberta,2024-04-03,Silver
C06154,Gregory,Hurst,gabrielle30@example.com,Brampton,Ontario,2025-10-19,Gold
C06155,Alex,Olson,paynejamie@example.net,Hamilton,Ontario,2023-03-30,Bronze
C06156,Andrea,Barton,qsandoval@example.com,Toronto,Ontario,2026-03-30,Bronze
C06157,Jennifer,Smith,freemanashley@example.org,Vancouver,British Columbia,2025-02-15,Silver
C06158,David,Miller,mitchellreyes@example.net,Edmonton,Alberta,2025-10-11,Bronze
C06159,Lisa,Payne,bonnie19@example.com,Edmonton,Alberta,2022-03-25,Bronze
C06160,Gabriella,Martin,brianlong@example.org,Edmonton,Alberta,2025-12-09,Silver
C06161,Brent,Richard,heather38@example.org,Brampton,Ontario,2023-01-11,Silver
C06162,Gloria,Jones,margaret49@example.net,Hamilton,Ontario,2025-02-23,Silver
C06163,Devon,Sawyer,charles18@example.org,Edmonton,Alberta,2025-09-26,Silver
C06164,Rebecca,Mooney,kmartin@example.net,Calgary,Alberta,2023-12-02,Silver
C06165,Laura,Clark,wbrown@example.net,Vancouver,British Columbia,2023-08-24,Bronze
C06166,Christine,Krause,ramosjoe@example.net,Brampton,Ontario,2023-01-26,Silver
C06167,Claire,Burke,kimberly05@example.com,Mississauga,Ontario,2023-05-31,Silver
C06168,Jonathan,Martinez,daniel10@example.org,Brampton,Ontario,2023-09-13,Bronze
C06169,Robert,Sharp,mindy52@example.org,Ottawa,Ontario,2022-09-01,Bronze
C06170,Michael,Coleman,tonya08@example.com,Calgary,Alberta,2023-03-15,Bronze
C06171,Betty,Navarro,mendozaangela@example.com,Hamilton,Ontario,2023-05-10,Bronze
C06172,Keith,Newton,ruth39@example.com,Edmonton,Alberta,2026-04-16,Bronze
C06173,Kenneth,Smith,carlasampson@example.org,Calgary,Alberta,2024-04-23,Bronze
C06174,Cindy,Collins,hhunt@example.org,Mississauga,Ontario,2023-01-29,Bronze
C06175,Robert,Brewer,larsonjamie@example.net,Mississauga,Ontario,2025-12-14,Silver
C06176,Jerry,Chen,ephillips@example.net,Toronto,Ontario,2023-02-12,Bronze
C06177,Brandon,Taylor,martin36@example.net,Hamilton,Ontario,2025-06-10,Gold
C06178,Amber,Bowers,amandabrown@example.com,Hamilton,Ontario,2021-09-15,Bronze
C06179,Mathew,Scott,zprice@example.org,Mississauga,Ontario,2026-03-13,Silver
C06180,Julie,Richardson,jennifer42@example.net,Calgary,Alberta,2026-03-10,Bronze
C06181,Melissa,Martin,cgordon@example.net,Edmonton,Alberta,2021-10-01,Gold
C06182,Rebecca,Gray,osbornecourtney@example.com,Mississauga,Ontario,2022-10-18,Bronze
C06183,Randy,Bailey,scottphillip@example.com,Hamilton,Ontario,2023-10-03,Bronze
C06184,Tyler,Raymond,farrellamy@example.org,Vancouver,British Columbia,2024-08-25,Bronze
C06185,Michelle,Morrison,michael11@example.org,Ottawa,Ontario,2025-12-08,Bronze
C06186,Anne,Thomas,rebecca87@example.com,Calgary,Alberta,2023-07-14,Silver
C06187,Sean,Simpson,sheila82@example.com,Brampton,Ontario,2023-08-10,Gold
C06188,Erica,Hill,andersonallison@example.org,Brampton,Ontario,2023-06-21,Bronze
C06189,Leah,Vargas,cynthiamartinez@example.org,Mississauga,Ontario,2022-02-28,Bronze
C06190,Scott,Campbell,mary17@example.org,Hamilton,Ontario,2022-11-26,Silver
C06191,Karl,Meyer,jeanette44@example.com,Edmonton,Alberta,2021-11-16,Bronze
C06192,Philip,Davis,zperez@example.org,Calgary,Alberta,2023-09-04,Bronze
C06193,Maria,Smith,bautistajoshua@example.org,Brampton,Ontario,2024-03-15,Silver
C06194,Susan,West,cuevastodd@example.net,Toronto,Ontario,2023-08-04,Bronze
C06195,Makayla,Smith,melissadean@example.com,Hamilton,Ontario,2021-10-19,Gold
C06196,Robert,Martin,istephenson@example.com,Vancouver,British Columbia,2024-09-18,Bronze
C06197,Andrew,Gilmore,lesliecook@example.com,Ottawa,Ontario,2021-09-22,Bronze
C06198,Katherine,Brown,hthompson@example.com,Vancouver,British Columbia,2021-12-13,Bronze
C06199,Shawn,White,williamssusan@example.net,Calgary,Alberta,2023-10-08,Bronze
C06200,Cassie,Weber,pjones@example.com,Brampton,Ontario,2024-06-03,Silver
C06201,Amanda,Waters,perrydavid@example.com,Toronto,Ontario,2023-05-26,Bronze
C06202,Joseph,Wilson,valerie16@example.org,Ottawa,Ontario,2023-07-05,Silver
C06203,Alicia,Taylor,clarkesusan@example.net,Hamilton,Ontario,2022-04-07,Bronze
C06204,Crystal,Ramsey,anthonytucker@example.net,Calgary,Alberta,2025-10-27,Silver
C06205,Diane,Jacobs,vfleming@example.net,Calgary,Alberta,2024-03-20,Silver
C06206,Alan,Estes,sara49@example.com,Mississauga,Ontario,2023-04-23,Silver
C06207,Gina,Johnson,gmartinez@example.net,Edmonton,Alberta,2024-09-07,Bronze
C06208,Ryan,Bird,jeffreyortega@example.org,Ottawa,Ontario,2025-04-11,Bronze
C06209,Janice,Berry,paul52@example.net,Brampton,Ontario,2021-12-23,Gold
C06210,Christina,Goodman,wileykarina@example.org,Edmonton,Alberta,2026-01-27,Silver
C06211,Christina,Sherman,vmontgomery@example.net,Brampton,Ontario,2025-02-10,Silver
C06212,Monica,Weaver,lhall@example.com,Mississauga,Ontario,2025-04-25,Silver
C06213,Deborah,Sanchez,nmckenzie@example.org,Mississauga,Ontario,2026-05-06,Gold
C06214,Daniel,Dennis,jonperez@example.org,Calgary,Alberta,2023-01-18,Bronze
C06215,Nancy,Graves,brandy20@example.org,Edmonton,Alberta,2023-07-22,Silver
C06216,Brett,Nichols,srichard@example.org,Hamilton,Ontario,2022-01-26,Bronze
C06217,Katherine,Harris,diane70@example.com,Mississauga,Ontario,2021-11-04,Bronze
C06218,Jeffrey,Hood,hannah33@example.com,Ottawa,Ontario,2022-06-04,Bronze
C06219,Lauren,Jones,daniel16@example.org,Hamilton,Ontario,2026-06-27,Bronze
C06220,David,Ruiz,carljohnson@example.com,Calgary,Alberta,2025-11-22,Silver
C06221,Samantha,Mays,maryabbott@example.net,Brampton,Ontario,2022-08-05,Bronze
C06222,Stacy,Zhang,warrensylvia@example.com,Toronto,Ontario,2025-06-08,Bronze
C06223,Christine,Lynch,barbara05@example.com,Mississauga,Ontario,2022-09-01,Silver
C06224,Megan,Welch,belinda15@example.net,Vancouver,British Columbia,2026-06-03,Bronze
C06225,Emily,Carpenter,rsavage@example.net,Toronto,Ontario,2022-11-16,Bronze
C06226,Arthur,Lee,nicholasburke@example.org,Ottawa,Ontario,2025-02-01,Silver
C06227,Deanna,Fisher,matthewrodriguez@example.net,Brampton,Ontario,2024-03-25,Bronze
C06228,Jonathan,Murphy,lisachen@example.com,Calgary,Alberta,2021-08-18,Silver
C06229,Parker,Fletcher,hillgregory@example.net,Brampton,Ontario,2022-11-07,Gold
C06230,Sheila,Gonzalez,jose52@example.org,Edmonton,Alberta,2025-02-23,Bronze
C06231,Mercedes,Church,amandamaxwell@example.org,Brampton,Ontario,2024-07-23,Silver
C06232,Nancy,Fuller,derekmcintyre@example.net,Ottawa,Ontario,2025-03-19,Gold
C06233,Kevin,Allen,christinasingleton@example.org,Edmonton,Alberta,2022-03-15,Silver
C06234,Scott,Lawrence,gabriel69@example.net,Ottawa,Ontario,2024-05-12,Silver
C06235,Richard,Adams,morganrebecca@example.org,Vancouver,British Columbia,2022-02-20,Bronze
C06236,Gerald,Johnson,schwartztimothy@example.org,Edmonton,Alberta,2021-10-27,Silver
C06237,Joshua,Cummings,chloerivas@example.com,Edmonton,Alberta,2023-11-22,Bronze
C06238,James,Long,wdonaldson@example.org,Vancouver,British Columbia,2022-09-18,Bronze
C06239,Jeffrey,Rosario,zscott@example.org,Vancouver,British Columbia,2022-03-11,Silver
C06240,Jennifer,Rodriguez,troberts@example.com,Vancouver,British Columbia,2024-09-27,Silver
C06241,Barry,Lynch,lowesara@example.net,Calgary,Alberta,2025-10-06,Silver
C06242,Benjamin,Singleton,alicia17@example.com,Ottawa,Ontario,2024-06-27,Bronze
C06243,John,Klein,dwalker@example.net,Toronto,Ontario,2025-03-30,Bronze
C06244,Christina,Hanna,joepatterson@example.org,Toronto,Ontario,2024-09-03,Bronze
C06245,Christine,Reed,andreawalls@example.org,Calgary,Alberta,2022-08-06,Bronze
C06246,Gregory,Gonzalez,aadams@example.com,Ottawa,Ontario,2023-03-21,Bronze
C06247,Derek,Jackson,tony46@example.org,Mississauga,Ontario,2024-03-25,Bronze
C06248,Richard,Cruz,julie03@example.com,Ottawa,Ontario,2022-02-13,Bronze
C06249,Jennifer,Washington,kellycraig@example.org,Toronto,Ontario,2025-08-14,Gold
C06250,Dawn,Fleming,brightveronica@example.com,Mississauga,Ontario,2021-09-01,Silver
C06251,Destiny,Jones,victoriariddle@example.net,Mississauga,Ontario,2024-07-28,Bronze
C06252,Amy,Maldonado,maria67@example.org,Brampton,Ontario,2022-02-22,Silver
C06253,Angela,Edwards,david96@example.com,Mississauga,Ontario,2026-04-10,Silver
C06254,Shaun,Martinez,christopher51@example.org,Edmonton,Alberta,2025-07-08,Silver
C06255,Heather,Woodward,kevin99@example.com,Toronto,Ontario,2022-08-02,Bronze
C06256,Wendy,Garcia,odean@example.com,Vancouver,British Columbia,2024-03-21,Bronze
C06257,James,Maxwell,melissahill@example.org,Hamilton,Ontario,2022-04-08,Bronze
C06258,Ann,Colon,curtischarles@example.com,Toronto,Ontario,2023-12-24,Bronze
C06259,Laura,Sharp,mwalker@example.com,Brampton,Ontario,2023-10-11,Silver
C06260,Abigail,Bowers,troyyoung@example.net,Ottawa,Ontario,2026-02-18,Bronze
C06261,Susan,Perez,perezmartin@example.com,Edmonton,Alberta,2024-10-27,Bronze
C06262,Dennis,Knox,christine16@example.com,Mississauga,Ontario,2025-02-17,Bronze
C06263,Julie,Carter,kdavis@example.org,Edmonton,Alberta,2026-03-21,Silver
C06264,Jennifer,Lindsey,davisemily@example.com,Vancouver,British Columbia,2023-12-29,Bronze
C06265,Anna,Hernandez,osmith@example.org,Vancouver,British Columbia,2021-12-06,Bronze
C06266,Anthony,Graham,nicholas95@example.com,Hamilton,Ontario,2026-02-24,Silver
C06267,Kathleen,Jones,laramichael@example.net,Vancouver,British Columbia,2022-10-24,Bronze
C06268,Amy,Martinez,whitehayley@example.org,Edmonton,Alberta,2025-05-13,Bronze
C06269,Eric,Christian,wilsonpatrick@example.net,Calgary,Alberta,2023-02-16,Gold
C06270,Jonathan,Smith,jacksonmatthew@example.net,Toronto,Ontario,2025-02-21,Bronze
C06271,Nancy,Wright,jenniferdunn@example.net,Ottawa,Ontario,2022-01-08,Bronze
C06272,Mark,Baker,wkelly@example.net,Toronto,Ontario,2026-06-16,Bronze
C06273,Kristin,Garcia,kyates@example.org,Toronto,Ontario,2024-08-16,Bronze
C06274,Stephen,Bentley,jward@example.org,Hamilton,Ontario,2022-05-09,Bronze
C06275,Matthew,Murray,phyllis25@example.com,Calgary,Alberta,2022-03-09,Bronze
C06276,Jessica,Booth,taylorfisher@example.net,Edmonton,Alberta,2022-02-28,Silver
C06277,Julie,Robertson,hcrawford@example.net,Brampton,Ontario,2024-06-12,Bronze
C06278,Gary,Nguyen,stephaniegibson@example.net,Edmonton,Alberta,2022-09-27,Bronze
C06279,Adam,Castillo,mallen@example.net,Brampton,Ontario,2022-12-29,Silver
C06280,Wendy,Williams,tmalone@example.net,Calgary,Alberta,2026-06-20,Bronze
C06281,Jordan,Gardner,ronaldsmith@example.net,Toronto,Ontario,2023-10-24,Silver
C06282,Nicholas,Dyer,scottwright@example.com,Vancouver,British Columbia,2026-06-26,Silver
C06283,Philip,Friedman,honeill@example.com,Toronto,Ontario,2026-06-28,Bronze
C06284,Gary,Garcia,kramerdouglas@example.org,Toronto,Ontario,2022-06-04,Silver
C06285,Jennifer,Bell,jcampbell@example.org,Ottawa,Ontario,2021-11-22,Bronze
C06286,Brandon,Porter,rodriguezamy@example.org,Hamilton,Ontario,2022-12-08,Silver
C06287,Isaac,Burgess,robertsdiane@example.org,Ottawa,Ontario,2022-01-20,Silver
C06288,Victoria,Myers,awilson@example.org,Hamilton,Ontario,2024-01-21,Bronze
C06289,John,Garcia,markhodges@example.org,Vancouver,British Columbia,2025-02-12,Silver
C06290,Jennifer,Evans,vickieriley@example.com,Calgary,Alberta,2023-03-20,Silver
C06291,Edward,Riley,nicholas33@example.org,Edmonton,Alberta,2026-05-29,Gold
C06292,Kylie,Ferguson,byrdemily@example.net,Brampton,Ontario,2022-08-21,Silver
C06293,Suzanne,Bryant,allisonkelly@example.com,Hamilton,Ontario,2024-08-09,Gold
C06294,Jessica,Mccann,michelle97@example.com,Calgary,Alberta,2022-12-21,Silver
C06295,John,Miller,mary40@example.com,Brampton,Ontario,2025-09-30,Silver
C06296,John,Marshall,sarah19@example.net,Vancouver,British Columbia,2024-02-06,Bronze
C06297,Molly,Fuller,robertgonzalez@example.net,Vancouver,British Columbia,2023-12-19,Bronze
C06298,Garrett,Price,jessicaperry@example.net,Mississauga,Ontario,2026-07-17,Bronze
C06299,Danielle,Graves,moonmichelle@example.net,Hamilton,Ontario,2023-11-23,Silver
C06300,Jeremy,Diaz,fclark@example.org,Toronto,Ontario,2023-03-24,Silver
C06301,David,Washington,kimberly79@example.com,Toronto,Ontario,2025-06-06,Bronze
C06302,Jared,Turner,jbrown@example.org,Hamilton,Ontario,2025-12-09,Silver
C06303,Vanessa,Chapman,grant02@example.net,Mississauga,Ontario,2022-07-09,Gold
C06304,Scott,Brown,bdavenport@example.org,Brampton,Ontario,2025-04-16,Bronze
C06305,Kelsey,Small,bdavis@example.com,Vancouver,British Columbia,2025-03-25,Bronze
C06306,Barbara,Thomas,kpotter@example.net,Hamilton,Ontario,2022-01-01,Bronze
C06307,Teresa,Baird,catherinecase@example.org,Brampton,Ontario,2023-03-26,Bronze
C06308,James,Macias,wsmith@example.org,Hamilton,Ontario,2024-02-24,Gold
C06309,Gerald,Glass,ajones@example.org,Calgary,Alberta,2023-10-02,Bronze
C06310,Brett,Bonilla,waterskimberly@example.org,Edmonton,Alberta,2023-02-14,Gold
C06311,Regina,Thomas,qthomas@example.com,Ottawa,Ontario,2025-10-26,Silver
C06312,Eric,Cox,stephensjeffrey@example.org,Toronto,Ontario,2024-11-29,Silver
C06313,Keith,Byrd,bradley97@example.net,Brampton,Ontario,2025-02-13,Gold
C06314,Patrick,Lam,prestonsheryl@example.net,Ottawa,Ontario,2026-02-16,Gold
C06315,Christopher,Rogers,swilson@example.com,Mississauga,Ontario,2023-04-19,Bronze
C06316,Rebecca,Young,veronicadavis@example.org,Hamilton,Ontario,2023-12-06,Bronze
C06317,Peter,Edwards,qjimenez@example.net,Ottawa,Ontario,2026-02-24,Silver
C06318,David,Johnson,ghoward@example.org,Calgary,Alberta,2024-10-17,Bronze
C06319,Karen,Rodgers,urobinson@example.com,Ottawa,Ontario,2026-05-31,Silver
C06320,Shelby,Hood,anthony81@example.com,Hamilton,Ontario,2026-06-14,Bronze
C06321,Michael,Stokes,stacy26@example.net,Edmonton,Alberta,2025-01-17,Bronze
C06322,Timothy,Poole,freemandevin@example.net,Vancouver,British Columbia,2024-01-10,Gold
C06323,Anthony,Brock,dmitchell@example.net,Brampton,Ontario,2024-04-28,Bronze
C06324,David,Rose,hardingleah@example.net,Brampton,Ontario,2021-12-28,Bronze
C06325,Tony,Barber,michaelchristopher@example.org,Vancouver,British Columbia,2024-06-16,Bronze
C06326,Joseph,Hill,brooksbonnie@example.org,Calgary,Alberta,2026-01-16,Bronze
C06327,Seth,Henry,nelsonedward@example.net,Hamilton,Ontario,2022-05-26,Bronze
C06328,Erica,Bonilla,powerskathryn@example.org,Calgary,Alberta,2021-09-12,Bronze
C06329,Kyle,Kirk,jayers@example.com,Vancouver,British Columbia,2025-05-10,Silver
C06330,Thomas,Anderson,michaeljohnson@example.org,Vancouver,British Columbia,2025-05-17,Bronze
C06331,Justin,Potter,fmaxwell@example.com,Vancouver,British Columbia,2022-05-24,Silver
C06332,Stephanie,Perez,angelascott@example.com,Mississauga,Ontario,2026-01-17,Bronze
C06333,Robert,Smith,deniseanderson@example.com,Hamilton,Ontario,2024-01-03,Bronze
C06334,Timothy,Todd,uwilson@example.org,Vancouver,British Columbia,2022-02-25,Bronze
C06335,Caitlyn,Espinoza,pricemartin@example.org,Hamilton,Ontario,2023-09-02,Silver
C06336,Becky,Peterson,zsmith@example.org,Ottawa,Ontario,2022-10-31,Silver
C06337,Rhonda,Mathis,brian59@example.net,Hamilton,Ontario,2024-07-18,Bronze
C06338,Kathryn,Berry,jaclyn75@example.net,Edmonton,Alberta,2026-04-21,Silver
C06339,Robert,Reyes,igoodwin@example.com,Calgary,Alberta,2024-12-06,Silver
C06340,Leah,Powell,wilsonwilliam@example.org,Calgary,Alberta,2023-07-15,Bronze
C06341,Dawn,Morales,kboyd@example.net,Brampton,Ontario,2023-07-03,Silver
C06342,William,Martinez,ulee@example.com,Brampton,Ontario,2024-01-18,Bronze
C06343,Gary,Kelly,smaxwell@example.org,Vancouver,British Columbia,2026-07-19,Bronze
C06344,James,Ingram,duketravis@example.net,Mississauga,Ontario,2026-06-27,Silver
C06345,William,Jackson,becky59@example.org,Hamilton,Ontario,2022-06-04,Bronze
C06346,Jonathan,Brown,kimberly88@example.net,Brampton,Ontario,2025-08-05,Bronze
C06347,Brenda,Sparks,obyrd@example.com,Edmonton,Alberta,2022-10-16,Bronze
C06348,Taylor,Ayers,jessica40@example.net,Vancouver,British Columbia,2026-06-20,Bronze
C06349,Brittney,Hood,stevenrobertson@example.org,Toronto,Ontario,2026-07-10,Bronze
C06350,Lauren,Miranda,susan16@example.net,Hamilton,Ontario,2026-04-13,Silver
C06351,Ryan,Zhang,terribarron@example.org,Ottawa,Ontario,2023-12-25,Silver
C06352,Lauren,Jones,millermichelle@example.com,Ottawa,Ontario,2022-07-30,Bronze
C06353,Heather,Mckinney,isanchez@example.com,Toronto,Ontario,2025-08-19,Gold
C06354,Brian,Black,glasschad@example.com,Calgary,Alberta,2025-08-26,Bronze
C06355,Ryan,Ward,adamswilliam@example.org,Ottawa,Ontario,2024-09-02,Bronze
C06356,John,Hamilton,robert28@example.org,Toronto,Ontario,2022-06-12,Gold
C06357,Roger,Greene,vargasmathew@example.org,Calgary,Alberta,2023-07-06,Bronze
C06358,Monique,Matthews,jenkinsbrian@example.net,Toronto,Ontario,2024-08-06,Bronze
C06359,Stacie,Jones,hadams@example.net,Edmonton,Alberta,2025-01-01,Silver
C06360,Emily,Shaw,dboyd@example.net,Brampton,Ontario,2026-05-25,Silver
C06361,Angela,Snyder,kimberly61@example.org,Hamilton,Ontario,2025-06-05,Bronze
C06362,Gary,Gomez,qramsey@example.com,Vancouver,British Columbia,2022-07-05,Silver
C06363,Andrew,Burgess,kelli64@example.com,Mississauga,Ontario,2022-03-19,Bronze
C06364,Jeremy,Fitzgerald,vmay@example.org,Ottawa,Ontario,2025-10-15,Bronze
C06365,Brian,Berger,martinmichael@example.net,Calgary,Alberta,2021-10-20,Silver
C06366,Rebekah,Sanders,jonathan78@example.org,Toronto,Ontario,2022-10-18,Bronze
C06367,Dale,Garrett,msmith@example.org,Mississauga,Ontario,2024-06-08,Bronze
C06368,Jeremy,Thompson,perezshannon@example.com,Edmonton,Alberta,2021-09-11,Silver
C06369,Melissa,King,rbrown@example.com,Vancouver,British Columbia,2023-07-29,Bronze
C06370,Wendy,Pearson,kleinjeffrey@example.org,Ottawa,Ontario,2026-06-27,Bronze
C06371,Michelle,Guzman,rachelbyrd@example.org,Vancouver,British Columbia,2025-05-07,Bronze
C06372,Christopher,Roberts,vsmith@example.com,Mississauga,Ontario,2025-11-02,Silver
C06373,Jesus,Brooks,jonestaylor@example.com,Hamilton,Ontario,2024-11-19,Bronze
C06374,Donna,Green,melaniegarcia@example.com,Toronto,Ontario,2023-11-03,Silver
C06375,Johnny,Martin,christopher44@example.net,Toronto,Ontario,2026-01-31,Silver
C06376,Amy,Hall,angelalewis@example.net,Edmonton,Alberta,2024-02-02,Bronze
C06377,Adam,Elliott,robertslisa@example.org,Edmonton,Alberta,2024-04-30,Silver
C06378,Danielle,Williams,beth31@example.net,Brampton,Ontario,2023-12-19,Bronze
C06379,Zachary,Bennett,brownanthony@example.com,Hamilton,Ontario,2026-06-04,Silver
C06380,Deborah,White,dicksoncarolyn@example.org,Brampton,Ontario,2026-01-15,Bronze
C06381,Kara,Hamilton,johnsonstephanie@example.net,Toronto,Ontario,2022-07-10,Gold
C06382,Devin,Davis,schwartzkenneth@example.net,Hamilton,Ontario,2025-01-26,Silver
C06383,David,Simpson,collinsangela@example.net,Edmonton,Alberta,2022-04-01,Bronze
C06384,Brett,Williams,cookmegan@example.org,Calgary,Alberta,2022-04-08,Gold
C06385,Calvin,Johnson,hallmargaret@example.net,Edmonton,Alberta,2025-11-07,Silver
C06386,Brian,Barnes,kevinabbott@example.org,Calgary,Alberta,2023-11-23,Silver
C06387,Ashley,Rivera,fjohnson@example.org,Toronto,Ontario,2026-03-08,Bronze
C06388,Sheila,Johnston,justin08@example.com,Toronto,Ontario,2024-05-14,Bronze
C06389,Rachel,Johnson,gmedina@example.org,Calgary,Alberta,2023-01-26,Gold
C06390,Stephen,Soto,butlerchristopher@example.com,Mississauga,Ontario,2024-04-02,Bronze
C06391,Tony,Black,johnsonisaiah@example.net,Vancouver,British Columbia,2022-07-05,Bronze
C06392,William,Sherman,larrymorrison@example.net,Hamilton,Ontario,2021-09-01,Bronze
C06393,William,Craig,carlreese@example.com,Ottawa,Ontario,2026-03-20,Gold
C06394,Maria,Clark,collinstina@example.net,Toronto,Ontario,2026-05-19,Bronze
C06395,Mason,Cannon,andrea65@example.com,Ottawa,Ontario,2025-07-05,Bronze
C06396,Caitlin,Malone,kristine13@example.com,Brampton,Ontario,2021-07-31,Silver
C06397,Jasmine,Wilson,dominique06@example.org,Vancouver,British Columbia,2023-02-07,Bronze
C06398,Angela,Parker,barronvanessa@example.com,Hamilton,Ontario,2026-03-05,Bronze
C06399,Alexander,Cole,zacharyanderson@example.com,Toronto,Ontario,2026-01-03,Bronze
C06400,Larry,Williams,tammyanderson@example.com,Calgary,Alberta,2024-09-06,Silver
C06401,Ashley,Benson,nicole72@example.org,Brampton,Ontario,2022-12-18,Bronze
C06402,Ashley,French,jason77@example.net,Edmonton,Alberta,2025-01-18,Silver
C06403,Diane,Schultz,bryanroman@example.org,Mississauga,Ontario,2023-04-04,Bronze
C06404,Courtney,Fischer,cody11@example.com,Calgary,Alberta,2022-02-01,Bronze
C06405,Vanessa,Flowers,angela91@example.com,Mississauga,Ontario,2026-02-24,Bronze
C06406,Alicia,Boyle,vcarter@example.com,Edmonton,Alberta,2021-12-04,Bronze
C06407,Candice,Anderson,ismith@example.net,Calgary,Alberta,2026-04-21,Bronze
C06408,Kimberly,Lynn,asullivan@example.com,Brampton,Ontario,2023-06-26,Silver
C06409,Donna,Mitchell,jamesestrada@example.net,Vancouver,British Columbia,2022-08-27,Silver
C06410,Tyler,Wilkinson,jack85@example.org,Vancouver,British Columbia,2026-04-14,Silver
C06411,Jared,Clark,nancygonzalez@example.com,Hamilton,Ontario,2022-05-02,Silver
C06412,Shawn,Guzman,qstone@example.org,Calgary,Alberta,2022-08-18,Bronze
C06413,Tiffany,Harris,goodjames@example.net,Ottawa,Ontario,2023-09-24,Bronze
C06414,Bryce,Hill,wagnerluis@example.org,Hamilton,Ontario,2022-04-11,Bronze
C06415,Sheila,Baker,tjones@example.org,Brampton,Ontario,2024-09-04,Bronze
C06416,Jenna,Rodriguez,william16@example.com,Calgary,Alberta,2024-07-21,Silver
C06417,Christy,Simpson,josephowen@example.org,Brampton,Ontario,2024-11-07,Bronze
C06418,Angela,Hall,bblake@example.com,Mississauga,Ontario,2024-04-05,Bronze
C06419,Erika,Willis,bautistahannah@example.net,Toronto,Ontario,2026-02-12,Silver
C06420,Anthony,Andrews,amandaroberts@example.com,Brampton,Ontario,2023-05-10,Bronze
C06421,Caitlyn,Myers,bbond@example.org,Ottawa,Ontario,2026-06-20,Silver
C06422,Valerie,Sparks,leslielowery@example.org,Ottawa,Ontario,2025-04-16,Bronze
C06423,Paul,Thompson,smithnatasha@example.com,Mississauga,Ontario,2023-07-23,Bronze
C06424,Jennifer,Walter,wruiz@example.org,Mississauga,Ontario,2022-04-27,Silver
C06425,Michael,Liu,andersoneric@example.com,Calgary,Alberta,2022-06-26,Bronze
C06426,Andrew,Clark,ramirezjoseph@example.com,Ottawa,Ontario,2026-05-12,Bronze
C06427,Troy,Kim,michael28@example.net,Toronto,Ontario,2023-12-05,Bronze
C06428,Katherine,Adams,ericcampbell@example.org,Brampton,Ontario,2021-10-02,Bronze
C06429,Jonathan,Meyer,tracy37@example.net,Mississauga,Ontario,2024-07-23,Bronze
C06430,Matthew,Johnson,ljackson@example.net,Edmonton,Alberta,2021-08-24,Bronze
C06431,Adam,Bell,patriciajohnson@example.org,Calgary,Alberta,2023-05-31,Bronze
C06432,Matthew,Stewart,brenda65@example.net,Hamilton,Ontario,2023-07-25,Bronze
C06433,Patricia,Martin,ashleythomas@example.net,Brampton,Ontario,2025-12-23,Silver
C06434,Courtney,Leblanc,jessica41@example.org,Edmonton,Alberta,2025-12-18,Silver
C06435,Norma,Oneal,deborahmitchell@example.com,Mississauga,Ontario,2022-01-22,Silver
C06436,Brenda,Garrett,christopheredwards@example.org,Ottawa,Ontario,2023-03-27,Bronze
C06437,Amanda,Combs,whitekevin@example.net,Toronto,Ontario,2025-04-05,Silver
C06438,Henry,Bennett,stephanietaylor@example.net,Vancouver,British Columbia,2021-08-15,Bronze
C06439,Jonathan,Combs,barrettrandall@example.org,Edmonton,Alberta,2024-01-02,Bronze
C06440,Renee,Osborn,austin18@example.org,Vancouver,British Columbia,2023-11-18,Bronze
C06441,Sarah,James,mandywallace@example.com,Calgary,Alberta,2026-02-14,Bronze
C06442,Gabriel,Hansen,munoztanya@example.net,Calgary,Alberta,2026-04-08,Bronze
C06443,Regina,White,derekwalker@example.net,Brampton,Ontario,2025-11-13,Bronze
C06444,Lawrence,Salas,victoria58@example.net,Vancouver,British Columbia,2025-01-26,Bronze
C06445,Brian,Jones,emilyhahn@example.org,Edmonton,Alberta,2023-11-15,Silver
C06446,Michael,Casey,simsmichael@example.com,Edmonton,Alberta,2024-05-08,Bronze
C06447,Matthew,Powell,jennifer13@example.net,Vancouver,British Columbia,2025-07-21,Bronze
C06448,Thomas,Snyder,brittanyjones@example.net,Hamilton,Ontario,2024-09-19,Silver
C06449,Darin,Smith,sextondavid@example.net,Edmonton,Alberta,2023-08-24,Silver
C06450,Michele,Garcia,jenna42@example.com,Edmonton,Alberta,2024-07-30,Silver
C06451,Nicholas,Travis,kgeorge@example.net,Ottawa,Ontario,2025-06-30,Bronze
C06452,Margaret,Moore,jessicahernandez@example.org,Vancouver,British Columbia,2024-06-11,Gold
C06453,Marissa,Shepard,chadmcconnell@example.net,Mississauga,Ontario,2026-03-13,Bronze
C06454,Anne,Farrell,kimberlyjohnston@example.net,Calgary,Alberta,2026-05-05,Bronze
C06455,Lisa,Smith,nsanchez@example.org,Calgary,Alberta,2023-12-20,Bronze
C06456,Dale,Graham,mtaylor@example.com,Toronto,Ontario,2021-12-19,Bronze
C06457,Taylor,Becker,rowejonathan@example.com,Ottawa,Ontario,2024-03-16,Bronze
C06458,Nicole,Cuevas,lindsay88@example.org,Mississauga,Ontario,2022-06-26,Gold
C06459,Danielle,Mcdonald,bpope@example.com,Mississauga,Ontario,2025-06-19,Bronze
C06460,Shelly,Hamilton,brownbrian@example.org,Mississauga,Ontario,2025-02-25,Bronze
C06461,Lisa,Anderson,michaelgarcia@example.org,Brampton,Ontario,2024-05-03,Bronze
C06462,Anthony,Sampson,moorelori@example.org,Edmonton,Alberta,2021-12-23,Bronze
C06463,Jaime,Lutz,williamalvarado@example.org,Hamilton,Ontario,2025-06-19,Bronze
C06464,Matthew,Foster,abenitez@example.org,Toronto,Ontario,2026-07-18,Silver
C06465,Nicholas,Stephenson,michaelhoffman@example.net,Ottawa,Ontario,2024-03-03,Silver
C06466,Victor,Walker,wardashley@example.net,Mississauga,Ontario,2022-07-25,Silver
C06467,Andrea,Wright,diazjames@example.net,Hamilton,Ontario,2025-04-06,Silver
C06468,Rhonda,Jones,sullivanteresa@example.org,Brampton,Ontario,2023-12-22,Bronze
C06469,Carolyn,Williams,ncarroll@example.org,Brampton,Ontario,2021-07-28,Silver
C06470,Mason,May,umiller@example.org,Mississauga,Ontario,2025-01-12,Silver
C06471,Matthew,Webb,ryan20@example.org,Hamilton,Ontario,2021-10-24,Bronze
C06472,Charles,Nicholson,uphillips@example.org,Ottawa,Ontario,2026-06-16,Bronze
C06473,Scott,Martin,kingsusan@example.com,Calgary,Alberta,2023-05-27,Silver
C06474,Joshua,Diaz,johnsonjennifer@example.org,Hamilton,Ontario,2026-07-01,Bronze
C06475,Stacey,Murillo,campbellaaron@example.net,Mississauga,Ontario,2022-11-06,Bronze
C06476,Jessica,Davis,john21@example.org,Brampton,Ontario,2021-09-24,Bronze
C06477,Trevor,Dixon,brent49@example.net,Edmonton,Alberta,2021-12-22,Silver
C06478,Karen,Jensen,amydavidson@example.net,Mississauga,Ontario,2025-04-04,Bronze
C06479,Gerald,Phillips,villajohn@example.net,Ottawa,Ontario,2023-12-18,Silver
C06480,Christina,Downs,uwalker@example.net,Toronto,Ontario,2022-05-06,Bronze
C06481,Monica,Rice,julie60@example.org,Calgary,Alberta,2025-11-29,Bronze
C06482,Ryan,Gomez,jcannon@example.com,Ottawa,Ontario,2025-10-26,Gold
C06483,Joseph,Gonzales,stephaniecastillo@example.net,Calgary,Alberta,2021-09-21,Bronze
C06484,Mark,George,kcervantes@example.com,Mississauga,Ontario,2021-11-05,Bronze
C06485,James,Garcia,coxteresa@example.org,Toronto,Ontario,2024-04-10,Silver
C06486,Danielle,Hill,lisaklein@example.com,Toronto,Ontario,2024-04-04,Silver
C06487,Robert,Barnett,nicholasmalone@example.org,Vancouver,British Columbia,2023-03-06,Bronze
C06488,Glenn,Chavez,gloriahall@example.com,Toronto,Ontario,2022-04-02,Bronze
C06489,Monica,Powell,smithkimberly@example.net,Toronto,Ontario,2023-12-30,Bronze
C06490,Cory,Morgan,sandra54@example.net,Toronto,Ontario,2023-04-16,Silver
C06491,Tonya,Williams,qlawson@example.com,Edmonton,Alberta,2022-09-28,Bronze
C06492,Erica,Jackson,noah68@example.org,Mississauga,Ontario,2025-04-05,Silver
C06493,Debra,Walters,ssaunders@example.net,Edmonton,Alberta,2026-06-13,Bronze
C06494,Allen,Smith,zhernandez@example.org,Toronto,Ontario,2022-03-25,Bronze
C06495,Allen,Best,mike19@example.net,Mississauga,Ontario,2022-03-30,Bronze
C06496,Brian,Brown,matthewhoward@example.net,Hamilton,Ontario,2022-08-03,Silver
C06497,Diana,Porter,barbarawilliams@example.com,Mississauga,Ontario,2023-12-05,Bronze
C06498,Patrick,Garrison,tammysanchez@example.net,Mississauga,Ontario,2025-07-06,Gold
C06499,Sarah,Hudson,amy34@example.org,Ottawa,Ontario,2026-07-01,Bronze
C06500,Lindsay,Cobb,jamiegay@example.org,Mississauga,Ontario,2022-06-07,Bronze
C06501,Joshua,Santiago,daniellewood@example.com,Ottawa,Ontario,2023-11-21,Gold
C06502,Michael,Wilkinson,ddickson@example.com,Edmonton,Alberta,2024-06-30,Bronze
C06503,Brittney,Estrada,elee@example.net,Edmonton,Alberta,2024-01-21,Gold
C06504,Allison,Lopez,antonio62@example.com,Calgary,Alberta,2025-05-29,Bronze
C06505,Darrell,Owens,kathy57@example.com,Edmonton,Alberta,2021-12-18,Silver
C06506,Susan,Oliver,larry63@example.org,Mississauga,Ontario,2025-05-06,Bronze
C06507,Jason,Greene,mitchellamy@example.net,Ottawa,Ontario,2023-05-21,Silver
C06508,Thomas,Rodriguez,michaelfranklin@example.net,Vancouver,British Columbia,2023-12-13,Bronze
C06509,Andrew,Franklin,scott37@example.net,Edmonton,Alberta,2025-01-24,Silver
C06510,Jacob,Bryant,jjones@example.com,Vancouver,British Columbia,2022-03-30,Bronze
C06511,Christopher,Sampson,wclark@example.com,Vancouver,British Columbia,2026-05-07,Bronze
C06512,Andrew,Cruz,castilloian@example.net,Vancouver,British Columbia,2023-04-27,Silver
C06513,James,Moyer,jeffrey36@example.com,Calgary,Alberta,2024-01-25,Bronze
C06514,Eric,Gonzales,skinnermario@example.net,Ottawa,Ontario,2026-04-04,Bronze
C06515,James,Frey,walter27@example.net,Ottawa,Ontario,2026-06-17,Gold
C06516,Danielle,Smith,kenneth44@example.com,Calgary,Alberta,2023-03-09,Gold
C06517,Heather,Wilson,robertskellie@example.net,Edmonton,Alberta,2022-02-27,Bronze
C06518,Daniel,Oconnor,kellis@example.com,Hamilton,Ontario,2025-08-08,Silver
C06519,Brett,Walker,combsgregory@example.com,Toronto,Ontario,2026-03-01,Bronze
C06520,Pamela,Wise,jlewis@example.org,Ottawa,Ontario,2022-05-25,Bronze
C06521,Paige,Thompson,ethansullivan@example.com,Edmonton,Alberta,2021-10-14,Silver
C06522,Terry,Martinez,morrisjennifer@example.net,Brampton,Ontario,2026-05-21,Bronze
C06523,Cynthia,Carlson,kenneth26@example.org,Edmonton,Alberta,2024-05-18,Bronze
C06524,Kelly,Weeks,anna33@example.com,Mississauga,Ontario,2026-03-18,Silver
C06525,Chelsea,Miller,richardosborne@example.com,Toronto,Ontario,2023-03-09,Bronze
C06526,William,Rodriguez,joshuathompson@example.org,Ottawa,Ontario,2024-02-21,Silver
C06527,Jonathan,Murray,dstewart@example.net,Hamilton,Ontario,2022-02-14,Silver
C06528,Christine,Riley,michaeljones@example.com,Toronto,Ontario,2022-02-27,Bronze
C06529,Edward,Reed,darlene13@example.com,Hamilton,Ontario,2026-06-11,Gold
C06530,Sarah,Torres,browningchristine@example.org,Brampton,Ontario,2025-12-11,Silver
C06531,Shawn,Barton,laura75@example.net,Toronto,Ontario,2023-07-13,Gold
C06532,Rachel,Harrell,jacksonhoward@example.com,Edmonton,Alberta,2025-05-12,Bronze
C06533,Derek,Andrews,heidi02@example.net,Vancouver,British Columbia,2022-12-31,Bronze
C06534,Roger,House,lauraflores@example.com,Ottawa,Ontario,2024-09-30,Gold
C06535,Eugene,Johnson,clarkefrancis@example.org,Edmonton,Alberta,2024-05-26,Bronze
C06536,Tonya,Morgan,lesliebrown@example.org,Edmonton,Alberta,2023-03-09,Bronze
C06537,Ashley,Johnston,ericharper@example.org,Brampton,Ontario,2026-06-30,Bronze
C06538,Michael,Smith,navarrogary@example.org,Toronto,Ontario,2023-02-09,Silver
C06539,Melissa,Williams,yfoster@example.com,Toronto,Ontario,2025-07-26,Bronze
C06540,Denise,Sandoval,ashley68@example.com,Mississauga,Ontario,2024-06-16,Silver
C06541,David,Avery,kellychristian@example.net,Hamilton,Ontario,2021-12-16,Silver
C06542,Kimberly,Holt,burnsariel@example.com,Toronto,Ontario,2023-07-23,Bronze
C06543,Cynthia,Smith,matthew17@example.org,Ottawa,Ontario,2022-05-19,Silver
C06544,Allison,Escobar,christina06@example.net,Hamilton,Ontario,2024-03-10,Bronze
C06545,Teresa,King,joshuawaters@example.org,Edmonton,Alberta,2022-08-15,Silver
C06546,Barbara,Gibson,iphillips@example.net,Vancouver,British Columbia,2023-11-21,Bronze
C06547,Christopher,Browning,davidgregory@example.net,Toronto,Ontario,2024-07-08,Gold
C06548,Sherri,Monroe,sophiafigueroa@example.com,Edmonton,Alberta,2023-12-26,Bronze
C06549,Richard,Brown,tanya82@example.net,Vancouver,British Columbia,2023-09-21,Silver
C06550,Tyler,Clark,brittanymartinez@example.org,Calgary,Alberta,2022-03-21,Bronze
C06551,James,Reese,phillipsraymond@example.org,Toronto,Ontario,2025-02-24,Bronze
C06552,Erika,Perez,vharris@example.org,Toronto,Ontario,2024-03-24,Bronze
C06553,Dylan,Bean,tinamanning@example.org,Toronto,Ontario,2023-11-17,Bronze
C06554,James,Small,pattersonlaura@example.org,Hamilton,Ontario,2021-08-11,Bronze
C06555,Paul,Martinez,soniaramos@example.net,Vancouver,British Columbia,2026-04-27,Bronze
C06556,Gloria,Aguilar,leahmills@example.com,Calgary,Alberta,2026-02-12,Bronze
C06557,Madison,Marsh,michelle25@example.net,Hamilton,Ontario,2025-01-28,Silver
C06558,Jessica,Zimmerman,richardspaul@example.com,Edmonton,Alberta,2025-08-27,Gold
C06559,Sherry,Chen,xdrake@example.org,Toronto,Ontario,2021-12-04,Bronze
C06560,Lisa,Ross,itaylor@example.com,Hamilton,Ontario,2025-06-13,Bronze
C06561,Elaine,Sims,wbray@example.net,Edmonton,Alberta,2023-04-28,Silver
C06562,Kari,Guerra,hughesevan@example.net,Toronto,Ontario,2023-03-08,Silver
C06563,Juan,Dyer,cpierce@example.com,Edmonton,Alberta,2022-02-26,Silver
C06564,Angela,Melendez,inielsen@example.org,Edmonton,Alberta,2022-06-05,Bronze
C06565,Anna,Hall,vgibbs@example.net,Toronto,Ontario,2023-05-11,Silver
C06566,Peter,Hernandez,lindaclark@example.com,Edmonton,Alberta,2023-12-04,Gold
C06567,Russell,Knight,cjackson@example.org,Ottawa,Ontario,2025-12-07,Silver
C06568,David,Hampton,matthewrogers@example.org,Toronto,Ontario,2024-01-14,Silver
C06569,Donald,Pacheco,kathy92@example.com,Calgary,Alberta,2025-10-14,Bronze
C06570,Evan,Wright,krystalroberts@example.com,Hamilton,Ontario,2026-03-25,Bronze
C06571,Chad,Dougherty,johnsonmeghan@example.com,Ottawa,Ontario,2024-10-23,Bronze
C06572,Amanda,Schwartz,jacksonjames@example.com,Calgary,Alberta,2023-01-06,Gold
C06573,Michael,Smith,nsimon@example.net,Calgary,Alberta,2023-10-30,Bronze
C06574,Sara,Scott,ramirezaudrey@example.net,Ottawa,Ontario,2023-01-15,Bronze
C06575,Kelly,Potter,whitneyphelps@example.com,Vancouver,British Columbia,2026-05-21,Bronze
C06576,Barbara,Harris,welchcurtis@example.net,Hamilton,Ontario,2022-08-25,Bronze
C06577,Timothy,Erickson,cynthiawilliams@example.com,Vancouver,British Columbia,2024-09-25,Bronze
C06578,Kevin,Neal,doughertyelijah@example.net,Edmonton,Alberta,2023-05-31,Silver
C06579,Sonya,Fernandez,dbowers@example.net,Vancouver,British Columbia,2023-12-09,Bronze
C06580,David,Contreras,jeff99@example.org,Brampton,Ontario,2023-06-04,Bronze
C06581,Brendan,Turner,garciatina@example.org,Ottawa,Ontario,2026-05-02,Bronze
C06582,Katherine,Bennett,allenmark@example.com,Edmonton,Alberta,2023-11-30,Bronze
C06583,Pamela,Gay,lindseyross@example.net,Toronto,Ontario,2023-07-27,Silver
C06584,Brittney,Walker,qgibson@example.net,Hamilton,Ontario,2024-06-03,Silver
C06585,Dale,Hale,xrodriguez@example.com,Ottawa,Ontario,2023-06-09,Bronze
C06586,Ashley,Daniels,simmonsamanda@example.com,Brampton,Ontario,2024-08-29,Bronze
C06587,Kelsey,Noble,anneconway@example.org,Hamilton,Ontario,2024-09-05,Bronze
C06588,Karen,Cannon,deborah82@example.net,Brampton,Ontario,2024-10-05,Bronze
C06589,Julie,Dennis,frances22@example.net,Vancouver,British Columbia,2025-08-14,Bronze
C06590,Jason,Evans,uphillips@example.org,Edmonton,Alberta,2024-02-22,Bronze
C06591,Tracy,Morris,robertsryan@example.org,Vancouver,British Columbia,2023-06-25,Bronze
C06592,Lee,Cortez,evan30@example.org,Hamilton,Ontario,2022-12-09,Bronze
C06593,Adrienne,Mathis,daryl15@example.com,Hamilton,Ontario,2024-10-31,Silver
C06594,Cynthia,Martinez,ashley59@example.org,Edmonton,Alberta,2021-10-05,Bronze
C06595,Teresa,Smith,brian09@example.net,Toronto,Ontario,2026-04-04,Bronze
C06596,Joyce,Bush,makayla84@example.org,Hamilton,Ontario,2026-01-31,Bronze
C06597,Bryan,Armstrong,brandipotter@example.org,Brampton,Ontario,2024-11-22,Silver
C06598,Robin,Martinez,reesestephen@example.org,Hamilton,Ontario,2023-07-12,Bronze
C06599,Jonathan,Sanders,donnagordon@example.org,Brampton,Ontario,2021-12-07,Bronze
C06600,Tiffany,Taylor,ftran@example.net,Toronto,Ontario,2026-02-26,Silver
C06601,Frank,Hanna,susan33@example.org,Brampton,Ontario,2022-02-28,Silver
C06602,Jennifer,Carter,wyoung@example.net,Hamilton,Ontario,2025-10-09,Bronze
C06603,Melvin,Thomas,lwalker@example.com,Ottawa,Ontario,2025-10-15,Silver
C06604,Alicia,Watts,amywood@example.org,Brampton,Ontario,2026-03-01,Silver
C06605,David,Olson,kristinakoch@example.org,Ottawa,Ontario,2026-06-09,Silver
C06606,Amy,Stokes,robbinsthomas@example.com,Edmonton,Alberta,2021-10-11,Gold
C06607,Lindsay,Tucker,gordonrichard@example.org,Hamilton,Ontario,2023-09-06,Silver
C06608,Lisa,Armstrong,cheyennechristensen@example.com,Calgary,Alberta,2022-10-24,Bronze
C06609,Kenneth,Nash,williambrandt@example.com,Ottawa,Ontario,2025-12-22,Silver
C06610,Danielle,Tran,katie62@example.net,Toronto,Ontario,2025-12-06,Bronze
C06611,Charles,Thomas,teresa01@example.org,Brampton,Ontario,2022-09-12,Bronze
C06612,Richard,Barrett,anita61@example.org,Vancouver,British Columbia,2022-02-15,Bronze
C06613,Danny,Torres,christinemora@example.com,Brampton,Ontario,2022-05-04,Bronze
C06614,Andrew,Fowler,hgreen@example.org,Toronto,Ontario,2026-07-10,Silver
C06615,Samantha,Hill,qthompson@example.org,Brampton,Ontario,2024-07-15,Bronze
C06616,Patrick,Andrews,michaelbrown@example.net,Brampton,Ontario,2024-12-23,Bronze
C06617,John,Frazier,igonzales@example.net,Hamilton,Ontario,2026-04-27,Silver
C06618,Christine,Robertson,james60@example.org,Ottawa,Ontario,2024-08-09,Bronze
C06619,Michael,Graves,jnorris@example.org,Brampton,Ontario,2021-10-08,Bronze
C06620,Erika,Reynolds,andersonrobert@example.com,Edmonton,Alberta,2023-09-19,Bronze
C06621,Sonia,Lutz,scottjillian@example.com,Mississauga,Ontario,2025-07-23,Bronze
C06622,Kelly,Mitchell,grayjessica@example.com,Vancouver,British Columbia,2024-08-09,Silver
C06623,Stephanie,Calhoun,cookkelly@example.org,Calgary,Alberta,2022-02-28,Bronze
C06624,Justin,Burnett,stephanie58@example.org,Toronto,Ontario,2026-03-18,Gold
C06625,Lisa,Johnson,flowerscory@example.org,Edmonton,Alberta,2024-02-22,Silver
C06626,Jasmin,Garza,kimberly92@example.com,Calgary,Alberta,2026-04-21,Bronze
C06627,Jeffrey,Ford,michele80@example.org,Calgary,Alberta,2024-03-07,Silver
C06628,Cynthia,Clayton,bakermichael@example.com,Ottawa,Ontario,2024-10-08,Bronze
C06629,Steven,Wilson,lrhodes@example.net,Mississauga,Ontario,2021-08-28,Silver
C06630,Daniel,Adams,lindalane@example.org,Vancouver,British Columbia,2021-10-25,Gold
C06631,Julie,Nguyen,patrick20@example.net,Brampton,Ontario,2022-12-25,Silver
C06632,Kathy,Norman,ggarcia@example.net,Vancouver,British Columbia,2023-03-03,Bronze
C06633,Bethany,Oliver,onolan@example.org,Vancouver,British Columbia,2022-08-14,Bronze
C06634,Frederick,Smith,deanodonnell@example.org,Vancouver,British Columbia,2021-08-04,Silver
C06635,Ann,Vasquez,donnaramsey@example.net,Ottawa,Ontario,2022-04-04,Bronze
C06636,Wendy,Cochran,rosalespeggy@example.net,Mississauga,Ontario,2025-03-07,Bronze
C06637,Robert,Patterson,tuckerbrandon@example.org,Ottawa,Ontario,2023-09-30,Gold
C06638,Christopher,Lopez,wtaylor@example.org,Hamilton,Ontario,2022-11-13,Bronze
C06639,Erika,Davis,tracygraham@example.net,Vancouver,British Columbia,2023-12-25,Bronze
C06640,Kyle,Macdonald,kaylapatel@example.net,Calgary,Alberta,2023-03-15,Silver
C06641,Angela,Johnson,briannayoung@example.net,Hamilton,Ontario,2025-12-06,Bronze
C06642,April,Shields,joneswilliam@example.com,Hamilton,Ontario,2025-04-20,Silver
C06643,Randy,Wilson,caroljohnson@example.com,Ottawa,Ontario,2023-11-08,Bronze
C06644,Thomas,Delgado,tyler20@example.org,Hamilton,Ontario,2024-01-11,Bronze
C06645,Lauren,Hopkins,vconley@example.org,Hamilton,Ontario,2024-12-01,Bronze
C06646,Margaret,Craig,johnsonmary@example.net,Brampton,Ontario,2025-10-14,Bronze
C06647,Michael,Miller,annalowe@example.org,Ottawa,Ontario,2024-05-10,Bronze
C06648,Katherine,Miller,christina24@example.net,Edmonton,Alberta,2024-12-02,Bronze
C06649,Joshua,Alvarado,stephen74@example.org,Edmonton,Alberta,2022-03-31,Bronze
C06650,Christopher,Cohen,kandrews@example.net,Hamilton,Ontario,2024-05-12,Bronze
C06651,Benjamin,Robinson,johnsondavid@example.net,Vancouver,British Columbia,2022-05-18,Bronze
C06652,Erin,Dillon,thompsonmary@example.net,Brampton,Ontario,2025-01-07,Bronze
C06653,Deanna,Baird,christinepace@example.org,Edmonton,Alberta,2026-01-31,Silver
C06654,Jennifer,Santana,christyolson@example.net,Vancouver,British Columbia,2021-10-28,Bronze
C06655,Robert,Thomas,james76@example.org,Brampton,Ontario,2023-01-03,Silver
C06656,Benjamin,Perkins,poolekelli@example.net,Vancouver,British Columbia,2025-01-12,Gold
C06657,Mark,Fox,hensleysarah@example.com,Ottawa,Ontario,2026-02-19,Bronze
C06658,Keith,Smith,astevens@example.com,Edmonton,Alberta,2026-05-18,Bronze
C06659,Kimberly,Brown,caldwellholly@example.com,Hamilton,Ontario,2025-05-12,Bronze
C06660,Maureen,Cochran,frobertson@example.org,Calgary,Alberta,2021-12-05,Bronze
C06661,Paul,Mack,piercejonathan@example.net,Calgary,Alberta,2023-06-29,Silver
C06662,Benjamin,Castro,nancyavila@example.com,Hamilton,Ontario,2024-02-10,Bronze
C06663,Tanner,Perry,shelbychen@example.com,Brampton,Ontario,2021-07-28,Bronze
C06664,Jessica,Brown,vmedina@example.net,Calgary,Alberta,2026-05-18,Bronze
C06665,Lisa,Hurley,lgraham@example.com,Mississauga,Ontario,2024-03-14,Silver
C06666,Cole,Brewer,mmills@example.com,Toronto,Ontario,2023-10-04,Bronze
C06667,Francis,Jones,bmcgee@example.net,Brampton,Ontario,2023-03-27,Bronze
C06668,Sara,Pruitt,romerocarolyn@example.com,Vancouver,British Columbia,2023-11-17,Silver
C06669,Daniel,Martinez,kevin86@example.org,Mississauga,Ontario,2023-04-10,Bronze
C06670,Danny,Jones,scottvanessa@example.org,Hamilton,Ontario,2025-04-13,Silver
C06671,Wyatt,Miller,perezcarrie@example.com,Vancouver,British Columbia,2022-07-26,Silver
C06672,Eric,Castillo,curtisjohn@example.com,Edmonton,Alberta,2021-12-24,Bronze
C06673,Tiffany,Holder,josephrebecca@example.net,Calgary,Alberta,2025-04-09,Bronze
C06674,Heather,Irwin,james87@example.net,Calgary,Alberta,2021-10-14,Bronze
C06675,Lee,Moore,denise58@example.com,Ottawa,Ontario,2025-07-08,Gold
C06676,Olivia,Grimes,vazquezmark@example.org,Vancouver,British Columbia,2025-02-14,Bronze
C06677,Diana,Wilson,richard74@example.org,Toronto,Ontario,2021-11-30,Bronze
C06678,Tammy,Lewis,tamarapacheco@example.com,Mississauga,Ontario,2022-04-18,Bronze
C06679,Tamara,Dalton,kathyrivas@example.org,Mississauga,Ontario,2025-12-29,Bronze
C06680,Leslie,Daniels,santanadrew@example.com,Calgary,Alberta,2026-04-09,Silver
C06681,Gary,Moody,morenoscott@example.com,Mississauga,Ontario,2023-03-27,Bronze
C06682,Angela,Hill,gabrielle15@example.net,Ottawa,Ontario,2023-12-17,Bronze
C06683,Kevin,Booth,crystalaustin@example.com,Mississauga,Ontario,2025-04-02,Gold
C06684,Kelly,Kim,melissa38@example.com,Ottawa,Ontario,2026-03-02,Silver
C06685,Sheri,Harris,zvaldez@example.com,Edmonton,Alberta,2022-01-23,Bronze
C06686,Katelyn,Garza,victoriaspencer@example.com,Brampton,Ontario,2023-02-17,Silver
C06687,Nicholas,Mullen,alanboyd@example.org,Hamilton,Ontario,2025-03-19,Silver
C06688,Joshua,Woodard,rothchristina@example.org,Ottawa,Ontario,2024-11-09,Gold
C06689,Brad,Compton,bryan59@example.org,Brampton,Ontario,2025-04-17,Bronze
C06690,Kyle,Ross,usutton@example.com,Vancouver,British Columbia,2025-11-27,Bronze
C06691,Stephanie,Beltran,hectorgriffin@example.com,Ottawa,Ontario,2026-03-10,Silver
C06692,Toni,Williams,rebekah25@example.net,Ottawa,Ontario,2025-04-05,Bronze
C06693,Michael,Ochoa,sheri57@example.org,Vancouver,British Columbia,2023-08-08,Silver
C06694,Tristan,Lopez,ronald09@example.org,Toronto,Ontario,2026-05-20,Bronze
C06695,Amy,Harris,juananderson@example.com,Vancouver,British Columbia,2022-10-11,Bronze
C06696,Brooke,Sawyer,ydavis@example.com,Edmonton,Alberta,2023-08-04,Bronze
C06697,Jeffrey,Willis,tking@example.com,Calgary,Alberta,2025-07-23,Bronze
C06698,Christopher,Robinson,lisa67@example.org,Vancouver,British Columbia,2024-01-05,Gold
C06699,Christian,Dunn,tannersmith@example.net,Mississauga,Ontario,2022-08-27,Bronze
C06700,Craig,Webb,brooksdakota@example.com,Ottawa,Ontario,2023-10-10,Bronze
C06701,Daniel,Cole,kmurphy@example.net,Edmonton,Alberta,2021-10-23,Silver
C06702,Kristen,Hawkins,meagansingh@example.net,Ottawa,Ontario,2025-11-15,Bronze
C06703,Richard,Chang,jacobsoncourtney@example.com,Ottawa,Ontario,2023-03-24,Gold
C06704,Matthew,Guerrero,sheilarusso@example.com,Toronto,Ontario,2021-09-02,Bronze
C06705,April,Kelley,barrettsamuel@example.com,Mississauga,Ontario,2023-03-09,Bronze
C06706,Matthew,Martin,moorebrett@example.org,Ottawa,Ontario,2023-01-21,Bronze
C06707,John,Larsen,kevinadkins@example.com,Vancouver,British Columbia,2023-06-14,Bronze
C06708,Courtney,Gallegos,conradalicia@example.net,Ottawa,Ontario,2022-05-22,Bronze
C06709,Nicole,Diaz,kristiscott@example.net,Brampton,Ontario,2023-12-26,Bronze
C06710,Anthony,Keller,crystal43@example.net,Ottawa,Ontario,2023-11-03,Silver
C06711,Kari,Summers,abigail65@example.com,Hamilton,Ontario,2026-03-30,Silver
C06712,Sean,Becker,adelgado@example.org,Mississauga,Ontario,2022-01-24,Gold
C06713,Randy,Warren,smithbrent@example.net,Mississauga,Ontario,2025-10-07,Bronze
C06714,Nicole,Franco,dlloyd@example.org,Toronto,Ontario,2022-09-03,Bronze
C06715,Frank,Ortiz,kimberlysuarez@example.org,Mississauga,Ontario,2023-03-01,Bronze
C06716,John,Chapman,wolfebobby@example.org,Edmonton,Alberta,2024-08-01,Bronze
C06717,Julia,Jones,beth13@example.com,Vancouver,British Columbia,2023-11-28,Bronze
C06718,Casey,Owen,crystal99@example.com,Ottawa,Ontario,2024-11-13,Bronze
C06719,David,Jacobs,stephenalvarez@example.net,Ottawa,Ontario,2025-09-12,Silver
C06720,Amber,Barton,kerrifleming@example.com,Vancouver,British Columbia,2025-05-07,Bronze
C06721,Amanda,Smith,raymond32@example.org,Brampton,Ontario,2021-09-08,Bronze
C06722,Victor,Holland,bowens@example.net,Edmonton,Alberta,2025-11-16,Bronze
C06723,Brandon,Reid,destrada@example.com,Ottawa,Ontario,2022-11-23,Bronze
C06724,Randall,Mccoy,wrobinson@example.com,Vancouver,British Columbia,2023-09-18,Gold
C06725,Dana,Gonzalez,oponce@example.com,Brampton,Ontario,2022-01-05,Bronze
C06726,Elizabeth,Fisher,sandra10@example.org,Hamilton,Ontario,2023-03-30,Bronze
C06727,Ashley,Bean,lindsey93@example.net,Calgary,Alberta,2023-03-11,Silver
C06728,Anna,Young,dustinalvarez@example.net,Vancouver,British Columbia,2026-03-21,Bronze
C06729,Steven,Johnson,boltonkevin@example.com,Mississauga,Ontario,2023-12-01,Bronze
C06730,Carmen,Hughes,williamsdavid@example.net,Ottawa,Ontario,2024-03-01,Silver
C06731,Amy,Martin,barbara67@example.net,Hamilton,Ontario,2023-03-04,Bronze
C06732,Cynthia,Lee,katherineoconnor@example.org,Hamilton,Ontario,2025-07-21,Silver
C06733,Brandi,Rogers,alexis97@example.org,Hamilton,Ontario,2022-12-26,Bronze
C06734,Jason,Kelly,danielmejia@example.com,Hamilton,Ontario,2022-09-30,Silver
C06735,Eric,Thomas,josephcoffey@example.org,Ottawa,Ontario,2026-05-13,Bronze
C06736,Anne,Guzman,miguelhaas@example.net,Brampton,Ontario,2022-05-21,Bronze
C06737,Monica,Middleton,garyschneider@example.net,Brampton,Ontario,2023-01-14,Bronze
C06738,Tracey,Sloan,codyoconnell@example.com,Edmonton,Alberta,2024-03-29,Gold
C06739,Justin,Sutton,ppeterson@example.com,Vancouver,British Columbia,2023-09-22,Silver
C06740,Michael,Thornton,thomas90@example.org,Edmonton,Alberta,2025-04-03,Bronze
C06741,Todd,Walker,elizabeth27@example.org,Brampton,Ontario,2025-09-29,Bronze
C06742,Jenna,Barton,nancy65@example.net,Ottawa,Ontario,2022-05-25,Bronze
C06743,Christina,Moody,daniel27@example.org,Brampton,Ontario,2022-11-24,Bronze
C06744,Jason,Boyer,karen24@example.org,Vancouver,British Columbia,2023-04-08,Silver
C06745,Cameron,Smith,portergeorge@example.com,Hamilton,Ontario,2022-11-19,Bronze
C06746,Theresa,Franklin,andrewgutierrez@example.com,Mississauga,Ontario,2022-10-26,Bronze
C06747,Alicia,Matthews,sandrabenson@example.com,Ottawa,Ontario,2025-06-17,Bronze
C06748,Melissa,Li,nfisher@example.org,Edmonton,Alberta,2026-06-09,Bronze
C06749,Lisa,Hall,rebecca76@example.com,Toronto,Ontario,2022-06-16,Gold
C06750,Michael,Ray,kennethprince@example.com,Calgary,Alberta,2025-07-24,Bronze
C06751,Raymond,Hamilton,coreymcdonald@example.org,Mississauga,Ontario,2026-02-23,Bronze
C06752,Ian,Wilson,lisandra@example.net,Brampton,Ontario,2026-04-30,Bronze
C06753,Antonio,Gutierrez,curtisjason@example.net,Calgary,Alberta,2026-04-25,Bronze
C06754,Wendy,Manning,welchcourtney@example.net,Vancouver,British Columbia,2025-01-05,Gold
C06755,Lisa,Gomez,jamesbernard@example.com,Edmonton,Alberta,2024-05-12,Bronze
C06756,Edward,Turner,romerojoseph@example.com,Brampton,Ontario,2022-12-17,Bronze
C06757,Austin,Cannon,juan87@example.com,Hamilton,Ontario,2022-02-07,Bronze
C06758,Robert,Jones,wdunn@example.org,Hamilton,Ontario,2024-03-29,Silver
C06759,Brandon,Thompson,loritate@example.com,Edmonton,Alberta,2022-07-18,Bronze
C06760,Aaron,Strickland,joseph97@example.com,Ottawa,Ontario,2025-10-06,Gold
C06761,Jeffrey,Williamson,smcdonald@example.com,Calgary,Alberta,2023-01-20,Bronze
C06762,Lisa,Greer,lcampbell@example.org,Toronto,Ontario,2022-12-22,Bronze
C06763,Sean,Rhodes,michaelparker@example.org,Calgary,Alberta,2022-01-19,Bronze
C06764,James,Parsons,khanson@example.org,Ottawa,Ontario,2024-09-05,Gold
C06765,Christine,Wilson,qbaird@example.net,Calgary,Alberta,2022-02-13,Silver
C06766,Aaron,Thompson,marshalljohnathan@example.net,Brampton,Ontario,2023-08-07,Bronze
C06767,Jacqueline,Le,shariclark@example.net,Edmonton,Alberta,2023-09-21,Bronze
C06768,Charlotte,Schaefer,shannonjimenez@example.net,Edmonton,Alberta,2022-07-02,Silver
C06769,Jessica,King,ogrimes@example.org,Vancouver,British Columbia,2024-06-16,Bronze
C06770,Julie,Barnett,randy09@example.org,Hamilton,Ontario,2023-05-31,Bronze
C06771,Madeline,Baker,copelandsteven@example.org,Mississauga,Ontario,2021-12-05,Bronze
C06772,Steven,Hammond,sharonshort@example.org,Vancouver,British Columbia,2023-11-12,Bronze
C06773,William,Jones,cookmackenzie@example.net,Mississauga,Ontario,2023-10-23,Silver
C06774,Patricia,Rose,sharon76@example.com,Brampton,Ontario,2023-11-28,Gold
C06775,James,Sanchez,yalexander@example.net,Hamilton,Ontario,2025-11-14,Silver
C06776,Erin,Smith,qanderson@example.org,Hamilton,Ontario,2026-06-16,Bronze
C06777,Jessica,Smith,brianmarsh@example.org,Ottawa,Ontario,2022-11-10,Bronze
C06778,Vanessa,Cruz,gsoto@example.org,Mississauga,Ontario,2022-07-10,Bronze
C06779,Willie,Atkinson,williamparker@example.net,Mississauga,Ontario,2023-03-23,Bronze
C06780,Don,Wright,aflores@example.com,Hamilton,Ontario,2021-08-16,Bronze
C06781,Gregory,Lewis,andersonnicholas@example.net,Mississauga,Ontario,2023-08-07,Silver
C06782,Austin,Horton,cainsamantha@example.org,Ottawa,Ontario,2024-09-18,Bronze
C06783,Kimberly,Hall,dennismiller@example.com,Toronto,Ontario,2022-04-17,Bronze
C06784,Zachary,Lopez,jennifer55@example.com,Mississauga,Ontario,2026-05-02,Silver
C06785,Melissa,Lee,jessica44@example.org,Ottawa,Ontario,2024-10-29,Bronze
C06786,Toni,Davis,odonnellashley@example.com,Hamilton,Ontario,2025-12-07,Bronze
C06787,Laura,Davis,christiancynthia@example.net,Brampton,Ontario,2022-04-13,Bronze
C06788,Laurie,Welch,xhampton@example.net,Mississauga,Ontario,2025-02-26,Silver
C06789,Kevin,Williams,choistephanie@example.com,Calgary,Alberta,2022-01-08,Silver
C06790,Penny,Cochran,kevinlarson@example.com,Edmonton,Alberta,2024-10-20,Bronze
C06791,Rachel,Martinez,alvarezpaul@example.com,Mississauga,Ontario,2026-07-04,Bronze
C06792,Tanya,Hoffman,cphillips@example.org,Ottawa,Ontario,2026-07-11,Bronze
C06793,Gary,Fitzgerald,andersonwayne@example.com,Mississauga,Ontario,2021-11-18,Silver
C06794,Rachel,Jackson,levythomas@example.com,Hamilton,Ontario,2024-08-26,Bronze
C06795,Bianca,Davis,wattsjoann@example.com,Hamilton,Ontario,2021-12-06,Gold
C06796,Alex,Mckenzie,aguilardaniel@example.net,Mississauga,Ontario,2022-11-07,Silver
C06797,Christopher,Hernandez,davidadams@example.org,Mississauga,Ontario,2025-07-20,Bronze
C06798,Stacey,Meyer,wcampbell@example.org,Hamilton,Ontario,2021-11-03,Silver
C06799,Nicholas,Schroeder,kendra56@example.net,Toronto,Ontario,2023-02-09,Silver
C06800,Troy,Kelley,dcarlson@example.net,Mississauga,Ontario,2025-10-10,Gold
C06801,Bryan,Harper,evan11@example.org,Hamilton,Ontario,2024-09-18,Gold
C06802,Patrick,Maddox,michael77@example.com,Brampton,Ontario,2022-08-29,Silver
C06803,Robert,Johnson,staffordcarlos@example.net,Toronto,Ontario,2026-04-20,Bronze
C06804,Rebecca,Horton,alfredhanson@example.org,Hamilton,Ontario,2022-07-02,Silver
C06805,Karina,Neal,melissayoung@example.net,Edmonton,Alberta,2024-05-07,Gold
C06806,Hannah,Welch,lisa46@example.org,Mississauga,Ontario,2026-06-22,Bronze
C06807,Robert,Duran,eneal@example.org,Vancouver,British Columbia,2023-06-17,Silver
C06808,Stephen,Blackburn,tbolton@example.net,Toronto,Ontario,2022-08-13,Bronze
C06809,Stephanie,Ford,paul78@example.com,Calgary,Alberta,2022-10-14,Bronze
C06810,William,Stone,enelson@example.com,Ottawa,Ontario,2025-11-30,Bronze
C06811,Jonathan,Daniels,vperry@example.org,Brampton,Ontario,2025-12-17,Silver
C06812,Michael,Fernandez,christopherbuck@example.com,Hamilton,Ontario,2023-03-12,Bronze
C06813,Rachel,Mills,thomas81@example.org,Brampton,Ontario,2021-08-12,Bronze
C06814,Michael,Mason,rsmith@example.net,Edmonton,Alberta,2022-07-18,Gold
C06815,Jacob,Morrison,zgibson@example.net,Ottawa,Ontario,2021-10-05,Bronze
C06816,Judith,Brown,judyjones@example.net,Calgary,Alberta,2023-01-29,Bronze
C06817,Susan,Richmond,nancybaker@example.net,Calgary,Alberta,2023-05-20,Bronze
C06818,Stephanie,Hunter,noah25@example.org,Hamilton,Ontario,2023-12-26,Bronze
C06819,Frank,Adkins,aaron46@example.net,Vancouver,British Columbia,2022-06-04,Silver
C06820,Andrew,Patterson,jenniferkelley@example.org,Calgary,Alberta,2021-11-09,Bronze
C06821,Jennifer,Grant,kelly66@example.net,Hamilton,Ontario,2022-04-09,Bronze
C06822,Brandi,Walker,mullenashley@example.org,Edmonton,Alberta,2025-03-20,Bronze
C06823,Corey,Shaw,shawmark@example.net,Hamilton,Ontario,2024-08-04,Silver
C06824,Jacqueline,Dean,thomas46@example.com,Mississauga,Ontario,2025-11-01,Gold
C06825,Richard,Campbell,heather03@example.com,Ottawa,Ontario,2025-08-05,Bronze
C06826,Jennifer,Woodard,james56@example.org,Edmonton,Alberta,2025-06-24,Bronze
C06827,Joseph,Caldwell,stephen34@example.com,Hamilton,Ontario,2023-11-29,Bronze
C06828,Marcus,Kim,dmitchell@example.org,Mississauga,Ontario,2025-04-13,Silver
C06829,John,Herrera,danielwoods@example.com,Hamilton,Ontario,2026-02-02,Bronze
C06830,Joshua,Saunders,jennifer68@example.org,Vancouver,British Columbia,2025-06-22,Bronze
C06831,Robert,Watts,justin96@example.com,Hamilton,Ontario,2026-02-23,Bronze
C06832,Christopher,Johnson,bdouglas@example.net,Hamilton,Ontario,2026-04-05,Bronze
C06833,Jonathan,Gilmore,johnsonconnie@example.com,Brampton,Ontario,2022-10-18,Silver
C06834,Kenneth,Cohen,chris13@example.com,Toronto,Ontario,2021-12-09,Bronze
C06835,Margaret,Hall,qbrown@example.org,Calgary,Alberta,2022-03-27,Bronze
C06836,Natalie,Campbell,annettehoover@example.com,Toronto,Ontario,2025-02-05,Bronze
C06837,Brian,Yang,troyjones@example.org,Toronto,Ontario,2024-05-20,Bronze
C06838,Joseph,Hayes,debraferguson@example.org,Ottawa,Ontario,2023-08-26,Silver
C06839,Kristina,Smith,david60@example.org,Toronto,Ontario,2023-09-07,Bronze
C06840,Christina,May,watkinsrobin@example.org,Mississauga,Ontario,2024-08-23,Bronze
C06841,Nicholas,Nelson,jwhite@example.org,Hamilton,Ontario,2022-06-22,Bronze
C06842,Emily,Robinson,cassidyporter@example.net,Mississauga,Ontario,2021-08-10,Bronze
C06843,Kyle,Walter,kennethhouse@example.org,Ottawa,Ontario,2025-05-21,Silver
C06844,Kathy,Bell,kristicrawford@example.com,Ottawa,Ontario,2022-05-15,Bronze
C06845,Dennis,Kirby,ashley66@example.com,Vancouver,British Columbia,2025-11-30,Silver
C06846,Raymond,Cross,smithamanda@example.org,Toronto,Ontario,2025-12-21,Bronze
C06847,Mark,Phillips,joel17@example.net,Calgary,Alberta,2022-09-17,Bronze
C06848,Sara,Ward,brandonstrickland@example.com,Hamilton,Ontario,2025-02-26,Silver
C06849,Charlene,Malone,kennedyamanda@example.com,Mississauga,Ontario,2022-01-06,Silver
C06850,Jorge,Smith,martindestiny@example.org,Calgary,Alberta,2025-04-12,Silver
C06851,Elizabeth,Austin,daniellehogan@example.org,Ottawa,Ontario,2022-02-03,Silver
C06852,Michelle,Pearson,williambarker@example.org,Ottawa,Ontario,2023-02-22,Bronze
C06853,David,Wong,jessicavaughn@example.com,Mississauga,Ontario,2025-08-30,Bronze
C06854,Maria,Owens,andrew78@example.net,Toronto,Ontario,2024-04-28,Bronze
C06855,Cynthia,Wilson,mhernandez@example.org,Edmonton,Alberta,2024-08-14,Bronze
C06856,Stephen,Davis,smithchristian@example.com,Calgary,Alberta,2025-06-26,Bronze
C06857,Cheryl,Walton,mariocole@example.com,Hamilton,Ontario,2026-07-27,Silver
C06858,Thomas,Hoffman,zthomas@example.net,Edmonton,Alberta,2023-10-16,Bronze
C06859,Caroline,Arias,sheila36@example.net,Edmonton,Alberta,2022-04-21,Gold
C06860,Cheryl,Torres,vfisher@example.net,Vancouver,British Columbia,2023-08-19,Silver
C06861,Daniel,Johnson,elizabethjackson@example.org,Ottawa,Ontario,2025-03-03,Bronze
C06862,Jeffrey,Rodriguez,qmoore@example.com,Toronto,Ontario,2023-11-28,Silver
C06863,Michael,Bender,pglenn@example.org,Edmonton,Alberta,2022-04-13,Bronze
C06864,Todd,Dominguez,bgonzalez@example.org,Ottawa,Ontario,2025-06-28,Bronze
C06865,April,Parker,patricia23@example.com,Mississauga,Ontario,2025-03-05,Silver
C06866,Briana,Robles,vcooper@example.net,Hamilton,Ontario,2024-09-03,Silver
C06867,Jack,Barnes,thomas69@example.net,Mississauga,Ontario,2023-09-30,Bronze
C06868,Jennifer,Thompson,creyes@example.org,Edmonton,Alberta,2022-03-29,Gold
C06869,John,Browning,hjohnson@example.org,Mississauga,Ontario,2021-07-28,Bronze
C06870,Lynn,Hill,mckinneyfelicia@example.com,Calgary,Alberta,2024-08-27,Bronze
C06871,Janet,Rice,brittany36@example.net,Calgary,Alberta,2024-04-17,Silver
C06872,Joseph,Gardner,jacqueline88@example.com,Ottawa,Ontario,2024-07-12,Silver
C06873,Jennifer,Schneider,nicolejohnson@example.org,Mississauga,Ontario,2022-01-15,Bronze
C06874,Jose,Mason,melanie89@example.org,Mississauga,Ontario,2022-02-03,Bronze
C06875,Cheyenne,Collins,hbecker@example.net,Hamilton,Ontario,2025-08-06,Gold
C06876,Brianna,Gonzalez,pholmes@example.net,Vancouver,British Columbia,2022-03-26,Silver
C06877,Katie,Griffin,nhamilton@example.org,Toronto,Ontario,2024-08-28,Silver
C06878,Charles,Pena,dylan43@example.net,Brampton,Ontario,2024-09-20,Bronze
C06879,Ryan,Cox,kristen45@example.net,Edmonton,Alberta,2021-12-10,Bronze
C06880,Jessica,Foster,emartinez@example.org,Edmonton,Alberta,2023-09-23,Bronze
C06881,Terrance,Shaw,watersbrandy@example.net,Hamilton,Ontario,2025-10-25,Silver
C06882,Andrew,Harris,jose22@example.com,Ottawa,Ontario,2023-06-30,Bronze
C06883,Brent,Smith,lowekaren@example.org,Brampton,Ontario,2022-06-17,Bronze
C06884,Tommy,Willis,andradejacob@example.net,Vancouver,British Columbia,2023-04-23,Silver
C06885,Patrick,Mckinney,joe32@example.com,Hamilton,Ontario,2026-05-18,Bronze
C06886,Joan,Martin,alexander95@example.com,Hamilton,Ontario,2026-02-27,Silver
C06887,Sabrina,Parker,jessicalopez@example.net,Vancouver,British Columbia,2024-08-02,Silver
C06888,Emma,Mack,joseph27@example.com,Hamilton,Ontario,2024-03-09,Bronze
C06889,Suzanne,Lindsey,icopeland@example.net,Mississauga,Ontario,2025-09-19,Bronze
C06890,Edward,Murray,yhamilton@example.net,Brampton,Ontario,2022-08-03,Silver
C06891,Nicholas,Bruce,dianasilva@example.org,Ottawa,Ontario,2021-11-19,Silver
C06892,Meredith,Nelson,natalie67@example.com,Mississauga,Ontario,2025-05-06,Bronze
C06893,Michael,Becker,xabbott@example.net,Calgary,Alberta,2025-08-29,Bronze
C06894,Matthew,Perkins,campbelljoseph@example.com,Hamilton,Ontario,2022-09-24,Bronze
C06895,Michele,Osborn,kim61@example.net,Ottawa,Ontario,2023-08-17,Bronze
C06896,Cindy,Rosales,henry28@example.org,Edmonton,Alberta,2023-03-06,Silver
C06897,Joseph,Chapman,donaldsonheather@example.org,Calgary,Alberta,2022-08-21,Bronze
C06898,Brandon,Adams,wanda48@example.net,Toronto,Ontario,2025-08-07,Bronze
C06899,Brittney,Graham,nichole90@example.org,Calgary,Alberta,2022-07-27,Bronze
C06900,David,Harris,hlong@example.com,Edmonton,Alberta,2024-08-17,Silver
C06901,John,Moss,guerrerobrad@example.com,Ottawa,Ontario,2024-07-26,Gold
C06902,David,Hall,crystal35@example.org,Mississauga,Ontario,2022-10-29,Bronze
C06903,William,Owens,robinsondonald@example.com,Vancouver,British Columbia,2024-02-22,Bronze
C06904,Jessica,Odom,lindawatson@example.com,Ottawa,Ontario,2025-07-23,Bronze
C06905,Linda,Bailey,lisagarcia@example.org,Edmonton,Alberta,2022-12-25,Bronze
C06906,James,Griffith,john00@example.org,Vancouver,British Columbia,2022-01-30,Gold
C06907,Brenda,Mcguire,benjamin41@example.org,Toronto,Ontario,2022-07-18,Silver
C06908,Bobby,Baker,benjaminfigueroa@example.com,Mississauga,Ontario,2024-05-24,Bronze
C06909,Melissa,Martin,donna69@example.com,Toronto,Ontario,2024-03-25,Bronze
C06910,Patricia,Wilson,taylorjessica@example.com,Hamilton,Ontario,2023-04-06,Bronze
C06911,Monica,Powell,amandamoore@example.com,Edmonton,Alberta,2024-08-06,Silver
C06912,Danielle,Fernandez,courtney38@example.org,Toronto,Ontario,2026-06-21,Bronze
C06913,Chad,Murray,renee85@example.net,Ottawa,Ontario,2025-06-13,Silver
C06914,Michael,Russell,jessicabutler@example.org,Calgary,Alberta,2025-02-05,Bronze
C06915,Lisa,Hickman,leonardheather@example.org,Calgary,Alberta,2021-10-17,Bronze
C06916,Jessica,Wilson,timothyguerra@example.org,Mississauga,Ontario,2024-02-19,Silver
C06917,Katrina,Beasley,randalltammy@example.net,Hamilton,Ontario,2021-12-24,Silver
C06918,Patricia,Washington,ashley30@example.com,Calgary,Alberta,2026-07-12,Bronze
C06919,Michael,Riley,timothy21@example.com,Edmonton,Alberta,2025-02-22,Silver
C06920,Audrey,Wilson,qmason@example.org,Calgary,Alberta,2022-04-14,Bronze
C06921,Stephen,Allen,ashley29@example.com,Mississauga,Ontario,2024-04-09,Silver
C06922,Charles,Watkins,jackjones@example.com,Calgary,Alberta,2024-04-17,Bronze
C06923,Amy,Edwards,kwheeler@example.org,Mississauga,Ontario,2024-03-08,Bronze
C06924,Christopher,Graham,vstevens@example.com,Hamilton,Ontario,2022-03-29,Bronze
C06925,Alexandria,Weaver,patrickmoss@example.org,Mississauga,Ontario,2025-03-19,Bronze
C06926,Joshua,Rodriguez,sarahmiller@example.com,Brampton,Ontario,2022-03-09,Silver
C06927,Shannon,Moore,palmerrichard@example.net,Vancouver,British Columbia,2022-10-18,Silver
C06928,Lori,Johnson,jeffreylewis@example.net,Ottawa,Ontario,2022-06-26,Bronze
C06929,Kendra,Reynolds,alyssa46@example.com,Mississauga,Ontario,2023-03-02,Silver
C06930,Tami,Estes,kwatts@example.com,Vancouver,British Columbia,2024-05-26,Gold
C06931,Brianna,Young,ewingkevin@example.net,Vancouver,British Columbia,2025-08-21,Bronze
C06932,Alex,Murillo,ehanson@example.org,Vancouver,British Columbia,2023-04-09,Silver
C06933,Lindsey,Thornton,udavis@example.org,Calgary,Alberta,2024-01-23,Silver
C06934,Michelle,Ferguson,nancysanchez@example.com,Mississauga,Ontario,2022-11-30,Bronze
C06935,Theresa,Rogers,whayes@example.net,Vancouver,British Columbia,2021-09-17,Bronze
C06936,Pamela,Cabrera,uthompson@example.org,Brampton,Ontario,2023-03-15,Silver
C06937,Jason,Cannon,ronaldhill@example.net,Calgary,Alberta,2023-07-28,Silver
C06938,Megan,Burch,butlertracey@example.net,Brampton,Ontario,2024-07-07,Bronze
C06939,April,Rose,jreynolds@example.org,Mississauga,Ontario,2024-07-02,Bronze
C06940,Samuel,Cline,amanda61@example.com,Toronto,Ontario,2021-09-18,Bronze
C06941,John,Floyd,fergusonadam@example.net,Toronto,Ontario,2021-09-12,Bronze
C06942,Michael,Burnett,laura29@example.org,Edmonton,Alberta,2022-10-23,Silver
C06943,David,Hall,gary88@example.com,Edmonton,Alberta,2023-08-27,Silver
C06944,Molly,Gray,sdavis@example.org,Mississauga,Ontario,2022-09-01,Bronze
C06945,Jay,Webster,michaellee@example.net,Ottawa,Ontario,2022-01-19,Bronze
C06946,Stacy,Long,reyespaul@example.com,Ottawa,Ontario,2023-05-19,Bronze
C06947,Mary,Kennedy,miguelsmith@example.com,Vancouver,British Columbia,2023-09-04,Silver
C06948,Stacey,Clark,jeffersonrebecca@example.net,Toronto,Ontario,2021-12-26,Silver
C06949,Jennifer,Sherman,hernandezkatherine@example.net,Toronto,Ontario,2023-01-19,Bronze
C06950,Matthew,Allen,lauren82@example.net,Vancouver,British Columbia,2024-07-01,Bronze
C06951,Dalton,Moore,johnsonjohn@example.net,Toronto,Ontario,2022-05-17,Bronze
C06952,Matthew,Mahoney,mooreangel@example.com,Vancouver,British Columbia,2021-08-24,Silver
C06953,Allison,Haas,heather12@example.org,Ottawa,Ontario,2021-08-26,Bronze
C06954,Brittany,Adams,frankbaldwin@example.com,Edmonton,Alberta,2022-11-15,Bronze
C06955,Susan,Martinez,smithdarryl@example.com,Mississauga,Ontario,2023-12-24,Bronze
C06956,Matthew,Pope,sherisutton@example.com,Brampton,Ontario,2022-10-01,Bronze
C06957,Heather,Christensen,aprilmckay@example.org,Mississauga,Ontario,2026-02-01,Silver
C06958,Kyle,Gonzalez,briancunningham@example.net,Mississauga,Ontario,2023-11-07,Bronze
C06959,Steven,Owens,petersenmeagan@example.com,Edmonton,Alberta,2023-12-03,Silver
C06960,Tina,Berry,isaiahparker@example.com,Calgary,Alberta,2024-11-20,Bronze
C06961,James,Buck,lglenn@example.com,Edmonton,Alberta,2022-09-28,Silver
C06962,Brian,Riley,crystal12@example.org,Brampton,Ontario,2026-01-12,Bronze
C06963,Christopher,Jones,snyderjessica@example.net,Calgary,Alberta,2025-03-19,Bronze
C06964,Vanessa,Sanchez,nguyenkirsten@example.org,Brampton,Ontario,2022-06-28,Bronze
C06965,Steven,Henderson,ericbrown@example.org,Edmonton,Alberta,2025-09-22,Bronze
C06966,Dillon,Martin,john02@example.org,Calgary,Alberta,2025-07-19,Silver
C06967,Tara,Ford,lhunt@example.com,Ottawa,Ontario,2026-06-12,Bronze
C06968,Jennifer,Barber,susan70@example.net,Mississauga,Ontario,2026-01-04,Bronze
C06969,Madison,Cruz,cherylellison@example.org,Mississauga,Ontario,2022-12-22,Gold
C06970,Paul,Lam,johnstonnicole@example.com,Hamilton,Ontario,2022-08-10,Bronze
C06971,Bridget,Cobb,danielwashington@example.com,Ottawa,Ontario,2026-07-24,Bronze
C06972,Karen,Wood,nicholsmarcus@example.net,Ottawa,Ontario,2025-05-25,Bronze
C06973,Jessica,Hickman,iroberts@example.com,Mississauga,Ontario,2023-11-23,Silver
C06974,Albert,Butler,pcombs@example.org,Calgary,Alberta,2024-01-06,Gold
C06975,Melissa,Stone,qklein@example.com,Toronto,Ontario,2023-08-07,Silver
C06976,Karen,Williams,walterdarrell@example.net,Edmonton,Alberta,2024-08-25,Bronze
C06977,Nathaniel,Smith,ggray@example.net,Toronto,Ontario,2024-11-20,Bronze
C06978,Jacob,Diaz,michael95@example.com,Toronto,Ontario,2024-07-13,Gold
C06979,Cynthia,Williams,kellieschmitt@example.com,Mississauga,Ontario,2023-02-25,Bronze
C06980,Robert,Armstrong,kdavila@example.net,Vancouver,British Columbia,2025-03-09,Bronze
C06981,Devin,Vargas,myersjeff@example.net,Hamilton,Ontario,2024-01-20,Bronze
C06982,Austin,Ward,aaronwilkinson@example.com,Brampton,Ontario,2022-10-02,Bronze
C06983,Mary,Rogers,aaronross@example.net,Mississauga,Ontario,2025-01-18,Bronze
C06984,Donna,Meyer,stonesarah@example.com,Calgary,Alberta,2024-04-24,Bronze
C06985,Courtney,Strickland,larry40@example.net,Edmonton,Alberta,2026-01-11,Bronze
C06986,Patricia,White,peter76@example.org,Hamilton,Ontario,2023-09-24,Bronze
C06987,William,Landry,millerdana@example.com,Edmonton,Alberta,2022-01-16,Bronze
C06988,Crystal,Jacobson,john36@example.net,Edmonton,Alberta,2024-01-17,Gold
C06989,Jasmine,Gordon,tgraham@example.net,Calgary,Alberta,2023-01-31,Bronze
C06990,James,Marshall,zbarnett@example.org,Brampton,Ontario,2022-01-30,Silver
C06991,Ashley,Freeman,mary93@example.net,Toronto,Ontario,2023-03-25,Silver
C06992,William,Gonzales,turnernathaniel@example.org,Hamilton,Ontario,2022-08-20,Silver
C06993,Anthony,Brooks,williamsdale@example.net,Ottawa,Ontario,2022-10-14,Gold
C06994,Cheryl,Price,alison97@example.com,Edmonton,Alberta,2025-02-13,Bronze
C06995,Jim,Carr,francojacqueline@example.com,Brampton,Ontario,2022-02-26,Bronze
C06996,Stephen,Moore,cjohnson@example.org,Mississauga,Ontario,2024-03-16,Silver
C06997,Kim,Thomas,dcarter@example.org,Brampton,Ontario,2026-03-04,Bronze
C06998,James,Baxter,llyons@example.org,Brampton,Ontario,2023-06-03,Gold
C06999,Kenneth,Henderson,turnerpaul@example.com,Vancouver,British Columbia,2023-07-01,Gold
C07000,Mary,Crawford,nina55@example.org,Calgary,Alberta,2026-06-04,Bronze
C07001,Sara,Andrews,andrewrogers@example.net,Toronto,Ontario,2024-09-20,Bronze
C07002,Taylor,Holden,melindapierce@example.com,Vancouver,British Columbia,2024-08-29,Gold
C07003,Stephanie,Cantu,yevans@example.net,Vancouver,British Columbia,2021-09-05,Bronze
C07004,Benjamin,Robertson,kevinlester@example.com,Mississauga,Ontario,2026-03-17,Silver
C07005,Michael,Bowen,danielguzman@example.net,Ottawa,Ontario,2024-03-23,Silver
C07006,Roberto,Hall,princedaniel@example.org,Ottawa,Ontario,2024-07-23,Bronze
C07007,Joseph,Parker,vayers@example.com,Vancouver,British Columbia,2021-09-24,Silver
C07008,Kenneth,Anthony,williamsdaniel@example.com,Brampton,Ontario,2022-07-23,Silver
C07009,Adriana,Fitzpatrick,efoster@example.net,Brampton,Ontario,2024-01-03,Bronze
C07010,Brittany,Spears,samantha96@example.org,Toronto,Ontario,2026-01-03,Bronze
C07011,Janet,Williams,kblair@example.net,Vancouver,British Columbia,2026-05-22,Bronze
C07012,Lisa,Serrano,halldiane@example.org,Mississauga,Ontario,2023-02-22,Bronze
C07013,Michele,Bradford,leslielopez@example.org,Edmonton,Alberta,2026-07-15,Bronze
C07014,Wesley,Martin,xroach@example.org,Mississauga,Ontario,2024-12-30,Silver
C07015,Joseph,Fowler,spenceramy@example.com,Hamilton,Ontario,2021-12-06,Bronze
C07016,Rebecca,Frank,staceyramirez@example.org,Ottawa,Ontario,2024-01-06,Gold
C07017,George,Simmons,mary71@example.org,Toronto,Ontario,2022-06-07,Bronze
C07018,Javier,Perez,curtis62@example.net,Brampton,Ontario,2025-01-29,Bronze
C07019,Dwayne,Hughes,joywatson@example.com,Calgary,Alberta,2025-04-30,Bronze
C07020,Laura,Mason,monica10@example.com,Edmonton,Alberta,2024-09-02,Bronze
C07021,Monica,Lewis,catherine56@example.org,Toronto,Ontario,2025-04-18,Bronze
C07022,William,Brown,joshuabenson@example.com,Brampton,Ontario,2024-06-23,Silver
C07023,Patricia,Hancock,nwhite@example.net,Brampton,Ontario,2025-09-05,Silver
C07024,Sandra,Stuart,johnallen@example.org,Brampton,Ontario,2025-02-22,Gold
C07025,Cody,Huynh,arnolddaniel@example.net,Mississauga,Ontario,2024-04-27,Silver
C07026,Jason,Francis,jaguirre@example.net,Edmonton,Alberta,2025-02-15,Bronze
C07027,Seth,Stewart,ycannon@example.net,Calgary,Alberta,2024-09-05,Silver
C07028,Cindy,Young,rosepark@example.com,Hamilton,Ontario,2022-04-09,Gold
C07029,Ellen,Dunn,calvin71@example.net,Toronto,Ontario,2021-09-22,Bronze
C07030,Steve,Mendoza,tammycarter@example.net,Calgary,Alberta,2026-01-04,Bronze
C07031,Derek,Leonard,howellmark@example.net,Edmonton,Alberta,2024-03-30,Bronze
C07032,Justin,Hill,amysantiago@example.net,Toronto,Ontario,2025-12-26,Bronze
C07033,Christina,Clarke,garywise@example.net,Hamilton,Ontario,2024-02-27,Bronze
C07034,Cameron,Reynolds,derrick29@example.org,Vancouver,British Columbia,2026-05-10,Silver
C07035,Jesus,Anderson,emily27@example.org,Toronto,Ontario,2022-06-08,Silver
C07036,Stephanie,Johnson,rroberts@example.org,Calgary,Alberta,2023-11-24,Bronze
C07037,Courtney,Maynard,daniel76@example.org,Ottawa,Ontario,2022-07-07,Silver
C07038,Robert,Valencia,pearsonerica@example.com,Calgary,Alberta,2025-02-02,Bronze
C07039,Paul,Wilkinson,jcox@example.org,Edmonton,Alberta,2022-05-21,Silver
C07040,Cory,Steele,sallen@example.net,Brampton,Ontario,2025-03-04,Bronze
C07041,Frank,Bean,thomas32@example.org,Toronto,Ontario,2026-05-08,Bronze
C07042,Steven,Ray,donald99@example.net,Calgary,Alberta,2023-04-14,Silver
C07043,Sarah,Bradley,rogerswilliam@example.net,Ottawa,Ontario,2021-11-23,Bronze
C07044,Patricia,Cooper,sheila91@example.net,Toronto,Ontario,2022-10-25,Silver
C07045,Robert,Rios,andrewschristine@example.org,Brampton,Ontario,2021-11-27,Silver
C07046,Bradley,Mueller,hannah44@example.com,Calgary,Alberta,2024-08-09,Silver
C07047,Stephen,Pierce,oalvarado@example.com,Toronto,Ontario,2022-01-09,Bronze
C07048,Spencer,Howell,harrellchristine@example.org,Mississauga,Ontario,2022-02-12,Bronze
C07049,Susan,Hamilton,bmendoza@example.com,Calgary,Alberta,2024-10-10,Bronze
C07050,Joshua,Bartlett,goneill@example.net,Toronto,Ontario,2025-08-15,Bronze
C07051,John,Benson,clarkmelissa@example.org,Edmonton,Alberta,2023-06-04,Bronze
C07052,Joseph,Wood,nancyowens@example.org,Vancouver,British Columbia,2023-07-11,Bronze
C07053,Sandra,Pierce,geoffreymartin@example.org,Edmonton,Alberta,2025-10-24,Silver
C07054,Michelle,Henderson,hubbardamy@example.net,Calgary,Alberta,2024-01-26,Silver
C07055,Deborah,King,woodmichael@example.com,Ottawa,Ontario,2025-10-17,Bronze
C07056,Chelsea,Hernandez,lewissteven@example.com,Calgary,Alberta,2022-10-17,Bronze
C07057,Christopher,Williams,reedbarry@example.com,Toronto,Ontario,2025-10-17,Bronze
C07058,Patricia,Stokes,frostnicole@example.org,Toronto,Ontario,2025-02-10,Bronze
C07059,Robert,Williams,tpratt@example.org,Edmonton,Alberta,2025-06-06,Bronze
C07060,Brandon,Bell,wallaceashley@example.net,Ottawa,Ontario,2025-06-05,Bronze
C07061,Dale,Evans,josephsmith@example.net,Brampton,Ontario,2025-07-14,Gold
C07062,Paul,Snyder,steven30@example.net,Mississauga,Ontario,2021-08-19,Bronze
C07063,Melissa,West,kenneth53@example.org,Brampton,Ontario,2022-10-04,Bronze
C07064,Angela,Liu,kmorgan@example.org,Ottawa,Ontario,2024-09-28,Silver
C07065,Scott,Hale,hsmith@example.org,Calgary,Alberta,2025-03-06,Bronze
C07066,Andrew,Hill,htorres@example.net,Edmonton,Alberta,2025-11-13,Silver
C07067,Catherine,Benton,hoffmancharles@example.net,Mississauga,Ontario,2022-02-20,Silver
C07068,Christopher,Morgan,harriskimberly@example.net,Ottawa,Ontario,2024-09-29,Bronze
C07069,Timothy,Scott,joshuaperry@example.net,Hamilton,Ontario,2023-07-26,Silver
C07070,Kristin,Walker,ycobb@example.org,Edmonton,Alberta,2024-07-30,Silver
C07071,Gavin,Patel,justin45@example.org,Brampton,Ontario,2021-08-10,Silver
C07072,Tim,Martin,jessica95@example.org,Toronto,Ontario,2026-07-27,Bronze
C07073,Adam,Johnson,zacharyryan@example.net,Hamilton,Ontario,2022-10-12,Bronze
C07074,Jenna,Gill,jonathanevans@example.net,Hamilton,Ontario,2022-08-28,Bronze
C07075,Joshua,Melendez,butlermichelle@example.net,Mississauga,Ontario,2021-08-12,Gold
C07076,Kevin,Roth,underwoodcassandra@example.net,Toronto,Ontario,2025-06-04,Bronze
C07077,Jeffrey,Whitaker,susan95@example.org,Brampton,Ontario,2024-10-29,Bronze
C07078,Keith,Patterson,josephpruitt@example.com,Toronto,Ontario,2024-01-11,Bronze
C07079,Joyce,Smith,pmcintosh@example.org,Edmonton,Alberta,2024-08-28,Gold
C07080,Emily,Lowe,xhensley@example.org,Edmonton,Alberta,2023-05-08,Bronze
C07081,Brian,Lynch,bettygrimes@example.com,Brampton,Ontario,2022-08-07,Bronze
C07082,Travis,Smith,garciajacob@example.com,Toronto,Ontario,2025-06-03,Silver
C07083,Lynn,Cochran,christianroy@example.net,Brampton,Ontario,2025-09-08,Bronze
C07084,Sandra,Murphy,amy53@example.com,Ottawa,Ontario,2023-02-16,Bronze
C07085,Victoria,Blake,stephaniegillespie@example.org,Hamilton,Ontario,2022-03-28,Silver
C07086,Ethan,Waters,ashleymarshall@example.org,Calgary,Alberta,2024-07-23,Bronze
C07087,Erin,Lopez,lisapotter@example.net,Hamilton,Ontario,2022-01-08,Silver
C07088,Mindy,Cooke,nguyenalexandra@example.net,Calgary,Alberta,2026-06-17,Bronze
C07089,Brian,Briggs,iallen@example.net,Toronto,Ontario,2025-11-17,Bronze
C07090,Pamela,Murray,hollyharrison@example.org,Brampton,Ontario,2022-08-14,Gold
C07091,Jennifer,Branch,dkelley@example.net,Ottawa,Ontario,2025-04-07,Bronze
C07092,Christian,Hernandez,smithkevin@example.org,Brampton,Ontario,2025-11-16,Silver
C07093,Anna,Brown,dawsonkathleen@example.org,Calgary,Alberta,2021-08-20,Silver
C07094,Emily,Costa,katie50@example.net,Vancouver,British Columbia,2024-11-14,Bronze
C07095,Gwendolyn,Jones,tchambers@example.org,Hamilton,Ontario,2024-03-31,Bronze
C07096,Susan,Padilla,aholland@example.org,Mississauga,Ontario,2024-06-17,Gold
C07097,David,Powell,timothyperez@example.org,Calgary,Alberta,2024-12-14,Bronze
C07098,Heather,Castillo,riggsterry@example.com,Calgary,Alberta,2025-09-23,Bronze
C07099,Eddie,Francis,dunntaylor@example.com,Toronto,Ontario,2022-11-27,Silver
C07100,Devin,Martin,shelly57@example.com,Ottawa,Ontario,2024-03-17,Silver
C07101,Amanda,Long,laurenrussell@example.net,Brampton,Ontario,2022-11-24,Gold
C07102,Dennis,Baker,lisa18@example.org,Edmonton,Alberta,2024-03-03,Gold
C07103,Curtis,Phelps,walkermark@example.com,Ottawa,Ontario,2022-07-25,Bronze
C07104,Christopher,Blevins,kellie69@example.net,Hamilton,Ontario,2022-12-19,Gold
C07105,Devon,French,nicole50@example.net,Mississauga,Ontario,2022-12-30,Silver
C07106,Meredith,Williams,angelalawson@example.net,Edmonton,Alberta,2025-03-16,Silver
C07107,Sue,Petty,zacharynelson@example.org,Edmonton,Alberta,2025-10-27,Bronze
C07108,Juan,Wolfe,mramirez@example.net,Vancouver,British Columbia,2022-03-06,Silver
C07109,Kaitlyn,Nelson,jerry13@example.net,Edmonton,Alberta,2025-05-15,Bronze
C07110,Zachary,Moss,brandon22@example.com,Vancouver,British Columbia,2025-04-15,Bronze
C07111,Gina,Stewart,uhood@example.net,Hamilton,Ontario,2026-05-14,Bronze
C07112,Logan,Chang,sellersgregory@example.net,Vancouver,British Columbia,2022-12-11,Bronze
C07113,Nicole,Ruiz,zhoward@example.com,Hamilton,Ontario,2025-11-04,Bronze
C07114,Michelle,Herrera,glawson@example.com,Edmonton,Alberta,2024-06-06,Bronze
C07115,Jacob,Ward,iwright@example.org,Calgary,Alberta,2021-07-29,Silver
C07116,Kevin,Sweeney,pturner@example.net,Edmonton,Alberta,2023-02-09,Bronze
C07117,Ana,Wagner,bassstacy@example.com,Toronto,Ontario,2021-12-16,Bronze
C07118,Michael,Smith,harpernicholas@example.net,Ottawa,Ontario,2025-03-24,Bronze
C07119,Justin,Brown,garcialinda@example.net,Mississauga,Ontario,2021-12-18,Bronze
C07120,Jason,Collins,denise90@example.com,Calgary,Alberta,2025-10-20,Bronze
C07121,Alex,Mitchell,taylornathaniel@example.com,Brampton,Ontario,2026-03-21,Silver
C07122,Lynn,Blevins,traci24@example.net,Mississauga,Ontario,2025-03-26,Gold
C07123,Justin,Townsend,barnettgregory@example.org,Mississauga,Ontario,2024-10-29,Bronze
C07124,Douglas,French,jeffreyturner@example.com,Ottawa,Ontario,2024-09-10,Bronze
C07125,Jerry,Ross,brian30@example.com,Ottawa,Ontario,2022-02-10,Bronze
C07126,Cody,Watson,hgallagher@example.org,Hamilton,Ontario,2025-09-04,Silver
C07127,Ray,Woodward,dennis79@example.org,Calgary,Alberta,2025-11-09,Bronze
C07128,Amber,West,andersonjennifer@example.org,Edmonton,Alberta,2024-05-19,Bronze
C07129,Russell,Ross,jamie47@example.net,Ottawa,Ontario,2025-01-01,Silver
C07130,Rebecca,Stephens,whitneymartin@example.org,Toronto,Ontario,2022-11-05,Bronze
C07131,April,Oconnor,ojoseph@example.net,Brampton,Ontario,2024-05-26,Bronze
C07132,Helen,Chen,birdtamara@example.com,Ottawa,Ontario,2025-08-13,Bronze
C07133,James,Hernandez,mcgeepatrick@example.net,Brampton,Ontario,2023-01-23,Silver
C07134,Kimberly,Villarreal,amandarichardson@example.org,Calgary,Alberta,2022-06-14,Bronze
C07135,Victoria,Kirk,patelwilliam@example.com,Calgary,Alberta,2024-11-04,Silver
C07136,Albert,Buck,michaelrivas@example.org,Toronto,Ontario,2025-10-15,Bronze
C07137,Robert,Rivas,humphreyanna@example.org,Ottawa,Ontario,2024-04-18,Gold
C07138,Megan,Crane,edward79@example.org,Vancouver,British Columbia,2021-08-05,Silver
C07139,Alicia,Wood,mary28@example.org,Edmonton,Alberta,2025-08-16,Gold
C07140,Barbara,Robinson,qlewis@example.net,Ottawa,Ontario,2025-05-21,Silver
C07141,Jennifer,Johnson,xkemp@example.net,Mississauga,Ontario,2025-02-26,Bronze
C07142,Sara,Harvey,lparker@example.com,Vancouver,British Columbia,2024-03-09,Bronze
C07143,Mary,Pierce,michael10@example.net,Mississauga,Ontario,2022-05-08,Silver
C07144,Jessica,Arnold,ljohnson@example.net,Edmonton,Alberta,2023-02-05,Silver
C07145,Colleen,Boone,paul09@example.com,Vancouver,British Columbia,2022-10-28,Bronze
C07146,Kevin,Kent,plucas@example.net,Toronto,Ontario,2025-06-11,Gold
C07147,Wendy,Jenkins,kcarter@example.org,Ottawa,Ontario,2025-10-03,Bronze
C07148,Jenna,Johnson,debbie61@example.org,Mississauga,Ontario,2022-01-01,Silver
C07149,Lawrence,Armstrong,shaneroberts@example.com,Vancouver,British Columbia,2023-03-27,Silver
C07150,Kristen,Santos,homichael@example.com,Toronto,Ontario,2026-04-07,Bronze
C07151,Heather,Robinson,christinapeck@example.com,Mississauga,Ontario,2023-10-18,Silver
C07152,Diana,Preston,hughesmichael@example.org,Ottawa,Ontario,2021-10-18,Gold
C07153,Cameron,Clark,alexpatton@example.org,Ottawa,Ontario,2024-06-21,Silver
C07154,Jennifer,Atkinson,geraldmaldonado@example.com,Edmonton,Alberta,2023-06-08,Bronze
C07155,Daniel,Thompson,lmartinez@example.net,Vancouver,British Columbia,2024-11-17,Silver
C07156,William,Norris,rowetara@example.net,Edmonton,Alberta,2024-02-12,Bronze
C07157,Miguel,Palmer,michaelwalter@example.net,Brampton,Ontario,2025-07-21,Bronze
C07158,Stephanie,Chen,amy91@example.org,Ottawa,Ontario,2025-01-29,Bronze
C07159,Ruth,Stephens,hallderek@example.com,Hamilton,Ontario,2023-07-15,Bronze
C07160,Megan,Conway,pwilliams@example.net,Edmonton,Alberta,2026-05-20,Bronze
C07161,James,Pena,dianeherring@example.com,Mississauga,Ontario,2026-02-02,Bronze
C07162,Tyler,Sanchez,evanskimberly@example.org,Mississauga,Ontario,2025-06-12,Bronze
C07163,Michael,Young,mitchelllisa@example.net,Hamilton,Ontario,2026-02-02,Bronze
C07164,David,Burke,urogers@example.net,Mississauga,Ontario,2026-07-16,Bronze
C07165,Russell,Cox,qroberts@example.net,Ottawa,Ontario,2021-09-30,Silver
C07166,Kevin,Boyd,skemp@example.net,Calgary,Alberta,2022-02-11,Silver
C07167,Troy,Adams,shutchinson@example.org,Toronto,Ontario,2026-06-17,Silver
C07168,Roberto,Jones,robinlee@example.org,Hamilton,Ontario,2023-05-10,Bronze
C07169,Jessica,Steele,dpena@example.org,Hamilton,Ontario,2026-06-20,Silver
C07170,Brian,Moore,aburgess@example.org,Hamilton,Ontario,2025-02-15,Bronze
C07171,Sean,Bradley,rhondavega@example.com,Mississauga,Ontario,2025-05-15,Silver
C07172,Allison,Fitzpatrick,pbrown@example.org,Brampton,Ontario,2024-04-19,Bronze
C07173,Ryan,Smith,mark53@example.com,Ottawa,Ontario,2025-02-02,Bronze
C07174,Christopher,Smith,omassey@example.net,Hamilton,Ontario,2025-12-05,Bronze
C07175,Michelle,Daniel,james26@example.com,Mississauga,Ontario,2026-03-09,Bronze
C07176,Jennifer,Buckley,andersonjennifer@example.org,Brampton,Ontario,2023-04-10,Gold
C07177,Pamela,Peterson,william92@example.net,Hamilton,Ontario,2022-08-03,Silver
C07178,Glenn,Hanson,montoyadouglas@example.com,Hamilton,Ontario,2022-07-30,Bronze
C07179,Tammy,Bennett,andreagardner@example.org,Calgary,Alberta,2026-01-03,Gold
C07180,Trevor,Williams,charles49@example.com,Edmonton,Alberta,2022-02-17,Silver
C07181,Cynthia,Walker,tommy05@example.org,Calgary,Alberta,2025-05-23,Bronze
C07182,Sarah,Reyes,carlacolon@example.net,Mississauga,Ontario,2022-09-13,Bronze
C07183,Lori,Vasquez,laurareilly@example.com,Vancouver,British Columbia,2024-05-07,Gold
C07184,Meredith,Moreno,jennifer30@example.com,Mississauga,Ontario,2023-03-15,Bronze
C07185,Kerry,Beck,wendy59@example.com,Vancouver,British Columbia,2025-12-06,Silver
C07186,William,Pennington,ubrooks@example.org,Ottawa,Ontario,2023-08-28,Bronze
C07187,Justin,Stout,bowenmichael@example.org,Brampton,Ontario,2025-05-11,Bronze
C07188,Adam,Wright,cynthiachavez@example.org,Ottawa,Ontario,2024-09-21,Silver
C07189,Kristen,Davila,owalton@example.org,Edmonton,Alberta,2022-11-02,Silver
C07190,Steven,Pierce,rodriguezsheila@example.org,Ottawa,Ontario,2022-03-07,Bronze
C07191,Emma,Park,robinsoncassidy@example.net,Edmonton,Alberta,2022-11-11,Bronze
C07192,Lisa,Roberts,staceyellison@example.com,Toronto,Ontario,2022-07-28,Bronze
C07193,Alexandria,Nelson,halemichael@example.net,Hamilton,Ontario,2022-08-24,Bronze
C07194,David,Johnson,brianavila@example.com,Vancouver,British Columbia,2023-08-07,Bronze
C07195,Mark,Gonzales,mmarsh@example.org,Calgary,Alberta,2021-09-13,Bronze
C07196,Laura,Hutchinson,carla24@example.org,Edmonton,Alberta,2024-09-25,Bronze
C07197,Michael,Clements,karen82@example.org,Vancouver,British Columbia,2025-02-03,Bronze
C07198,Mason,Gonzalez,calvinwashington@example.org,Brampton,Ontario,2025-06-20,Bronze
C07199,Cynthia,Rogers,candacegaines@example.org,Vancouver,British Columbia,2023-02-26,Bronze
C07200,Aaron,Johnson,hughesshannon@example.net,Edmonton,Alberta,2026-04-17,Bronze
C07201,Denise,Cohen,sarah98@example.org,Brampton,Ontario,2024-01-24,Silver
C07202,Dylan,Peterson,janderson@example.com,Mississauga,Ontario,2023-08-12,Bronze
C07203,Michael,Fletcher,aguilarconnie@example.org,Calgary,Alberta,2025-12-12,Bronze
C07204,Kelly,Tran,wattsnicole@example.com,Hamilton,Ontario,2022-12-06,Silver
C07205,Johnny,Callahan,snyderannette@example.net,Toronto,Ontario,2023-08-05,Bronze
C07206,Mandy,Price,jordancharles@example.org,Hamilton,Ontario,2023-03-12,Silver
C07207,Nancy,Shaw,duncanlauren@example.net,Calgary,Alberta,2022-05-16,Silver
C07208,Patrick,Rogers,shawn10@example.com,Hamilton,Ontario,2024-06-08,Gold
C07209,Sandra,Meyer,ramirezlisa@example.net,Toronto,Ontario,2023-05-21,Bronze
C07210,Cody,Doyle,stewartsteven@example.com,Edmonton,Alberta,2023-06-07,Bronze
C07211,Elizabeth,Ingram,amyclark@example.org,Mississauga,Ontario,2022-11-09,Silver
C07212,Jennifer,Hensley,tammyshepherd@example.org,Vancouver,British Columbia,2025-12-10,Bronze
C07213,Eric,Walsh,jamieray@example.org,Edmonton,Alberta,2025-07-09,Bronze
C07214,Kathy,Mathis,johnsoncheryl@example.com,Ottawa,Ontario,2026-05-12,Bronze
C07215,Sarah,Gutierrez,chelsey02@example.org,Hamilton,Ontario,2023-07-16,Bronze
C07216,Kevin,Parker,boydchristopher@example.org,Edmonton,Alberta,2023-03-22,Bronze
C07217,Rhonda,Nguyen,lmitchell@example.net,Edmonton,Alberta,2024-04-08,Gold
C07218,Jorge,Stanley,josephhendrix@example.org,Brampton,Ontario,2022-05-06,Silver
C07219,Savannah,Sims,djones@example.com,Toronto,Ontario,2026-05-24,Bronze
C07220,Lisa,Kim,diana98@example.net,Edmonton,Alberta,2024-02-27,Silver
C07221,Melissa,Hood,jodyferguson@example.org,Vancouver,British Columbia,2022-07-31,Gold
C07222,Lauren,Alvarado,phillip50@example.net,Vancouver,British Columbia,2024-02-12,Bronze
C07223,Joanna,Weber,carmen78@example.net,Brampton,Ontario,2023-12-09,Silver
C07224,Francisco,Rice,harrisnicholas@example.net,Hamilton,Ontario,2024-03-27,Bronze
C07225,Grace,Smith,hannah70@example.org,Mississauga,Ontario,2024-11-07,Gold
C07226,Christina,Sanchez,renee85@example.net,Mississauga,Ontario,2024-04-24,Bronze
C07227,Jacob,Baker,toddjennings@example.org,Ottawa,Ontario,2023-10-29,Bronze
C07228,Joshua,Davis,jlopez@example.com,Toronto,Ontario,2025-02-19,Gold
C07229,Nicole,Allen,qphillips@example.com,Calgary,Alberta,2023-09-23,Bronze
C07230,Denise,Stokes,cindyobrien@example.com,Calgary,Alberta,2023-07-05,Bronze
C07231,Katrina,Burns,ryan63@example.net,Edmonton,Alberta,2025-05-11,Bronze
C07232,Ronald,Hunt,chelsey01@example.net,Hamilton,Ontario,2024-02-11,Silver
C07233,Christopher,Khan,gheath@example.com,Toronto,Ontario,2023-12-02,Bronze
C07234,Beth,Williams,colescott@example.org,Brampton,Ontario,2023-02-28,Bronze
C07235,Janice,Barber,amorton@example.com,Hamilton,Ontario,2025-09-27,Silver
C07236,Scott,Harrell,karensmith@example.net,Ottawa,Ontario,2023-07-14,Silver
C07237,Katherine,Morgan,millerjohn@example.org,Toronto,Ontario,2024-04-10,Bronze
C07238,Loretta,Smith,jacksonpaul@example.com,Vancouver,British Columbia,2022-07-21,Bronze
C07239,Ernest,Henry,fstuart@example.net,Mississauga,Ontario,2026-03-11,Bronze
C07240,Hannah,Graves,lesliehicks@example.com,Brampton,Ontario,2023-10-08,Bronze
C07241,Gina,Lynch,xwinters@example.net,Hamilton,Ontario,2023-08-26,Silver
C07242,Lisa,Shah,thompsontyler@example.net,Edmonton,Alberta,2022-09-09,Silver
C07243,Kimberly,Robertson,daniel16@example.net,Ottawa,Ontario,2025-11-19,Bronze
C07244,Larry,Cobb,charlesross@example.com,Hamilton,Ontario,2022-06-03,Bronze
C07245,Joseph,Barnes,whitechristopher@example.org,Vancouver,British Columbia,2024-09-07,Silver
C07246,Andrew,Stanton,john35@example.org,Vancouver,British Columbia,2023-04-24,Bronze
C07247,Debra,Henderson,davisbrandon@example.org,Mississauga,Ontario,2021-09-21,Bronze
C07248,Christopher,Riley,kramerpaul@example.org,Edmonton,Alberta,2023-04-16,Gold
C07249,Melissa,Norton,alexisfletcher@example.net,Ottawa,Ontario,2024-10-24,Bronze
C07250,Howard,Tucker,youngspencer@example.org,Calgary,Alberta,2021-10-30,Silver
C07251,Randy,Greer,johnsonsandra@example.com,Edmonton,Alberta,2021-08-25,Bronze
C07252,Michael,Lewis,tiffany41@example.org,Brampton,Ontario,2023-08-28,Bronze
C07253,Brian,Baker,tanya25@example.org,Edmonton,Alberta,2023-09-23,Bronze
C07254,Laura,Miller,gomezalexis@example.org,Mississauga,Ontario,2021-10-21,Bronze
C07255,Donna,Giles,imullen@example.com,Hamilton,Ontario,2024-04-02,Bronze
C07256,Martha,Mitchell,ortegabrenda@example.com,Hamilton,Ontario,2025-11-07,Silver
C07257,Larry,Harris,johnhall@example.org,Calgary,Alberta,2024-12-31,Bronze
C07258,Lisa,Roberts,bhall@example.net,Calgary,Alberta,2022-10-12,Bronze
C07259,Kristin,Frye,blackjennifer@example.net,Hamilton,Ontario,2025-05-19,Bronze
C07260,Kathryn,Hill,steve93@example.com,Toronto,Ontario,2022-06-29,Silver
C07261,Christopher,Greene,smithbrenda@example.org,Vancouver,British Columbia,2021-12-18,Bronze
C07262,Isabella,Watson,ryan42@example.org,Mississauga,Ontario,2024-08-03,Bronze
C07263,Bethany,Conrad,kristin33@example.com,Vancouver,British Columbia,2026-01-13,Bronze
C07264,Samuel,Nelson,tammykhan@example.com,Toronto,Ontario,2023-02-13,Bronze
C07265,Monica,Rodriguez,josepharmstrong@example.com,Calgary,Alberta,2022-11-16,Bronze
C07266,Michelle,Edwards,alexandraharris@example.net,Calgary,Alberta,2024-03-02,Silver
C07267,Alvin,Carpenter,vblair@example.com,Calgary,Alberta,2022-04-08,Bronze
C07268,Kirk,Hall,tiffany96@example.net,Mississauga,Ontario,2025-06-13,Gold
C07269,Austin,Guerrero,greenronald@example.org,Calgary,Alberta,2023-10-09,Bronze
C07270,Olivia,Clay,stephen79@example.com,Toronto,Ontario,2023-02-26,Bronze
C07271,Kristin,Clark,victor48@example.org,Calgary,Alberta,2023-09-21,Silver
C07272,Brittany,Bell,wrighttaylor@example.com,Mississauga,Ontario,2024-05-30,Silver
C07273,Jennifer,Nelson,zlang@example.org,Mississauga,Ontario,2026-04-22,Silver
C07274,Judy,Harris,kristinajohnson@example.com,Mississauga,Ontario,2023-06-23,Bronze
C07275,Ana,Zhang,markroberson@example.com,Vancouver,British Columbia,2023-08-16,Bronze
C07276,Jacob,Henderson,nfields@example.net,Calgary,Alberta,2025-07-23,Bronze
C07277,Michael,Hall,lesliepugh@example.com,Ottawa,Ontario,2024-06-24,Gold
C07278,Karen,Santiago,uhanson@example.net,Ottawa,Ontario,2025-06-04,Gold
C07279,Kristi,Foster,ucherry@example.net,Vancouver,British Columbia,2026-01-11,Silver
C07280,Charles,Reed,jennawilliams@example.net,Vancouver,British Columbia,2025-09-21,Bronze
C07281,Anthony,Lyons,caroldavis@example.com,Mississauga,Ontario,2021-08-12,Silver
C07282,Michael,Hanson,williamslauren@example.net,Hamilton,Ontario,2022-11-19,Bronze
C07283,Katrina,Barber,vincentgonzalez@example.org,Brampton,Ontario,2024-10-31,Bronze
C07284,Kimberly,Mcdonald,lindsey38@example.com,Edmonton,Alberta,2023-06-08,Silver
C07285,Noah,Weber,michaelelliott@example.org,Brampton,Ontario,2025-03-24,Bronze
C07286,Jeffrey,Larson,courtney99@example.net,Brampton,Ontario,2026-07-02,Silver
C07287,Christopher,Ellis,emilymendoza@example.org,Ottawa,Ontario,2023-04-20,Gold
C07288,Jasmine,Richards,juan45@example.com,Hamilton,Ontario,2026-05-10,Silver
C07289,Steven,Bennett,lewisthomas@example.net,Edmonton,Alberta,2021-10-02,Silver
C07290,Jon,Hernandez,raymonddavis@example.com,Hamilton,Ontario,2025-04-01,Silver
C07291,Anthony,Burgess,gomezvictor@example.com,Brampton,Ontario,2025-02-17,Bronze
C07292,Kevin,Ford,elizabeth82@example.org,Edmonton,Alberta,2023-06-14,Gold
C07293,Amanda,Santiago,charris@example.net,Calgary,Alberta,2023-02-13,Silver
C07294,Gregory,Burns,combsellen@example.com,Hamilton,Ontario,2024-12-14,Bronze
C07295,Stephanie,Rivera,robertserik@example.org,Ottawa,Ontario,2025-07-08,Bronze
C07296,Benjamin,Hogan,melissa47@example.com,Hamilton,Ontario,2025-07-01,Bronze
C07297,Marco,Hood,benjamin52@example.net,Calgary,Alberta,2021-08-13,Bronze
C07298,Jermaine,Conrad,ellisalex@example.org,Hamilton,Ontario,2021-12-19,Bronze
C07299,Roger,Williamson,shiggins@example.org,Hamilton,Ontario,2026-04-23,Bronze
C07300,Kristen,Young,ischultz@example.com,Hamilton,Ontario,2021-08-08,Bronze
C07301,Nicole,Nelson,james34@example.net,Edmonton,Alberta,2021-09-03,Bronze
C07302,Carlos,Rodriguez,choffman@example.org,Hamilton,Ontario,2025-06-10,Bronze
C07303,Justin,George,gregory26@example.com,Brampton,Ontario,2026-03-26,Silver
C07304,Joann,Hurley,janderson@example.org,Edmonton,Alberta,2024-03-27,Bronze
C07305,Richard,Anderson,mhenderson@example.org,Edmonton,Alberta,2024-02-11,Gold
C07306,Cindy,Coffey,sarah09@example.org,Ottawa,Ontario,2024-02-11,Bronze
C07307,Melissa,Crawford,ethan17@example.org,Ottawa,Ontario,2023-01-13,Silver
C07308,Elizabeth,Murphy,daleferguson@example.com,Calgary,Alberta,2023-04-09,Bronze
C07309,Joshua,Bray,bmedina@example.org,Vancouver,British Columbia,2023-02-23,Gold
C07310,Michelle,Meyer,xyoung@example.net,Brampton,Ontario,2023-02-16,Bronze
C07311,John,Garcia,josephgreene@example.net,Mississauga,Ontario,2024-07-21,Bronze
C07312,Arthur,Patterson,thompsonwillie@example.net,Vancouver,British Columbia,2026-02-25,Silver
C07313,Jill,Williams,dking@example.com,Vancouver,British Columbia,2022-11-18,Bronze
C07314,Ashley,Malone,garygalloway@example.org,Mississauga,Ontario,2023-06-19,Bronze
C07315,Brett,Brewer,tylercollins@example.net,Mississauga,Ontario,2022-06-16,Bronze
C07316,Jacob,Fletcher,ronaldmoore@example.net,Toronto,Ontario,2022-02-09,Bronze
C07317,Christopher,Walls,barbarameza@example.com,Mississauga,Ontario,2022-02-11,Bronze
C07318,Robert,Hernandez,imarks@example.net,Brampton,Ontario,2025-12-24,Bronze
C07319,Brandon,Howard,connorjenkins@example.net,Brampton,Ontario,2023-05-22,Bronze
C07320,Brianna,Nichols,cmurphy@example.net,Hamilton,Ontario,2023-12-09,Bronze
C07321,Heather,Burgess,robert67@example.com,Mississauga,Ontario,2022-03-08,Bronze
C07322,Elizabeth,Reed,bethany86@example.com,Edmonton,Alberta,2026-01-25,Gold
C07323,Sheila,Hubbard,barrydaniel@example.com,Toronto,Ontario,2024-03-13,Gold
C07324,Rodney,Wilson,lacey08@example.org,Toronto,Ontario,2025-03-09,Bronze
C07325,Michael,Evans,kurtchavez@example.org,Calgary,Alberta,2025-08-22,Bronze
C07326,Jennifer,Allen,rhonda59@example.net,Ottawa,Ontario,2025-05-01,Bronze
C07327,Michelle,Phillips,scottsmith@example.org,Hamilton,Ontario,2023-03-28,Bronze
C07328,Thomas,Johnston,vancedavid@example.org,Vancouver,British Columbia,2025-01-18,Bronze
C07329,Robert,Jones,nathan20@example.org,Ottawa,Ontario,2021-11-28,Bronze
C07330,Christopher,Shaw,reynoldsvanessa@example.com,Toronto,Ontario,2025-02-22,Bronze
C07331,Timothy,Cannon,rdavidson@example.org,Mississauga,Ontario,2023-10-14,Bronze
C07332,Jesus,Hernandez,robinsonmelissa@example.org,Mississauga,Ontario,2024-10-17,Silver
C07333,Justin,Patterson,plucas@example.net,Toronto,Ontario,2023-02-18,Gold
C07334,Brandi,Wagner,rogerssteven@example.net,Ottawa,Ontario,2025-01-19,Gold
C07335,Desiree,Cardenas,pgarza@example.org,Calgary,Alberta,2022-08-14,Bronze
C07336,Alicia,Mayer,curtis09@example.org,Mississauga,Ontario,2023-01-13,Gold
C07337,Elizabeth,Kelly,william16@example.net,Edmonton,Alberta,2026-01-10,Silver
C07338,Sharon,Palmer,lopezdiana@example.org,Ottawa,Ontario,2024-10-15,Silver
C07339,Andrea,Martin,josephweaver@example.com,Brampton,Ontario,2021-11-10,Bronze
C07340,Tammy,Robinson,nelsonernest@example.net,Brampton,Ontario,2024-10-30,Silver
C07341,Randall,Raymond,yvonne49@example.com,Brampton,Ontario,2021-10-02,Silver
C07342,Catherine,Turner,millertiffany@example.com,Edmonton,Alberta,2022-07-09,Bronze
C07343,Lauren,Johnston,kennethperez@example.net,Vancouver,British Columbia,2026-07-23,Silver
C07344,Scott,Harding,hbrown@example.org,Calgary,Alberta,2022-09-19,Bronze
C07345,Gary,Mitchell,christopher57@example.org,Toronto,Ontario,2022-08-26,Silver
C07346,Alicia,Ortiz,xfreeman@example.org,Mississauga,Ontario,2021-09-20,Bronze
C07347,Ashley,Montoya,cherrymelissa@example.net,Mississauga,Ontario,2024-05-19,Bronze
C07348,David,Murray,darrylrhodes@example.com,Vancouver,British Columbia,2026-02-01,Bronze
C07349,Veronica,Campbell,rfriedman@example.org,Mississauga,Ontario,2023-06-05,Silver
C07350,John,Leon,ffoster@example.org,Edmonton,Alberta,2022-11-10,Bronze
C07351,Christopher,Wells,wnorris@example.com,Edmonton,Alberta,2023-09-30,Gold
C07352,Mary,Freeman,alyssalynch@example.net,Hamilton,Ontario,2023-06-25,Bronze
C07353,Laura,Frost,tarasims@example.org,Hamilton,Ontario,2025-11-10,Bronze
C07354,Timothy,Leonard,ashley33@example.com,Ottawa,Ontario,2022-11-11,Silver
C07355,Tammy,Young,oleach@example.com,Calgary,Alberta,2021-07-27,Gold
C07356,Bob,Wong,pcordova@example.net,Hamilton,Ontario,2025-02-11,Silver
C07357,Aaron,Taylor,erica30@example.com,Brampton,Ontario,2023-05-22,Gold
C07358,Mark,Hartman,kevinkim@example.net,Mississauga,Ontario,2025-11-24,Silver
C07359,Nicholas,Gomez,ccollier@example.com,Ottawa,Ontario,2022-12-25,Bronze
C07360,Jerry,Davis,lanerichard@example.org,Calgary,Alberta,2022-09-03,Bronze
C07361,Kristin,Coleman,kbradford@example.org,Edmonton,Alberta,2022-07-24,Bronze
C07362,Jackson,Lester,wgraham@example.net,Hamilton,Ontario,2023-05-09,Silver
C07363,Madeline,White,kelliwalton@example.com,Hamilton,Ontario,2022-03-10,Silver
C07364,Michele,Smith,twagner@example.org,Toronto,Ontario,2022-09-24,Bronze
C07365,Cassandra,Morris,timothyzimmerman@example.net,Brampton,Ontario,2021-10-29,Bronze
C07366,Melissa,Deleon,thensley@example.org,Ottawa,Ontario,2021-11-02,Bronze
C07367,Eric,Norman,charlesgreen@example.com,Vancouver,British Columbia,2021-10-16,Silver
C07368,John,Russell,coconnor@example.net,Mississauga,Ontario,2023-02-22,Bronze
C07369,Hailey,Davis,isaac47@example.org,Calgary,Alberta,2024-05-18,Gold
C07370,Maria,Bryant,ebony79@example.net,Brampton,Ontario,2026-01-01,Gold
C07371,Heather,Allen,charlesmelissa@example.com,Brampton,Ontario,2024-09-30,Bronze
C07372,Brian,Gonzalez,bowmantara@example.org,Hamilton,Ontario,2021-09-23,Silver
C07373,Patty,Henry,cynthiariley@example.com,Vancouver,British Columbia,2023-01-06,Bronze
C07374,William,Barker,christopher28@example.org,Hamilton,Ontario,2026-04-11,Bronze
C07375,Nicole,Moses,matthewabbott@example.net,Brampton,Ontario,2025-03-17,Silver
C07376,Daniel,Horn,paul14@example.net,Ottawa,Ontario,2025-10-21,Silver
C07377,Renee,Nelson,erinsanford@example.com,Toronto,Ontario,2022-05-28,Silver
C07378,Nicole,Hunt,xanderson@example.org,Mississauga,Ontario,2024-04-22,Bronze
C07379,Crystal,Romero,johnsonalan@example.com,Toronto,Ontario,2021-08-28,Bronze
C07380,Michael,Berry,theresa38@example.net,Edmonton,Alberta,2023-12-18,Bronze
C07381,David,Durham,jonathan07@example.net,Brampton,Ontario,2023-02-19,Bronze
C07382,Tim,Marquez,gloriaramirez@example.org,Brampton,Ontario,2022-09-14,Silver
C07383,Kevin,Oneill,ashleymanning@example.net,Hamilton,Ontario,2024-08-18,Silver
C07384,Kaylee,George,marcusblack@example.net,Edmonton,Alberta,2026-03-26,Silver
C07385,Jason,Ramsey,enichols@example.net,Toronto,Ontario,2022-05-10,Bronze
C07386,Patricia,Swanson,martinariel@example.org,Ottawa,Ontario,2022-09-17,Gold
C07387,Benjamin,Johnson,david52@example.org,Brampton,Ontario,2025-08-11,Silver
C07388,Veronica,Sullivan,claudiameadows@example.org,Hamilton,Ontario,2025-01-13,Bronze
C07389,Suzanne,Garcia,hillcynthia@example.com,Brampton,Ontario,2022-06-01,Bronze
C07390,Ashley,Dickson,william19@example.com,Toronto,Ontario,2024-05-12,Bronze
C07391,Troy,Morgan,collierthomas@example.net,Brampton,Ontario,2022-07-01,Silver
C07392,Stephanie,Nguyen,colemanevelyn@example.com,Ottawa,Ontario,2024-02-20,Gold
C07393,Janet,Cardenas,tracykim@example.net,Edmonton,Alberta,2025-01-06,Silver
C07394,Michael,Anderson,cgutierrez@example.org,Hamilton,Ontario,2025-05-05,Bronze
C07395,Cynthia,Dorsey,hbrown@example.com,Brampton,Ontario,2022-02-05,Silver
C07396,Kevin,Dougherty,ybeck@example.net,Calgary,Alberta,2022-06-14,Silver
C07397,Sheila,Kelly,gingram@example.com,Toronto,Ontario,2024-02-14,Bronze
C07398,Jeffery,George,cruzkevin@example.net,Edmonton,Alberta,2023-01-02,Bronze
C07399,Sean,Ballard,kelseyhumphrey@example.com,Hamilton,Ontario,2022-04-10,Bronze
C07400,Diane,Petersen,jennifermartin@example.net,Toronto,Ontario,2023-04-18,Bronze
C07401,Jonathan,Jarvis,krusso@example.net,Calgary,Alberta,2021-07-29,Silver
C07402,Lauren,Rodriguez,andreaboyer@example.net,Brampton,Ontario,2022-07-14,Silver
C07403,Ashley,Fisher,tburch@example.org,Ottawa,Ontario,2023-10-21,Bronze
C07404,Corey,Hamilton,jamesclark@example.net,Edmonton,Alberta,2022-10-02,Bronze
C07405,Anna,King,ayoung@example.org,Vancouver,British Columbia,2023-02-25,Bronze
C07406,Linda,Johnson,hartmandavid@example.net,Mississauga,Ontario,2023-12-01,Bronze
C07407,Timothy,Harvey,crawfordjohn@example.net,Hamilton,Ontario,2023-01-10,Bronze
C07408,Andrew,Bray,brianburgess@example.org,Vancouver,British Columbia,2026-06-14,Gold
C07409,Kurt,Moreno,mirandajames@example.com,Calgary,Alberta,2024-09-16,Bronze
C07410,Carmen,Sandoval,vscott@example.org,Edmonton,Alberta,2023-06-16,Bronze
C07411,Aaron,Hill,bkelley@example.org,Calgary,Alberta,2025-12-11,Gold
C07412,John,Morgan,brianwright@example.com,Hamilton,Ontario,2026-01-26,Bronze
C07413,Andrew,Williams,rwarner@example.com,Brampton,Ontario,2024-08-15,Silver
C07414,Mary,Bennett,brenda24@example.org,Calgary,Alberta,2023-04-04,Bronze
C07415,Michael,Williams,kelly89@example.org,Edmonton,Alberta,2022-01-16,Bronze
C07416,Rebecca,Franklin,lowen@example.org,Mississauga,Ontario,2025-01-19,Silver
C07417,Thomas,Martin,kerry92@example.org,Calgary,Alberta,2024-07-28,Bronze
C07418,Kyle,Kelley,crivera@example.com,Toronto,Ontario,2024-09-02,Bronze
C07419,Paul,Campbell,jennifer10@example.com,Toronto,Ontario,2023-10-13,Bronze
C07420,Donald,Garcia,kmccormick@example.com,Calgary,Alberta,2023-11-22,Bronze
C07421,Nicholas,Dominguez,larry74@example.com,Toronto,Ontario,2022-08-30,Bronze
C07422,Stacy,Green,jeffrey31@example.org,Hamilton,Ontario,2025-07-20,Bronze
C07423,Matthew,Bailey,roger83@example.org,Vancouver,British Columbia,2024-03-18,Silver
C07424,James,Williams,maxgreene@example.net,Vancouver,British Columbia,2023-03-29,Bronze
C07425,Dean,Soto,jerome19@example.com,Mississauga,Ontario,2022-12-05,Bronze
C07426,Christopher,Munoz,shannon29@example.org,Toronto,Ontario,2023-03-24,Silver
C07427,Jessica,Espinoza,dsandoval@example.org,Calgary,Alberta,2024-08-11,Bronze
C07428,Sara,Tucker,mary85@example.net,Mississauga,Ontario,2026-05-12,Silver
C07429,Jennifer,Curtis,daniellelynn@example.net,Calgary,Alberta,2021-09-19,Bronze
C07430,Jason,Weiss,garyweaver@example.org,Ottawa,Ontario,2023-11-17,Bronze
C07431,Jesse,Wade,ronald28@example.com,Hamilton,Ontario,2024-02-14,Bronze
C07432,Mary,Thomas,gomezernest@example.com,Toronto,Ontario,2024-11-17,Silver
C07433,Scott,Gray,audrey24@example.org,Brampton,Ontario,2025-07-26,Bronze
C07434,Rebecca,Schmidt,odean@example.net,Mississauga,Ontario,2024-12-23,Silver
C07435,Carolyn,Best,jonathan30@example.net,Mississauga,Ontario,2023-06-05,Silver
C07436,Christopher,Matthews,jonestheresa@example.com,Hamilton,Ontario,2026-04-15,Bronze
C07437,Tracy,Herrera,brett02@example.org,Vancouver,British Columbia,2025-02-14,Bronze
C07438,Tommy,Jensen,smithvanessa@example.org,Toronto,Ontario,2023-08-30,Bronze
C07439,Keith,Miller,cwilliamson@example.net,Toronto,Ontario,2021-11-23,Silver
C07440,Howard,Oliver,richard00@example.net,Vancouver,British Columbia,2024-05-08,Silver
C07441,Jason,Adams,summerssteve@example.com,Calgary,Alberta,2025-03-28,Gold
C07442,Richard,Allen,jerry87@example.org,Edmonton,Alberta,2024-01-15,Bronze
C07443,Yesenia,Hansen,cassidyvelazquez@example.net,Vancouver,British Columbia,2022-06-13,Silver
C07444,Joseph,Thomas,jackgonzalez@example.net,Ottawa,Ontario,2025-08-15,Bronze
C07445,Michelle,Webb,jessicastanley@example.com,Edmonton,Alberta,2025-10-10,Bronze
C07446,Benjamin,King,jstewart@example.com,Ottawa,Ontario,2022-06-12,Bronze
C07447,Robert,Deleon,katiejohnston@example.net,Hamilton,Ontario,2026-06-10,Bronze
C07448,Vanessa,Weaver,patriciaturner@example.com,Calgary,Alberta,2024-12-04,Bronze
C07449,Mark,Johnson,victorhopkins@example.org,Toronto,Ontario,2026-06-18,Silver
C07450,Tiffany,Dyer,clarkstephanie@example.org,Vancouver,British Columbia,2025-01-20,Bronze
C07451,Jessica,Price,michael42@example.net,Calgary,Alberta,2025-10-26,Bronze
C07452,Marcus,Mitchell,lwatson@example.com,Mississauga,Ontario,2022-06-17,Bronze
C07453,Michael,King,schultzgarrett@example.net,Mississauga,Ontario,2024-12-20,Silver
C07454,Kristy,Thornton,shahjerry@example.net,Calgary,Alberta,2022-06-11,Silver
C07455,Jennifer,Powers,cvelez@example.org,Vancouver,British Columbia,2023-01-03,Silver
C07456,Sierra,Roth,lisa74@example.net,Edmonton,Alberta,2021-12-14,Gold
C07457,Sandra,Pratt,matthew63@example.com,Edmonton,Alberta,2024-12-12,Silver
C07458,Wanda,Mclean,laurengaines@example.com,Hamilton,Ontario,2025-06-19,Bronze
C07459,Crystal,Hale,ffrazier@example.com,Calgary,Alberta,2023-02-02,Silver
C07460,Jason,Cannon,davidchung@example.com,Vancouver,British Columbia,2024-07-16,Bronze
C07461,Sarah,Ramsey,qclark@example.org,Calgary,Alberta,2022-03-18,Silver
C07462,Michelle,Rush,howard58@example.com,Edmonton,Alberta,2025-10-11,Gold
C07463,Hannah,Serrano,jay76@example.com,Mississauga,Ontario,2023-04-29,Bronze
C07464,Dylan,Owen,xhughes@example.org,Hamilton,Ontario,2026-05-22,Silver
C07465,Philip,White,isoto@example.org,Edmonton,Alberta,2025-09-03,Gold
C07466,Robert,Williams,joannsmith@example.com,Edmonton,Alberta,2023-07-12,Gold
C07467,Fred,Thomas,dianebailey@example.org,Mississauga,Ontario,2025-06-04,Bronze
C07468,Ralph,Hanson,wwilson@example.net,Vancouver,British Columbia,2026-05-07,Bronze
C07469,Lauren,Bush,millerjennifer@example.net,Toronto,Ontario,2021-08-10,Silver
C07470,Calvin,Morrison,jenniferwilliams@example.com,Brampton,Ontario,2024-02-09,Gold
C07471,Rachael,Smith,ethan62@example.org,Edmonton,Alberta,2024-01-04,Silver
C07472,Martin,Brown,jonesmichael@example.org,Mississauga,Ontario,2022-01-22,Bronze
C07473,Nicole,Buckley,danieltran@example.com,Brampton,Ontario,2022-06-06,Silver
C07474,Dana,Young,kaufmanrachel@example.com,Vancouver,British Columbia,2025-02-22,Bronze
C07475,Alexis,Waters,juanharris@example.com,Calgary,Alberta,2022-09-09,Bronze
C07476,Sean,Burke,summersmith@example.com,Calgary,Alberta,2022-05-28,Bronze
C07477,Molly,Mack,tiffanycastro@example.net,Toronto,Ontario,2024-12-14,Bronze
C07478,Jacob,Reese,sandersmichael@example.com,Brampton,Ontario,2022-08-04,Silver
C07479,Ethan,Olson,fieldssally@example.org,Ottawa,Ontario,2025-08-08,Bronze
C07480,Stephanie,Ross,allisonjohnson@example.net,Ottawa,Ontario,2021-07-29,Silver
C07481,Roberto,Cook,cdavis@example.com,Vancouver,British Columbia,2022-01-19,Bronze
C07482,Joshua,Powell,angela50@example.com,Hamilton,Ontario,2023-06-03,Bronze
C07483,Anita,Morgan,vhebert@example.org,Hamilton,Ontario,2025-01-04,Bronze
C07484,Cynthia,White,kristine52@example.com,Calgary,Alberta,2021-07-31,Bronze
C07485,Brooke,Ruiz,traci91@example.net,Toronto,Ontario,2022-08-06,Bronze
C07486,Melinda,Becker,jenny57@example.org,Mississauga,Ontario,2023-08-16,Bronze
C07487,Amanda,Arias,hschmidt@example.net,Mississauga,Ontario,2023-06-02,Gold
C07488,Daniel,Olson,sandramendoza@example.net,Calgary,Alberta,2023-07-07,Bronze
C07489,Charles,Washington,carrielopez@example.net,Edmonton,Alberta,2023-04-14,Bronze
C07490,Christopher,Rodriguez,penny09@example.org,Ottawa,Ontario,2022-06-01,Silver
C07491,Rachael,Blair,jonesjennifer@example.org,Brampton,Ontario,2022-09-23,Silver
C07492,Katelyn,Woods,phillip74@example.net,Brampton,Ontario,2023-01-10,Gold
C07493,Elizabeth,Herrera,amcdaniel@example.org,Ottawa,Ontario,2024-07-13,Silver
C07494,Lacey,Fields,adam37@example.org,Calgary,Alberta,2025-06-22,Gold
C07495,John,Roberts,agalloway@example.org,Toronto,Ontario,2022-05-23,Silver
C07496,Sierra,Wise,wdixon@example.net,Edmonton,Alberta,2022-08-19,Bronze
C07497,Natasha,Carson,alisonrobinson@example.org,Ottawa,Ontario,2021-12-29,Bronze
C07498,Mary,Lane,mooneyjennifer@example.org,Mississauga,Ontario,2022-03-30,Silver
C07499,Justin,Scott,melissa90@example.org,Brampton,Ontario,2025-09-27,Silver
C07500,Sarah,Bell,isparks@example.org,Brampton,Ontario,2021-12-11,Bronze
C07501,Steven,Peterson,bwilliams@example.net,Hamilton,Ontario,2023-04-13,Gold
C07502,Douglas,Ray,vjones@example.org,Mississauga,Ontario,2023-03-05,Gold
C07503,Wendy,Parks,valerie86@example.net,Edmonton,Alberta,2022-11-15,Bronze
C07504,Holly,Ramirez,danielthompson@example.com,Toronto,Ontario,2023-01-12,Bronze
C07505,Heidi,Robinson,ellen75@example.com,Hamilton,Ontario,2022-03-26,Silver
C07506,Lee,Garcia,mary52@example.net,Edmonton,Alberta,2023-10-01,Silver
C07507,Jeremy,Williams,zsmith@example.com,Mississauga,Ontario,2024-08-19,Bronze
C07508,Victoria,Walker,villarrealdouglas@example.com,Calgary,Alberta,2022-12-13,Silver
C07509,Theresa,Fisher,jessica39@example.org,Brampton,Ontario,2023-04-13,Bronze
C07510,Jared,Mcclain,fletcherdeanna@example.net,Ottawa,Ontario,2021-11-15,Silver
C07511,Randy,Adams,calvarez@example.org,Ottawa,Ontario,2025-03-29,Bronze
C07512,Brian,Stout,joshua34@example.org,Ottawa,Ontario,2023-10-30,Silver
C07513,Joseph,Brown,rebeccadavis@example.net,Toronto,Ontario,2024-10-21,Bronze
C07514,Michael,Roy,aburns@example.org,Mississauga,Ontario,2024-12-12,Silver
C07515,Teresa,Nolan,michael59@example.com,Brampton,Ontario,2023-01-25,Bronze
C07516,Chad,Carr,kyoung@example.com,Vancouver,British Columbia,2023-11-13,Bronze
C07517,Gail,Bradford,daniellegreene@example.com,Calgary,Alberta,2025-08-16,Bronze
C07518,Alexandra,Robinson,wberg@example.com,Toronto,Ontario,2024-07-10,Silver
C07519,Sandra,Thompson,parkersherri@example.org,Edmonton,Alberta,2022-06-03,Bronze
C07520,Michael,Jenkins,olivia94@example.com,Ottawa,Ontario,2026-01-06,Bronze
C07521,Jason,Chaney,dominiqueayers@example.org,Calgary,Alberta,2024-01-22,Bronze
C07522,Tammy,Miller,jessica65@example.net,Vancouver,British Columbia,2023-04-09,Bronze
C07523,Cory,Bell,justinmonroe@example.com,Toronto,Ontario,2025-10-09,Silver
C07524,Kathryn,Velazquez,iflores@example.net,Vancouver,British Columbia,2022-09-26,Bronze
C07525,Laura,Murphy,allenmichael@example.com,Hamilton,Ontario,2024-02-23,Bronze
C07526,Stephen,Miller,mcdonaldshawn@example.net,Edmonton,Alberta,2025-09-14,Silver
C07527,Deborah,Jackson,leah52@example.org,Brampton,Ontario,2024-03-13,Silver
C07528,Danny,Sweeney,frostmaurice@example.net,Mississauga,Ontario,2023-01-02,Bronze
C07529,Theodore,Boyd,tammy17@example.net,Calgary,Alberta,2025-04-02,Bronze
C07530,Kelly,Russell,clarkvalerie@example.com,Vancouver,British Columbia,2021-12-27,Bronze
C07531,James,Johns,casey71@example.org,Brampton,Ontario,2024-08-09,Bronze
C07532,Stephanie,Peterson,bhays@example.com,Ottawa,Ontario,2024-02-12,Bronze
C07533,Zachary,Copeland,cparks@example.net,Ottawa,Ontario,2022-12-15,Silver
C07534,Brian,Clark,wthompson@example.org,Brampton,Ontario,2024-01-01,Silver
C07535,Cory,Clarke,william14@example.org,Hamilton,Ontario,2024-11-16,Bronze
C07536,Louis,Walker,jessicabell@example.com,Brampton,Ontario,2023-07-08,Bronze
C07537,Joshua,Gonzalez,anthonynash@example.org,Calgary,Alberta,2023-12-21,Silver
C07538,James,Green,kevin97@example.com,Edmonton,Alberta,2024-11-06,Bronze
C07539,Leslie,Haley,kennethlloyd@example.org,Edmonton,Alberta,2025-02-20,Bronze
C07540,Anne,Gibbs,kim75@example.net,Edmonton,Alberta,2022-03-04,Silver
C07541,Jeffery,Watts,christinabender@example.net,Brampton,Ontario,2025-07-04,Silver
C07542,Joseph,Schmidt,henrycheyenne@example.org,Edmonton,Alberta,2025-12-16,Bronze
C07543,Edgar,Le,christopher21@example.net,Calgary,Alberta,2026-04-11,Bronze
C07544,Christopher,Ibarra,andersonamanda@example.org,Hamilton,Ontario,2022-06-14,Bronze
C07545,Karen,Rogers,weekskenneth@example.org,Ottawa,Ontario,2026-05-30,Bronze
C07546,Nichole,Chase,marymelton@example.com,Edmonton,Alberta,2024-02-17,Gold
C07547,Jay,Taylor,cynthia96@example.net,Mississauga,Ontario,2024-09-07,Bronze
C07548,Jeremy,Oconnor,derekfrost@example.net,Calgary,Alberta,2026-04-11,Silver
C07549,Scott,Cruz,harold80@example.net,Calgary,Alberta,2023-08-27,Bronze
C07550,Timothy,Parker,johnscott@example.org,Edmonton,Alberta,2026-04-21,Bronze
C07551,Carol,Norris,amyjensen@example.com,Toronto,Ontario,2025-01-20,Bronze
C07552,Belinda,Duncan,james98@example.net,Toronto,Ontario,2022-06-26,Bronze
C07553,Nicholas,Thomas,kylespears@example.net,Hamilton,Ontario,2025-08-18,Silver
C07554,Gary,Marsh,cjordan@example.org,Hamilton,Ontario,2022-12-20,Bronze
C07555,Wesley,Thomas,jperez@example.net,Hamilton,Ontario,2025-12-02,Silver
C07556,Kim,Smith,cochranmarc@example.net,Vancouver,British Columbia,2022-05-30,Bronze
C07557,Trevor,Rosales,ncook@example.org,Brampton,Ontario,2022-10-17,Silver
C07558,Carrie,Brewer,oflores@example.com,Mississauga,Ontario,2023-08-14,Gold
C07559,Leonard,Nelson,cordovatimothy@example.com,Brampton,Ontario,2023-12-10,Silver
C07560,Christopher,Camacho,sarah33@example.com,Vancouver,British Columbia,2025-03-01,Bronze
C07561,Elizabeth,Hayden,jamesmay@example.net,Brampton,Ontario,2022-07-23,Silver
C07562,John,Flores,rodneyanderson@example.com,Hamilton,Ontario,2024-11-20,Bronze
C07563,Tim,Reeves,yblanchard@example.org,Calgary,Alberta,2024-03-10,Gold
C07564,Cody,Nguyen,davisdalton@example.com,Calgary,Alberta,2023-01-11,Silver
C07565,Travis,Jackson,sharplauren@example.org,Toronto,Ontario,2026-02-07,Bronze
C07566,Brooke,Perez,gmarshall@example.org,Ottawa,Ontario,2023-12-19,Bronze
C07567,Richard,Jones,johnsonamy@example.org,Toronto,Ontario,2025-05-10,Silver
C07568,Douglas,Hall,robinrobinson@example.com,Ottawa,Ontario,2021-11-15,Bronze
C07569,Carolyn,Davis,cjackson@example.com,Calgary,Alberta,2023-04-10,Silver
C07570,Nathan,Rogers,leeamy@example.org,Vancouver,British Columbia,2022-04-28,Silver
C07571,Matthew,Harris,shannonhamilton@example.com,Hamilton,Ontario,2025-08-21,Bronze
C07572,Brandon,Curtis,alexisjackson@example.org,Calgary,Alberta,2025-06-11,Bronze
C07573,Andrea,Allen,kristincollins@example.net,Vancouver,British Columbia,2025-07-07,Bronze
C07574,Daniel,Williams,christopher84@example.net,Brampton,Ontario,2022-03-28,Bronze
C07575,Phillip,Oconnor,gadams@example.com,Hamilton,Ontario,2022-09-02,Bronze
C07576,Janice,Jackson,ynguyen@example.net,Toronto,Ontario,2022-02-22,Silver
C07577,Jason,Berger,daisy65@example.net,Mississauga,Ontario,2021-12-31,Bronze
C07578,Dana,King,barkereric@example.org,Brampton,Ontario,2025-06-24,Silver
C07579,Christopher,Newton,michaelfernandez@example.net,Mississauga,Ontario,2022-10-22,Silver
C07580,Jonathan,Montgomery,williamsamy@example.org,Mississauga,Ontario,2024-11-22,Silver
C07581,Ashley,Carroll,kfritz@example.net,Edmonton,Alberta,2021-12-24,Bronze
C07582,Luis,Hall,thorntonheather@example.org,Ottawa,Ontario,2024-10-26,Bronze
C07583,Robert,Cook,bryanmartin@example.org,Ottawa,Ontario,2024-04-06,Bronze
C07584,James,Tucker,shortlisa@example.com,Hamilton,Ontario,2023-04-06,Bronze
C07585,Brendan,Glover,gabrielamarquez@example.net,Hamilton,Ontario,2025-07-09,Silver
C07586,Devin,Perez,michaelhall@example.net,Vancouver,British Columbia,2023-12-29,Bronze
C07587,Toni,Wall,johnsonalicia@example.org,Vancouver,British Columbia,2025-07-28,Bronze
C07588,Brandon,Smith,lerickson@example.net,Toronto,Ontario,2022-04-26,Bronze
C07589,Jasmin,Porter,zmiranda@example.net,Ottawa,Ontario,2024-06-13,Bronze
C07590,Sabrina,Nichols,charleswalsh@example.com,Vancouver,British Columbia,2025-07-15,Bronze
C07591,Judith,Freeman,bonillalinda@example.com,Vancouver,British Columbia,2022-11-29,Bronze
C07592,Dominique,Blake,johnweber@example.org,Edmonton,Alberta,2026-06-21,Bronze
C07593,Toni,Melton,bradleymurray@example.org,Brampton,Ontario,2023-07-28,Bronze
C07594,Thomas,Mccarthy,lcrawford@example.com,Hamilton,Ontario,2022-12-21,Gold
C07595,Michael,Wilkins,fwhite@example.net,Brampton,Ontario,2022-01-07,Bronze
C07596,Kelly,Grant,panderson@example.net,Edmonton,Alberta,2024-06-18,Silver
C07597,Sara,Cruz,nicholecastillo@example.net,Vancouver,British Columbia,2025-07-27,Bronze
C07598,Michael,Hamilton,scottavila@example.net,Vancouver,British Columbia,2026-01-16,Bronze
C07599,April,Gonzalez,vmedina@example.net,Toronto,Ontario,2024-03-22,Bronze
C07600,Victor,Bell,donna01@example.com,Brampton,Ontario,2023-10-11,Bronze
C07601,Steven,Barker,zdaugherty@example.com,Ottawa,Ontario,2026-03-02,Silver
C07602,Robert,Boyd,ghill@example.com,Brampton,Ontario,2022-07-09,Bronze
C07603,Nicholas,Campbell,larry00@example.com,Mississauga,Ontario,2023-12-27,Bronze
C07604,Kevin,Schwartz,qoliver@example.com,Brampton,Ontario,2022-08-01,Bronze
C07605,Dan,Nguyen,jaclynshaw@example.net,Calgary,Alberta,2023-01-07,Bronze
C07606,Maria,Hernandez,piercebrandon@example.com,Brampton,Ontario,2024-05-12,Bronze
C07607,William,Dillon,ngordon@example.com,Vancouver,British Columbia,2025-11-10,Bronze
C07608,Jennifer,Mendez,nicholsmadison@example.com,Mississauga,Ontario,2024-09-14,Bronze
C07609,Sheila,Turner,smithjessica@example.net,Edmonton,Alberta,2025-03-14,Silver
C07610,Victor,Valdez,deanbrianna@example.net,Ottawa,Ontario,2025-03-09,Gold
C07611,Angela,Allen,dylan28@example.com,Ottawa,Ontario,2024-04-09,Silver
C07612,Deborah,Jackson,bankskimberly@example.net,Brampton,Ontario,2025-01-21,Bronze
C07613,Jeremy,Singh,noahbrown@example.net,Calgary,Alberta,2022-07-08,Silver
C07614,Angela,Carlson,cassandrasimpson@example.net,Edmonton,Alberta,2023-11-16,Silver
C07615,Brian,Patton,hayesjennifer@example.org,Brampton,Ontario,2025-11-16,Gold
C07616,Dawn,Mcdonald,kevinhicks@example.com,Vancouver,British Columbia,2021-10-26,Bronze
C07617,Daniel,Beard,linda12@example.net,Calgary,Alberta,2024-11-09,Silver
C07618,Benjamin,Flores,lparker@example.net,Mississauga,Ontario,2024-06-15,Silver
C07619,Anna,Valdez,johnsonjacob@example.net,Mississauga,Ontario,2025-01-30,Bronze
C07620,Grant,Adams,laura61@example.net,Toronto,Ontario,2024-11-25,Silver
C07621,Roger,Green,caroldavis@example.org,Hamilton,Ontario,2021-12-15,Bronze
C07622,Christopher,Davis,michael64@example.net,Edmonton,Alberta,2022-03-08,Bronze
C07623,Hector,Ortiz,johnsoncarl@example.org,Brampton,Ontario,2022-02-21,Gold
C07624,Diane,Joseph,paynejodi@example.org,Brampton,Ontario,2022-10-18,Gold
C07625,Mark,Richardson,swansonsteven@example.net,Mississauga,Ontario,2022-02-04,Bronze
C07626,Norma,Anderson,kyleklein@example.com,Mississauga,Ontario,2022-11-26,Bronze
C07627,Jonathan,Gomez,michael54@example.org,Toronto,Ontario,2025-12-15,Bronze
C07628,Michael,Ellison,rbrown@example.com,Hamilton,Ontario,2024-07-01,Silver
C07629,Ryan,Vargas,ykennedy@example.net,Ottawa,Ontario,2023-12-18,Silver
C07630,Daniel,Parks,lindsey07@example.net,Toronto,Ontario,2025-01-23,Bronze
C07631,Wendy,Smith,freemanashley@example.net,Vancouver,British Columbia,2026-05-27,Bronze
C07632,Elizabeth,Fletcher,longbrendan@example.net,Brampton,Ontario,2026-05-08,Bronze
C07633,Jeffrey,Silva,bhill@example.org,Ottawa,Ontario,2022-04-01,Bronze
C07634,Lucas,Montgomery,zschwartz@example.com,Toronto,Ontario,2021-12-14,Bronze
C07635,Nicholas,Adams,poncejanet@example.org,Ottawa,Ontario,2026-02-09,Silver
C07636,Vicki,Little,gabriella25@example.net,Brampton,Ontario,2023-04-17,Bronze
C07637,Monica,Cole,christina10@example.com,Ottawa,Ontario,2025-06-03,Silver
C07638,Michael,Mason,warrenrebecca@example.org,Ottawa,Ontario,2022-05-29,Bronze
C07639,Catherine,Hogan,klong@example.com,Toronto,Ontario,2026-01-22,Silver
C07640,Amanda,Herrera,patelamy@example.org,Edmonton,Alberta,2024-02-13,Silver
C07641,Jose,Williams,erik94@example.com,Ottawa,Ontario,2023-01-18,Bronze
C07642,Debbie,Johnson,roberthartman@example.net,Brampton,Ontario,2021-12-05,Silver
C07643,Michael,Rose,crawfordlaura@example.com,Hamilton,Ontario,2024-07-12,Bronze
C07644,Paul,Taylor,kevin73@example.org,Toronto,Ontario,2024-11-23,Bronze
C07645,Lisa,Henderson,juliesoto@example.com,Mississauga,Ontario,2024-04-15,Bronze
C07646,Crystal,Mcintyre,estanton@example.net,Brampton,Ontario,2025-01-03,Bronze
C07647,Christopher,Smith,wperez@example.org,Edmonton,Alberta,2021-09-07,Bronze
C07648,Jeffrey,Nelson,kingdebbie@example.org,Toronto,Ontario,2024-04-08,Silver
C07649,Brendan,Johnson,lauren20@example.net,Ottawa,Ontario,2025-06-27,Bronze
C07650,Jill,Ramirez,warnerjustin@example.net,Mississauga,Ontario,2024-06-02,Silver
C07651,Jennifer,Robinson,anthonyjohnson@example.net,Mississauga,Ontario,2024-08-28,Silver
C07652,Gregory,Hernandez,joshuaramirez@example.com,Toronto,Ontario,2024-11-25,Bronze
C07653,Marilyn,Moore,amy74@example.net,Hamilton,Ontario,2026-07-11,Bronze
C07654,Michael,Brown,sarasmith@example.com,Toronto,Ontario,2025-08-23,Bronze
C07655,Michael,Jenkins,stevenbell@example.com,Toronto,Ontario,2025-05-12,Gold
C07656,Michael,Wallace,thomassean@example.net,Ottawa,Ontario,2024-02-25,Bronze
C07657,Lindsey,Miller,wgonzalez@example.org,Edmonton,Alberta,2023-06-19,Silver
C07658,John,Nichols,rhess@example.org,Vancouver,British Columbia,2025-12-14,Bronze
C07659,Ricky,Murray,murphyjessica@example.com,Brampton,Ontario,2024-07-07,Silver
C07660,Miguel,Ayers,michael04@example.net,Brampton,Ontario,2026-03-18,Bronze
C07661,Ashley,Monroe,gomezvictor@example.org,Toronto,Ontario,2023-12-02,Bronze
C07662,Jacob,Flores,galvarez@example.com,Hamilton,Ontario,2022-10-21,Bronze
C07663,Tanya,Griffin,reesejennifer@example.com,Brampton,Ontario,2023-10-15,Silver
C07664,Jennifer,Palmer,john66@example.org,Mississauga,Ontario,2024-01-19,Silver
C07665,John,Nunez,jessica56@example.net,Mississauga,Ontario,2025-09-09,Bronze
C07666,Molly,Tate,mbauer@example.net,Brampton,Ontario,2026-07-08,Bronze
C07667,David,Phillips,blyons@example.net,Vancouver,British Columbia,2025-11-12,Bronze
C07668,Kelly,Chavez,martinezpaula@example.com,Ottawa,Ontario,2025-02-16,Silver
C07669,Lisa,Elliott,donnaklein@example.net,Calgary,Alberta,2021-09-12,Bronze
C07670,David,Hernandez,courtneyglover@example.org,Ottawa,Ontario,2023-12-04,Bronze
C07671,Brian,Thompson,courtneypage@example.com,Brampton,Ontario,2024-04-24,Bronze
C07672,Scott,Wu,awalker@example.com,Brampton,Ontario,2024-06-10,Silver
C07673,Crystal,Smith,shannon47@example.org,Edmonton,Alberta,2024-08-04,Silver
C07674,Douglas,Caldwell,dale24@example.net,Toronto,Ontario,2023-10-01,Bronze
C07675,Anthony,Williams,virginiareyes@example.com,Toronto,Ontario,2024-11-07,Bronze
C07676,Kristin,Alvarez,tylercollins@example.com,Mississauga,Ontario,2023-02-23,Bronze
C07677,Christina,Russell,carpenterwilliam@example.org,Ottawa,Ontario,2023-03-06,Bronze
C07678,Katherine,Walls,shanefoley@example.net,Hamilton,Ontario,2022-01-26,Bronze
C07679,Amy,Anderson,leah12@example.net,Vancouver,British Columbia,2024-02-19,Bronze
C07680,Robin,Russell,angelamason@example.com,Toronto,Ontario,2025-03-06,Bronze
C07681,Ronnie,Villarreal,stacy64@example.net,Hamilton,Ontario,2021-08-12,Gold
C07682,Robert,Murphy,kjackson@example.org,Toronto,Ontario,2023-09-21,Bronze
C07683,Jennifer,George,schmidtchristine@example.com,Ottawa,Ontario,2022-04-08,Bronze
C07684,Joshua,Sanders,emcconnell@example.com,Mississauga,Ontario,2023-01-02,Bronze
C07685,Mark,Douglas,jennifer41@example.net,Vancouver,British Columbia,2023-09-09,Gold
C07686,Edward,Anderson,cgreen@example.org,Edmonton,Alberta,2023-09-01,Silver
C07687,Patricia,Berger,stephanieweaver@example.net,Brampton,Ontario,2024-03-19,Bronze
C07688,Stephen,Page,johnbrown@example.org,Mississauga,Ontario,2025-12-25,Gold
C07689,Marcus,Phillips,fnguyen@example.com,Ottawa,Ontario,2022-11-19,Bronze
C07690,Ashley,Young,stephaniewyatt@example.net,Ottawa,Ontario,2026-03-23,Silver
C07691,Gloria,Thomas,dnorman@example.net,Ottawa,Ontario,2026-06-14,Bronze
C07692,Beverly,George,mitchelldeanna@example.com,Ottawa,Ontario,2025-07-31,Bronze
C07693,Sandra,Dalton,oclayton@example.net,Calgary,Alberta,2024-04-10,Bronze
C07694,Mark,Dennis,aho@example.com,Ottawa,Ontario,2024-11-01,Gold
C07695,Jeffrey,Webb,darlene09@example.net,Vancouver,British Columbia,2021-12-20,Bronze
C07696,Robert,Mccoy,christophersanchez@example.net,Vancouver,British Columbia,2025-01-02,Silver
C07697,Brandi,Reed,mark40@example.net,Calgary,Alberta,2022-04-06,Bronze
C07698,Mary,Johnson,ibird@example.com,Brampton,Ontario,2026-07-13,Bronze
C07699,Tiffany,Howell,joshuajones@example.org,Mississauga,Ontario,2023-11-21,Silver
C07700,Walter,Fischer,tcombs@example.org,Toronto,Ontario,2025-09-05,Gold
C07701,Mary,Thompson,leerebecca@example.com,Mississauga,Ontario,2023-02-07,Bronze
C07702,Andre,Smith,christopherwise@example.org,Brampton,Ontario,2025-06-05,Bronze
C07703,Robert,Lopez,gcooper@example.com,Vancouver,British Columbia,2026-01-08,Silver
C07704,Sean,Parker,alexanderjuarez@example.com,Brampton,Ontario,2023-09-22,Silver
C07705,Brooke,Parker,joshuahughes@example.com,Edmonton,Alberta,2021-12-04,Bronze
C07706,Jasmine,Lane,fbrooks@example.net,Hamilton,Ontario,2024-09-01,Bronze
C07707,Matthew,Sloan,elaine87@example.net,Toronto,Ontario,2021-10-17,Bronze
C07708,Jennifer,Adams,annette83@example.com,Calgary,Alberta,2024-06-25,Gold
C07709,Jessica,Fisher,rglenn@example.org,Calgary,Alberta,2022-02-08,Bronze
C07710,William,Mays,robinsonanna@example.net,Edmonton,Alberta,2022-11-16,Bronze
C07711,Linda,Lynch,gobrien@example.net,Ottawa,Ontario,2025-07-22,Bronze
C07712,Cathy,Kirk,yperez@example.com,Ottawa,Ontario,2025-03-31,Silver
C07713,Jeff,Prince,robert17@example.com,Calgary,Alberta,2024-10-03,Silver
C07714,Becky,Taylor,sbrown@example.com,Calgary,Alberta,2026-06-27,Gold
C07715,Kristin,Hull,zcarey@example.org,Mississauga,Ontario,2024-10-08,Silver
C07716,Frederick,Mitchell,molinaariel@example.com,Edmonton,Alberta,2022-12-30,Silver
C07717,Christina,Olson,espinozakenneth@example.net,Ottawa,Ontario,2021-10-01,Bronze
C07718,James,Moyer,lyoung@example.com,Vancouver,British Columbia,2022-10-18,Silver
C07719,Gregory,Rojas,mckenzieethan@example.org,Toronto,Ontario,2025-06-22,Bronze
C07720,Tracy,Kirk,mwilson@example.org,Mississauga,Ontario,2023-03-25,Silver
C07721,Rodney,Lozano,uwiley@example.net,Ottawa,Ontario,2022-01-07,Silver
C07722,Nicholas,Shaffer,andersonjohn@example.org,Vancouver,British Columbia,2021-12-31,Silver
C07723,Jacob,Zavala,millerjacob@example.net,Toronto,Ontario,2025-03-22,Bronze
C07724,Lisa,Tyler,davisbrian@example.org,Mississauga,Ontario,2024-03-08,Bronze
C07725,Abigail,Anderson,qmay@example.net,Ottawa,Ontario,2021-09-12,Gold
C07726,Debra,Delgado,wellsjason@example.net,Vancouver,British Columbia,2024-12-15,Bronze
C07727,Michael,Ford,juannelson@example.org,Vancouver,British Columbia,2021-08-29,Bronze
C07728,Jesus,Martin,ellischristopher@example.com,Calgary,Alberta,2022-06-02,Bronze
C07729,Rodney,Clark,matthew81@example.com,Brampton,Ontario,2025-11-29,Silver
C07730,Luis,Black,yvaughan@example.net,Toronto,Ontario,2023-07-26,Bronze
C07731,James,Carney,jason92@example.net,Mississauga,Ontario,2024-07-24,Bronze
C07732,Gail,Moon,hcervantes@example.net,Ottawa,Ontario,2022-04-04,Bronze
C07733,Linda,Larsen,zimmermanrenee@example.org,Ottawa,Ontario,2024-05-08,Bronze
C07734,Cristian,Chan,david95@example.org,Hamilton,Ontario,2023-04-08,Bronze
C07735,Jessica,Mcneil,tammy83@example.com,Edmonton,Alberta,2024-08-10,Bronze
C07736,Heidi,Phillips,melissakramer@example.com,Ottawa,Ontario,2021-12-25,Bronze
C07737,Lauren,Thompson,madelinejones@example.com,Edmonton,Alberta,2024-07-14,Silver
C07738,Andrew,Anderson,katrina47@example.com,Calgary,Alberta,2025-09-05,Silver
C07739,Jonathan,Lewis,wquinn@example.org,Edmonton,Alberta,2025-02-05,Bronze
C07740,Daniel,Clark,nataliehenry@example.com,Toronto,Ontario,2025-08-09,Bronze
C07741,Paige,Martin,ianadams@example.org,Toronto,Ontario,2025-06-28,Gold
C07742,Mark,Torres,hamiltonfranklin@example.org,Vancouver,British Columbia,2025-08-15,Bronze
C07743,Julie,Hernandez,smoon@example.net,Brampton,Ontario,2023-05-19,Bronze
C07744,Kristy,Mills,zbenjamin@example.com,Edmonton,Alberta,2025-05-28,Bronze
C07745,Ronald,Johnston,brent85@example.net,Mississauga,Ontario,2024-05-04,Gold
C07746,Cameron,Wells,cjones@example.com,Mississauga,Ontario,2023-08-30,Silver
C07747,Jennifer,Smith,washingtonlauren@example.com,Calgary,Alberta,2022-10-16,Bronze
C07748,Katelyn,Cuevas,pfrazier@example.org,Edmonton,Alberta,2023-01-25,Gold
C07749,Christine,Tran,megandoyle@example.com,Mississauga,Ontario,2024-05-14,Gold
C07750,Michael,Thompson,godonnell@example.net,Brampton,Ontario,2024-08-25,Bronze
C07751,Erik,Lane,james76@example.com,Vancouver,British Columbia,2024-11-19,Bronze
C07752,Alexandra,Delgado,gnguyen@example.org,Hamilton,Ontario,2021-11-19,Bronze
C07753,Robert,Flowers,dharris@example.org,Hamilton,Ontario,2022-05-15,Bronze
C07754,Gerald,Bartlett,erikamason@example.org,Ottawa,Ontario,2024-07-16,Bronze
C07755,Rebecca,Martinez,brandimorales@example.net,Hamilton,Ontario,2026-01-15,Bronze
C07756,John,Burke,matthew84@example.org,Calgary,Alberta,2023-10-20,Bronze
C07757,Barbara,Higgins,amarsh@example.net,Calgary,Alberta,2022-09-20,Bronze
C07758,Sabrina,Bass,owenslaura@example.net,Mississauga,Ontario,2025-01-23,Gold
C07759,Jillian,Martin,roger00@example.org,Ottawa,Ontario,2025-04-27,Silver
C07760,Heather,Schmidt,rjohnson@example.com,Edmonton,Alberta,2022-10-05,Silver
C07761,Julie,Fernandez,raymondross@example.net,Vancouver,British Columbia,2024-11-13,Silver
C07762,Andrew,Gonzalez,grayrebekah@example.net,Toronto,Ontario,2025-03-02,Bronze
C07763,Veronica,Edwards,pkim@example.net,Mississauga,Ontario,2024-04-26,Bronze
C07764,Amanda,Sanford,arthur27@example.org,Edmonton,Alberta,2024-01-07,Bronze
C07765,Megan,Miles,marvinwade@example.com,Ottawa,Ontario,2023-04-11,Silver
C07766,April,West,pandrews@example.org,Hamilton,Ontario,2024-03-09,Silver
C07767,Crystal,Moreno,joshua57@example.org,Vancouver,British Columbia,2026-01-15,Silver
C07768,James,Rodriguez,rmarquez@example.net,Edmonton,Alberta,2022-07-21,Silver
C07769,Shannon,Leonard,loganbennett@example.org,Vancouver,British Columbia,2025-12-07,Bronze
C07770,Kenneth,Brooks,julie94@example.org,Calgary,Alberta,2025-08-03,Silver
C07771,Jackson,Sherman,teresa46@example.net,Edmonton,Alberta,2022-09-28,Gold
C07772,Shane,Merritt,aserrano@example.com,Mississauga,Ontario,2022-04-16,Bronze
C07773,Michael,Brown,caitlyn51@example.net,Calgary,Alberta,2025-01-18,Silver
C07774,Margaret,Olson,chelseawebb@example.net,Toronto,Ontario,2021-10-20,Silver
C07775,Ryan,Archer,vmacdonald@example.net,Edmonton,Alberta,2025-06-15,Gold
C07776,Keith,Salinas,adamjohnson@example.com,Ottawa,Ontario,2026-03-06,Bronze
C07777,Alex,Gonzalez,castrojason@example.org,Vancouver,British Columbia,2026-03-26,Silver
C07778,Logan,Martinez,lrodriguez@example.org,Ottawa,Ontario,2023-04-04,Bronze
C07779,Matthew,Torres,dylanross@example.net,Hamilton,Ontario,2023-07-07,Silver
C07780,Alexis,Davis,darlene33@example.com,Brampton,Ontario,2022-09-08,Gold
C07781,Mark,Wells,angelafoley@example.com,Calgary,Alberta,2024-07-13,Gold
C07782,Steven,Carroll,qingram@example.com,Calgary,Alberta,2021-11-11,Bronze
C07783,Raymond,White,longleah@example.net,Edmonton,Alberta,2025-01-12,Silver
C07784,Calvin,Taylor,petersenautumn@example.net,Vancouver,British Columbia,2024-07-23,Silver
C07785,Shaun,Crosby,gwatts@example.com,Edmonton,Alberta,2021-12-18,Bronze
C07786,Thomas,Blair,jessebrown@example.com,Hamilton,Ontario,2021-12-02,Bronze
C07787,Morgan,Jackson,nnewman@example.org,Ottawa,Ontario,2026-02-01,Silver
C07788,Tammy,Guerra,fraziermatthew@example.com,Mississauga,Ontario,2024-08-03,Bronze
C07789,Alexis,Grant,sarahschwartz@example.com,Vancouver,British Columbia,2025-09-19,Silver
C07790,Jennifer,Roberts,rojasshawn@example.org,Vancouver,British Columbia,2024-12-23,Bronze
C07791,Dustin,Jordan,johnstonkari@example.net,Mississauga,Ontario,2022-06-14,Bronze
C07792,Amy,Johnson,nathan63@example.net,Toronto,Ontario,2023-05-19,Silver
C07793,Ryan,Pena,katherinelee@example.org,Ottawa,Ontario,2022-11-10,Gold
C07794,Amanda,Ramirez,hollyarias@example.org,Vancouver,British Columbia,2025-09-03,Bronze
C07795,Nicole,Owens,ramoskrista@example.org,Mississauga,Ontario,2023-12-09,Bronze
C07796,Sarah,Johnson,brian58@example.net,Ottawa,Ontario,2023-01-21,Silver
C07797,Kimberly,Jones,jnguyen@example.org,Ottawa,Ontario,2023-11-06,Silver
C07798,Sara,Jackson,ramirezjoshua@example.org,Ottawa,Ontario,2025-08-19,Gold
C07799,John,Hudson,qlamb@example.net,Toronto,Ontario,2023-04-24,Bronze
C07800,Eduardo,Jackson,aharris@example.net,Vancouver,British Columbia,2021-10-14,Bronze
C07801,Jose,Walters,hannah46@example.net,Mississauga,Ontario,2022-09-07,Bronze
C07802,Andrew,Wilkerson,coxkendra@example.com,Calgary,Alberta,2026-02-25,Bronze
C07803,Rebecca,Krueger,andersentanya@example.org,Calgary,Alberta,2024-06-19,Bronze
C07804,Matthew,Ellis,jodialexander@example.org,Vancouver,British Columbia,2026-07-24,Silver
C07805,Bradley,Williamson,courtney49@example.com,Edmonton,Alberta,2024-02-02,Bronze
C07806,David,Nguyen,bautistachristopher@example.net,Calgary,Alberta,2026-03-16,Bronze
C07807,Mark,Evans,jeremy61@example.com,Calgary,Alberta,2024-08-23,Bronze
C07808,Robert,Griffith,amy23@example.net,Toronto,Ontario,2022-03-19,Gold
C07809,Jennifer,Macdonald,charles83@example.org,Edmonton,Alberta,2022-08-31,Bronze
C07810,Rebecca,Wang,nicolegray@example.org,Brampton,Ontario,2024-07-06,Bronze
C07811,Jesus,Chavez,sandovalalyssa@example.org,Brampton,Ontario,2023-10-30,Bronze
C07812,Sabrina,Walker,sarahallen@example.com,Vancouver,British Columbia,2025-11-12,Bronze
C07813,Michael,Lynch,fritzwilliam@example.org,Hamilton,Ontario,2022-05-10,Gold
C07814,Billy,Gutierrez,dwalker@example.net,Calgary,Alberta,2022-02-22,Bronze
C07815,Jennifer,Kaiser,kevin38@example.net,Calgary,Alberta,2026-02-03,Gold
C07816,Wesley,Smith,hpreston@example.net,Hamilton,Ontario,2024-07-22,Silver
C07817,Brandon,Graham,victoria28@example.net,Vancouver,British Columbia,2025-05-24,Bronze
C07818,Joseph,Miller,roberthayden@example.com,Edmonton,Alberta,2025-08-17,Silver
C07819,Brittany,Schmidt,deborahray@example.com,Mississauga,Ontario,2024-01-04,Silver
C07820,Tammy,Salazar,preeves@example.net,Hamilton,Ontario,2025-07-16,Bronze
C07821,Lisa,Kim,garciavictoria@example.net,Toronto,Ontario,2021-10-03,Silver
C07822,Michael,Cruz,gabrielestes@example.com,Mississauga,Ontario,2026-03-02,Bronze
C07823,Bob,Clark,cwatts@example.com,Toronto,Ontario,2024-12-09,Gold
C07824,Keith,Adkins,michele42@example.net,Edmonton,Alberta,2024-12-18,Bronze
C07825,Brian,Pham,imcclure@example.net,Calgary,Alberta,2022-11-10,Silver
C07826,Kristin,Spears,susan99@example.org,Hamilton,Ontario,2023-03-25,Bronze
C07827,Lynn,Smith,sellerskyle@example.org,Mississauga,Ontario,2023-06-07,Bronze
C07828,Aaron,Rodriguez,williamsrachel@example.org,Brampton,Ontario,2023-08-15,Silver
C07829,Heather,Quinn,xortega@example.org,Brampton,Ontario,2022-04-12,Bronze
C07830,Olivia,Knox,williamboyd@example.org,Edmonton,Alberta,2022-09-29,Gold
C07831,Nina,Gutierrez,nhensley@example.org,Mississauga,Ontario,2025-09-19,Bronze
C07832,Benjamin,Hall,fletcherryan@example.com,Vancouver,British Columbia,2022-07-14,Silver
C07833,Robert,Mckinney,cindy96@example.net,Brampton,Ontario,2025-01-19,Bronze
C07834,Deanna,Nicholson,srodriguez@example.com,Vancouver,British Columbia,2022-03-14,Silver
C07835,Desiree,Evans,jacquelineholmes@example.org,Hamilton,Ontario,2023-02-24,Gold
C07836,Michelle,Maynard,campbelljacqueline@example.com,Calgary,Alberta,2026-04-14,Silver
C07837,Russell,Hanson,morrowjennifer@example.com,Toronto,Ontario,2023-05-11,Bronze
C07838,Lauren,Anderson,shawntodd@example.net,Mississauga,Ontario,2025-09-06,Silver
C07839,Tracey,Jennings,holtryan@example.net,Calgary,Alberta,2025-10-08,Bronze
C07840,John,Mitchell,monica50@example.org,Hamilton,Ontario,2025-12-14,Bronze
C07841,Evan,Pearson,michael19@example.org,Brampton,Ontario,2023-02-18,Bronze
C07842,Erin,Smith,tracycherry@example.com,Edmonton,Alberta,2024-07-04,Bronze
C07843,Kaitlyn,George,beardanna@example.com,Vancouver,British Columbia,2021-10-26,Bronze
C07844,Thomas,Miller,adamtaylor@example.net,Mississauga,Ontario,2026-03-23,Silver
C07845,Nicole,Delacruz,sheilamaldonado@example.org,Hamilton,Ontario,2026-01-15,Bronze
C07846,David,Gonzales,imurphy@example.com,Vancouver,British Columbia,2021-09-20,Silver
C07847,Mallory,Foley,gregory73@example.org,Brampton,Ontario,2025-08-12,Silver
C07848,Tammy,Walsh,james67@example.net,Ottawa,Ontario,2026-06-11,Bronze
C07849,Katherine,Roberson,steven97@example.com,Ottawa,Ontario,2024-05-11,Bronze
C07850,Emily,Anderson,youngadam@example.net,Vancouver,British Columbia,2025-06-07,Silver
C07851,Kyle,White,blackburnedward@example.com,Brampton,Ontario,2024-10-02,Bronze
C07852,Ashley,Gillespie,angelawashington@example.com,Hamilton,Ontario,2022-03-21,Gold
C07853,Melissa,Harris,ashley62@example.com,Vancouver,British Columbia,2023-12-28,Bronze
C07854,Sara,Stephenson,daviddonaldson@example.com,Hamilton,Ontario,2024-12-13,Silver
C07855,Jasmine,White,erin35@example.com,Brampton,Ontario,2023-01-26,Silver
C07856,Destiny,Daniel,jennifer11@example.com,Toronto,Ontario,2026-06-28,Silver
C07857,Lauren,Foster,amberallen@example.com,Calgary,Alberta,2025-07-18,Silver
C07858,Richard,Moore,kennethadams@example.org,Hamilton,Ontario,2023-02-05,Silver
C07859,Nicole,Phelps,drhodes@example.com,Calgary,Alberta,2025-12-14,Bronze
C07860,Kevin,Russell,lesliemorris@example.net,Ottawa,Ontario,2025-10-19,Bronze
C07861,Danielle,Maldonado,eddie42@example.org,Edmonton,Alberta,2026-07-20,Bronze
C07862,William,Carter,kristinaholden@example.org,Brampton,Ontario,2022-09-01,Bronze
C07863,Jason,Santos,matthewvargas@example.com,Calgary,Alberta,2023-10-23,Bronze
C07864,Katie,Bentley,mary98@example.net,Edmonton,Alberta,2025-06-07,Bronze
C07865,Richard,Hanna,williamsdenise@example.net,Edmonton,Alberta,2026-03-27,Bronze
C07866,John,Cooley,xruiz@example.com,Vancouver,British Columbia,2026-06-24,Bronze
C07867,Mary,Clark,qkelly@example.com,Calgary,Alberta,2021-10-01,Bronze
C07868,Brandon,Sutton,adamsdorothy@example.net,Hamilton,Ontario,2022-07-04,Bronze
C07869,Rachel,Cobb,greenheather@example.com,Mississauga,Ontario,2023-07-20,Gold
C07870,Stacy,Mathis,andrewharper@example.org,Toronto,Ontario,2026-03-23,Silver
C07871,Jason,Lynn,qsmith@example.org,Toronto,Ontario,2023-04-13,Silver
C07872,Leslie,Lee,erika12@example.com,Calgary,Alberta,2026-02-10,Bronze
C07873,James,Barrett,stevenhodges@example.com,Vancouver,British Columbia,2021-11-26,Silver
C07874,Jesse,Mcclain,harrismelissa@example.net,Toronto,Ontario,2024-08-18,Bronze
C07875,Mark,Thompson,christopher69@example.net,Hamilton,Ontario,2025-06-25,Silver
C07876,Cody,Johnson,solomonjason@example.net,Toronto,Ontario,2021-10-06,Silver
C07877,Tom,Ortiz,christine50@example.net,Vancouver,British Columbia,2024-08-31,Bronze
C07878,Jackie,Snow,daniel49@example.net,Vancouver,British Columbia,2026-04-21,Bronze
C07879,Jason,Bennett,jeremy69@example.com,Toronto,Ontario,2025-07-15,Silver
C07880,Brianna,Blake,karl38@example.com,Mississauga,Ontario,2021-10-07,Silver
C07881,David,Foster,bdiaz@example.com,Toronto,Ontario,2023-07-01,Silver
C07882,Laura,White,amata@example.org,Toronto,Ontario,2025-04-24,Silver
C07883,Michael,Burke,qdawson@example.org,Brampton,Ontario,2024-08-12,Bronze
C07884,Joshua,Williams,james46@example.net,Toronto,Ontario,2026-07-07,Bronze
C07885,Tony,Barrett,joannamurray@example.com,Edmonton,Alberta,2022-03-21,Silver
C07886,Jose,Sandoval,paul27@example.net,Ottawa,Ontario,2025-04-14,Gold
C07887,Kevin,Schneider,taylormcdaniel@example.org,Ottawa,Ontario,2022-10-18,Gold
C07888,Wendy,Rubio,stevenwebb@example.net,Calgary,Alberta,2022-11-12,Bronze
C07889,Larry,Waller,kelly95@example.net,Edmonton,Alberta,2022-08-11,Bronze
C07890,Linda,Brown,danielhall@example.net,Toronto,Ontario,2022-01-15,Silver
C07891,Eric,Owen,larryjensen@example.com,Toronto,Ontario,2024-06-08,Bronze
C07892,Barbara,Rivera,lpearson@example.org,Toronto,Ontario,2022-03-25,Gold
C07893,Claudia,Booth,xcook@example.org,Mississauga,Ontario,2024-08-11,Silver
C07894,Danny,Sanders,teresa42@example.net,Calgary,Alberta,2022-12-19,Bronze
C07895,Juan,Reyes,eric17@example.net,Brampton,Ontario,2022-01-31,Bronze
C07896,Richard,Sloan,hadams@example.net,Vancouver,British Columbia,2025-01-05,Bronze
C07897,Jesse,Christian,jholland@example.org,Ottawa,Ontario,2023-10-19,Bronze
C07898,Jose,Brown,eric71@example.org,Mississauga,Ontario,2023-07-19,Bronze
C07899,Derrick,Mejia,browningcourtney@example.com,Toronto,Ontario,2021-11-28,Silver
C07900,Amanda,Vincent,ktaylor@example.org,Calgary,Alberta,2026-02-07,Bronze
C07901,James,West,michelleconrad@example.org,Mississauga,Ontario,2022-04-08,Bronze
C07902,Sandra,Hanson,tonyroberts@example.com,Brampton,Ontario,2025-10-08,Silver
C07903,Joshua,Dunlap,brandon47@example.com,Brampton,Ontario,2022-11-13,Bronze
C07904,Christine,Wolfe,elizabeth37@example.net,Hamilton,Ontario,2025-10-13,Bronze
C07905,Ashley,Jones,walkerdylan@example.com,Mississauga,Ontario,2026-01-20,Bronze
C07906,Paul,Scott,caroline16@example.org,Hamilton,Ontario,2021-12-21,Bronze
C07907,William,Richardson,gentryjill@example.com,Hamilton,Ontario,2025-02-19,Bronze
C07908,Mark,Woods,rebecca23@example.com,Brampton,Ontario,2022-07-10,Bronze
C07909,Christian,Fuller,ymclaughlin@example.com,Brampton,Ontario,2024-02-20,Bronze
C07910,Tracy,Pierce,melinda99@example.org,Toronto,Ontario,2025-04-17,Gold
C07911,Matthew,Johnson,jennifer07@example.org,Calgary,Alberta,2025-09-03,Bronze
C07912,Susan,Martinez,fhart@example.org,Edmonton,Alberta,2025-07-06,Bronze
C07913,Nina,Johnson,howelladam@example.net,Mississauga,Ontario,2022-11-11,Bronze
C07914,Catherine,Murillo,lreed@example.com,Calgary,Alberta,2021-12-11,Bronze
C07915,Jessica,Peterson,cynthia54@example.com,Calgary,Alberta,2021-12-22,Bronze
C07916,Robin,Hodge,mia35@example.org,Brampton,Ontario,2024-04-28,Bronze
C07917,Chris,Williams,goldenpaige@example.org,Brampton,Ontario,2025-08-31,Bronze
C07918,Ryan,Allen,deniseallen@example.com,Calgary,Alberta,2024-02-26,Bronze
C07919,Anna,Brown,joseph58@example.net,Edmonton,Alberta,2021-08-01,Bronze
C07920,Robert,Williams,samuel66@example.net,Vancouver,British Columbia,2022-05-27,Silver
C07921,Amanda,Chang,davidjohnson@example.net,Ottawa,Ontario,2023-02-27,Gold
C07922,Richard,Morris,maria41@example.org,Toronto,Ontario,2024-12-21,Bronze
C07923,Kim,Williams,robert81@example.net,Calgary,Alberta,2026-05-03,Silver
C07924,Laura,Bradley,alexander58@example.net,Toronto,Ontario,2022-01-04,Bronze
C07925,Randy,Armstrong,utrevino@example.org,Toronto,Ontario,2025-09-13,Bronze
C07926,Luis,Watkins,james86@example.org,Hamilton,Ontario,2026-02-09,Bronze
C07927,Stephen,Johnson,kimberly10@example.net,Calgary,Alberta,2026-05-14,Silver
C07928,Charles,Osborne,melaniesingh@example.com,Toronto,Ontario,2025-04-02,Bronze
C07929,Gilbert,Davila,bobbyjohnson@example.net,Ottawa,Ontario,2024-10-26,Bronze
C07930,Tyler,Peterson,ryanfowler@example.net,Toronto,Ontario,2026-05-30,Silver
C07931,Dylan,Allen,pburke@example.net,Toronto,Ontario,2023-05-19,Silver
C07932,Timothy,Perkins,elizabeth30@example.org,Brampton,Ontario,2023-09-03,Bronze
C07933,Barbara,Sullivan,lindafleming@example.com,Hamilton,Ontario,2023-07-22,Silver
C07934,Jennifer,Jones,heidi55@example.com,Vancouver,British Columbia,2022-09-19,Gold
C07935,Matthew,Murray,patrick77@example.net,Toronto,Ontario,2023-09-11,Silver
C07936,Mary,Flores,turnerbarbara@example.com,Edmonton,Alberta,2023-05-15,Bronze
C07937,Sandra,Roberts,annefernandez@example.com,Hamilton,Ontario,2025-06-09,Bronze
C07938,Angelica,Thomas,cassandra58@example.net,Mississauga,Ontario,2022-11-05,Bronze
C07939,Matthew,Stewart,mcphersonnathaniel@example.org,Brampton,Ontario,2025-08-17,Bronze
C07940,Ethan,Gould,kyleclay@example.com,Brampton,Ontario,2026-06-28,Bronze
C07941,Jeffrey,Hughes,kenneth41@example.com,Brampton,Ontario,2022-04-09,Gold
C07942,Darrell,Robbins,david21@example.org,Vancouver,British Columbia,2024-10-16,Bronze
C07943,Jeffery,Garza,aguilarmatthew@example.net,Vancouver,British Columbia,2022-03-18,Bronze
C07944,Steven,Cooper,kaiserjason@example.com,Vancouver,British Columbia,2025-08-25,Silver
C07945,Brittany,Aguirre,randywilliams@example.com,Ottawa,Ontario,2025-03-11,Silver
C07946,Ryan,Carter,russellpatrick@example.org,Toronto,Ontario,2026-07-22,Bronze
C07947,Tracy,Thompson,pnguyen@example.net,Hamilton,Ontario,2025-10-26,Bronze
C07948,Jesus,Lee,wilsonleslie@example.net,Hamilton,Ontario,2025-05-18,Silver
C07949,Patricia,Morales,haynesandrew@example.org,Calgary,Alberta,2026-02-21,Bronze
C07950,Angela,Ortiz,vsmith@example.com,Ottawa,Ontario,2024-10-17,Silver
C07951,Heather,Fitzgerald,jenniferrodgers@example.com,Calgary,Alberta,2025-05-12,Silver
C07952,Tracy,Monroe,masonanthony@example.com,Calgary,Alberta,2025-09-22,Bronze
C07953,Allison,Howard,royhannah@example.com,Vancouver,British Columbia,2023-12-24,Silver
C07954,Debra,Duran,philip22@example.com,Hamilton,Ontario,2022-10-22,Bronze
C07955,Courtney,Bell,pmiller@example.org,Vancouver,British Columbia,2023-04-11,Silver
C07956,Renee,Newton,morgancolin@example.org,Mississauga,Ontario,2024-06-19,Silver
C07957,Michael,Scott,brownchelsea@example.com,Vancouver,British Columbia,2026-05-23,Bronze
C07958,Stacey,Wilson,zbrooks@example.net,Ottawa,Ontario,2026-04-13,Bronze
C07959,William,Hoffman,monicaandrade@example.org,Hamilton,Ontario,2025-05-31,Bronze
C07960,Lisa,Boyer,byrdlori@example.org,Brampton,Ontario,2021-09-10,Bronze
C07961,Craig,Kirby,millereric@example.com,Edmonton,Alberta,2026-07-18,Bronze
C07962,Sandra,Ho,gtownsend@example.com,Brampton,Ontario,2024-09-20,Bronze
C07963,Alexandra,Harvey,yduran@example.net,Ottawa,Ontario,2024-10-25,Bronze
C07964,Mckenzie,Perez,rhudson@example.com,Edmonton,Alberta,2022-06-07,Bronze
C07965,Susan,Fox,jessicalittle@example.org,Vancouver,British Columbia,2024-01-30,Bronze
C07966,Jason,Sexton,melissa88@example.org,Edmonton,Alberta,2022-04-18,Bronze
C07967,Ann,Campbell,riverahannah@example.net,Vancouver,British Columbia,2025-05-25,Gold
C07968,Maria,Powell,marshallchristina@example.com,Vancouver,British Columbia,2022-12-15,Bronze
C07969,Jacob,Stone,bjohnston@example.com,Mississauga,Ontario,2023-12-12,Silver
C07970,Joseph,Richards,ethanfletcher@example.net,Calgary,Alberta,2024-06-15,Bronze
C07971,Sandra,Mclaughlin,kristi45@example.net,Edmonton,Alberta,2022-12-13,Silver
C07972,Jason,Osborn,barnesaaron@example.com,Vancouver,British Columbia,2026-01-21,Bronze
C07973,Amanda,Johnson,ellismichelle@example.com,Mississauga,Ontario,2026-03-01,Silver
C07974,Robert,Sanchez,stevenkelly@example.org,Edmonton,Alberta,2023-11-15,Gold
C07975,Michael,Wells,derek29@example.org,Mississauga,Ontario,2023-10-01,Bronze
C07976,Michael,Moore,mwillis@example.org,Ottawa,Ontario,2023-01-13,Bronze
C07977,Allison,Taylor,orrnancy@example.org,Ottawa,Ontario,2022-05-30,Bronze
C07978,Tyrone,Smith,oschmidt@example.net,Vancouver,British Columbia,2021-11-19,Bronze
C07979,Tony,Morgan,josephfoster@example.org,Ottawa,Ontario,2023-11-10,Bronze
C07980,Ernest,Benson,zburton@example.org,Mississauga,Ontario,2021-10-02,Bronze
C07981,David,Washington,ismith@example.org,Calgary,Alberta,2025-12-26,Bronze
C07982,Kristin,Walker,parksshane@example.net,Hamilton,Ontario,2023-08-08,Bronze
C07983,Anthony,Smith,brian45@example.com,Vancouver,British Columbia,2023-04-09,Bronze
C07984,Michael,Cline,qbradley@example.net,Brampton,Ontario,2021-12-14,Gold
C07985,Tracy,Parker,rodriguezmark@example.net,Vancouver,British Columbia,2025-06-18,Silver
C07986,Emily,Fletcher,michellejohnson@example.org,Mississauga,Ontario,2022-08-31,Gold
C07987,Brittany,Nash,tammypayne@example.com,Ottawa,Ontario,2022-06-11,Gold
C07988,John,Hawkins,randy93@example.org,Mississauga,Ontario,2026-06-12,Silver
C07989,Isaac,Greene,jolsen@example.net,Brampton,Ontario,2021-08-06,Silver
C07990,Larry,Garcia,halljustin@example.org,Brampton,Ontario,2022-12-13,Bronze
C07991,Lee,Thompson,morrisonstephanie@example.com,Vancouver,British Columbia,2022-09-28,Bronze
C07992,Nicolas,Stout,darinmorgan@example.com,Toronto,Ontario,2022-09-10,Gold
C07993,Tiffany,Arnold,mary53@example.com,Brampton,Ontario,2023-03-27,Gold
C07994,Craig,Carter,dwagner@example.net,Toronto,Ontario,2022-07-15,Silver
C07995,Robert,Hernandez,erica25@example.net,Vancouver,British Columbia,2024-05-22,Silver
C07996,Robert,Harris,snichols@example.net,Edmonton,Alberta,2022-10-15,Bronze
C07997,Julie,Ruiz,rodriguezjoseph@example.org,Brampton,Ontario,2024-11-09,Silver
C07998,Sarah,Dixon,michaelhunt@example.org,Mississauga,Ontario,2023-11-22,Bronze
C07999,Richard,Grant,ashleylivingston@example.com,Mississauga,Ontario,2021-09-19,Gold
C08000,David,Robbins,randysmith@example.com,Edmonton,Alberta,2025-09-25,Silver
C08001,Donald,Day,marvin20@example.com,Toronto,Ontario,2024-07-31,Silver
C08002,Jeremy,Dalton,anthonymarks@example.com,Edmonton,Alberta,2024-05-24,Bronze
C08003,Tamara,Coffey,brittany33@example.org,Vancouver,British Columbia,2024-11-22,Silver
C08004,Melissa,Collins,alexsalas@example.org,Edmonton,Alberta,2026-03-03,Bronze
C08005,Courtney,Phillips,chutchinson@example.org,Edmonton,Alberta,2026-03-18,Bronze
C08006,Stephanie,Marshall,reginaldwebb@example.org,Calgary,Alberta,2023-06-08,Bronze
C08007,Karen,Ayers,gregorysmith@example.org,Mississauga,Ontario,2021-09-25,Bronze
C08008,Mary,Martin,debra14@example.org,Calgary,Alberta,2024-09-23,Silver
C08009,Henry,Clarke,lbranch@example.org,Mississauga,Ontario,2025-06-17,Bronze
C08010,Kurt,Howell,paul50@example.com,Edmonton,Alberta,2022-11-05,Bronze
C08011,Michael,Patrick,smiller@example.net,Edmonton,Alberta,2026-01-16,Bronze
C08012,Gail,Smith,vchapman@example.net,Vancouver,British Columbia,2024-09-30,Gold
C08013,Brian,Rogers,brownbrandy@example.org,Hamilton,Ontario,2026-01-07,Bronze
C08014,Michael,Stewart,mcphersonpatrick@example.org,Edmonton,Alberta,2026-01-23,Bronze
C08015,Alexandria,Randolph,nyu@example.net,Hamilton,Ontario,2022-02-17,Gold
C08016,Melanie,Martinez,georgevictor@example.net,Calgary,Alberta,2025-02-11,Bronze
C08017,David,Cook,david89@example.com,Mississauga,Ontario,2023-05-09,Bronze
C08018,Ryan,Edwards,michael23@example.net,Hamilton,Ontario,2025-10-13,Silver
C08019,Maria,Byrd,humphreytroy@example.net,Ottawa,Ontario,2024-04-28,Bronze
C08020,Stephanie,Martinez,mitchelltiffany@example.com,Hamilton,Ontario,2022-10-06,Silver
C08021,Jennifer,Palmer,angelaparks@example.com,Ottawa,Ontario,2022-08-01,Silver
C08022,Michelle,Faulkner,debragallagher@example.org,Mississauga,Ontario,2022-03-05,Bronze
C08023,Ashley,Rogers,anne62@example.org,Hamilton,Ontario,2022-11-15,Bronze
C08024,Shane,Cervantes,walkeranna@example.net,Hamilton,Ontario,2023-05-14,Bronze
C08025,Christina,Pineda,davidking@example.net,Toronto,Ontario,2023-02-01,Bronze
C08026,Diana,Grant,nielsenjacob@example.com,Vancouver,British Columbia,2025-09-16,Bronze
C08027,Tyler,Colon,hernandeztracie@example.net,Mississauga,Ontario,2024-11-10,Bronze
C08028,Matthew,Pugh,janetjohns@example.org,Ottawa,Ontario,2022-02-08,Bronze
C08029,Rebecca,Rodriguez,tpeterson@example.com,Brampton,Ontario,2024-01-02,Bronze
C08030,Anthony,Wilkins,xcruz@example.org,Vancouver,British Columbia,2022-04-10,Bronze
C08031,Ronald,Anderson,apeterson@example.org,Hamilton,Ontario,2022-08-09,Bronze
C08032,Michael,Holmes,kimjohn@example.com,Edmonton,Alberta,2024-01-12,Bronze
C08033,Jesse,Carter,freemanrobert@example.org,Hamilton,Ontario,2023-03-25,Bronze
C08034,Heather,Lester,susanvasquez@example.org,Vancouver,British Columbia,2025-01-22,Bronze
C08035,Erin,Melton,brittany75@example.net,Ottawa,Ontario,2022-05-25,Silver
C08036,Jesse,Vaughan,carpenteranthony@example.com,Toronto,Ontario,2022-01-23,Bronze
C08037,Charles,Lyons,laura12@example.com,Toronto,Ontario,2023-08-27,Bronze
C08038,David,Hudson,marthafox@example.net,Calgary,Alberta,2024-08-06,Silver
C08039,Charles,Hernandez,smatthews@example.org,Brampton,Ontario,2026-04-19,Silver
C08040,Alicia,Wilson,patricia12@example.net,Calgary,Alberta,2023-05-19,Bronze
C08041,Melissa,Garcia,smithjonathan@example.net,Vancouver,British Columbia,2022-05-02,Silver
C08042,Troy,Pratt,maria88@example.org,Calgary,Alberta,2023-10-12,Silver
C08043,Marcus,Barnett,peterhodge@example.org,Mississauga,Ontario,2024-05-30,Silver
C08044,Douglas,Webb,krhodes@example.com,Vancouver,British Columbia,2024-08-31,Silver
C08045,Desiree,Edwards,gabriellesmith@example.org,Edmonton,Alberta,2024-04-06,Silver
C08046,Brandon,Stanley,bonnie64@example.org,Toronto,Ontario,2022-11-11,Bronze
C08047,Amanda,Martin,maciaskristina@example.net,Vancouver,British Columbia,2024-10-20,Bronze
C08048,Rebecca,Mccormick,nshaw@example.net,Toronto,Ontario,2022-06-13,Silver
C08049,Matthew,Smith,david15@example.com,Calgary,Alberta,2026-02-28,Silver
C08050,Andrew,Cruz,livingstonlisa@example.org,Calgary,Alberta,2026-04-07,Gold
C08051,Thomas,Allen,ojohnson@example.net,Mississauga,Ontario,2022-03-23,Bronze
C08052,Melinda,Harris,wendy40@example.net,Toronto,Ontario,2023-08-10,Silver
C08053,Jason,Nelson,ulawrence@example.com,Ottawa,Ontario,2023-10-02,Gold
C08054,Madeline,White,kellykimberly@example.net,Vancouver,British Columbia,2026-06-07,Bronze
C08055,Alison,Norton,vcarlson@example.com,Vancouver,British Columbia,2022-10-02,Bronze
C08056,Pedro,Jackson,wrightkathy@example.net,Vancouver,British Columbia,2023-07-03,Bronze
C08057,Roberta,Olson,gamblekyle@example.net,Ottawa,Ontario,2023-02-21,Bronze
C08058,Teresa,Black,kimsandra@example.org,Vancouver,British Columbia,2024-08-28,Silver
C08059,Richard,Brown,qcollins@example.com,Brampton,Ontario,2026-07-12,Bronze
C08060,Anna,White,esilva@example.com,Ottawa,Ontario,2022-11-24,Bronze
C08061,Jill,Thomas,derrick23@example.net,Toronto,Ontario,2024-10-29,Bronze
C08062,Linda,Williams,jessica46@example.net,Ottawa,Ontario,2024-10-02,Bronze
C08063,Mary,Robinson,robinjones@example.com,Mississauga,Ontario,2025-12-15,Silver
C08064,Karen,Perez,cwilliams@example.org,Calgary,Alberta,2026-07-14,Bronze
C08065,Sarah,Smith,aaron45@example.org,Brampton,Ontario,2022-10-03,Gold
C08066,Matthew,Hale,pjohnson@example.net,Vancouver,British Columbia,2022-08-14,Silver
C08067,Crystal,Massey,greenjasmine@example.net,Calgary,Alberta,2024-07-21,Gold
C08068,Lauren,Morrison,cardenaskatherine@example.com,Vancouver,British Columbia,2024-12-22,Bronze
C08069,John,Simmons,loretta79@example.net,Vancouver,British Columbia,2026-06-15,Gold
C08070,Charles,Austin,hernandezsteve@example.org,Edmonton,Alberta,2022-11-29,Gold
C08071,Shannon,Hebert,alexagonzalez@example.org,Edmonton,Alberta,2022-07-26,Bronze
C08072,Krista,Hodges,ashleyanderson@example.net,Vancouver,British Columbia,2023-04-18,Silver
C08073,Jeanette,Fox,williamsjenna@example.org,Edmonton,Alberta,2022-05-29,Bronze
C08074,Terri,Flores,colleen81@example.org,Brampton,Ontario,2025-04-06,Silver
C08075,Brandon,Mills,priscilla51@example.org,Hamilton,Ontario,2024-12-15,Bronze
C08076,Susan,Hurley,nholland@example.net,Vancouver,British Columbia,2024-01-13,Silver
C08077,Shawn,Obrien,thomasrebecca@example.com,Toronto,Ontario,2023-11-26,Bronze
C08078,Marcus,Caldwell,melissamartinez@example.net,Brampton,Ontario,2026-01-22,Bronze
C08079,Carol,Morgan,kathleenavila@example.net,Mississauga,Ontario,2026-07-26,Silver
C08080,Jennifer,Montgomery,francojason@example.org,Calgary,Alberta,2024-11-13,Bronze
C08081,Lindsay,Swanson,kirbymark@example.com,Vancouver,British Columbia,2024-11-26,Gold
C08082,Daniel,Moore,james03@example.net,Vancouver,British Columbia,2024-09-21,Silver
C08083,David,Foster,williamsrobert@example.com,Vancouver,British Columbia,2026-05-23,Bronze
C08084,Charles,Nguyen,xcummings@example.net,Toronto,Ontario,2022-04-19,Bronze
C08085,Suzanne,Escobar,colemanjohn@example.org,Edmonton,Alberta,2024-09-13,Silver
C08086,Joshua,Sims,oboyer@example.net,Calgary,Alberta,2023-07-12,Silver
C08087,Aaron,Russell,kara03@example.com,Edmonton,Alberta,2021-09-26,Bronze
C08088,Danielle,Jackson,tina87@example.net,Ottawa,Ontario,2023-11-02,Bronze
C08089,Whitney,Nguyen,shepherdpaula@example.org,Hamilton,Ontario,2023-06-01,Silver
C08090,Dean,Rhodes,glen40@example.net,Mississauga,Ontario,2024-07-16,Bronze
C08091,Crystal,Herrera,theresabates@example.net,Ottawa,Ontario,2023-05-03,Bronze
C08092,Denise,Galloway,osmith@example.org,Vancouver,British Columbia,2023-05-30,Bronze
C08093,Daniel,Gomez,thompsoncharles@example.org,Mississauga,Ontario,2025-09-28,Silver
C08094,Richard,Calhoun,tcharles@example.net,Vancouver,British Columbia,2026-01-15,Silver
C08095,Vanessa,Warren,rbutler@example.org,Calgary,Alberta,2023-05-13,Bronze
C08096,Jonathan,Mendoza,dgarcia@example.net,Calgary,Alberta,2022-12-10,Silver
C08097,Wayne,Thomas,shannon86@example.com,Edmonton,Alberta,2022-09-03,Bronze
C08098,Betty,Bryan,shermananthony@example.net,Calgary,Alberta,2026-01-03,Bronze
C08099,Andrew,Knox,james13@example.org,Vancouver,British Columbia,2024-06-26,Silver
C08100,Angela,Kelly,reedheather@example.com,Toronto,Ontario,2026-05-25,Gold
C08101,Jessica,Smith,cnguyen@example.org,Edmonton,Alberta,2021-11-27,Gold
C08102,Parker,Blankenship,edward48@example.net,Toronto,Ontario,2025-08-02,Bronze
C08103,Joshua,Brooks,jeffrey61@example.org,Vancouver,British Columbia,2025-10-18,Bronze
C08104,Thomas,Morrison,karencarson@example.com,Edmonton,Alberta,2025-09-27,Bronze
C08105,Martha,Kelly,pdavis@example.com,Calgary,Alberta,2025-06-12,Bronze
C08106,Amy,Williams,bowmanbrittney@example.com,Mississauga,Ontario,2023-08-19,Bronze
C08107,Lindsay,Burns,melanienguyen@example.org,Mississauga,Ontario,2026-06-30,Bronze
C08108,Nicholas,Oneill,alexis83@example.net,Vancouver,British Columbia,2023-11-23,Silver
C08109,Natalie,Levine,peterskatie@example.com,Edmonton,Alberta,2023-11-13,Bronze
C08110,Elijah,Wilson,owest@example.net,Brampton,Ontario,2024-04-27,Silver
C08111,Taylor,Allen,sylvia25@example.com,Ottawa,Ontario,2025-01-06,Bronze
C08112,Eric,Walters,wyoung@example.net,Vancouver,British Columbia,2023-10-22,Bronze
C08113,Adam,Flynn,skramer@example.org,Toronto,Ontario,2024-07-14,Bronze
C08114,Cesar,Jimenez,pschneider@example.net,Edmonton,Alberta,2024-03-01,Silver
C08115,Terri,Nelson,gmoore@example.org,Vancouver,British Columbia,2025-07-17,Bronze
C08116,Michael,Lane,harrisonchristopher@example.com,Ottawa,Ontario,2021-07-30,Silver
C08117,Joshua,Harris,beth89@example.net,Ottawa,Ontario,2025-10-23,Silver
C08118,Robert,Lowery,johncollins@example.com,Edmonton,Alberta,2022-12-20,Silver
C08119,Sharon,Mitchell,beardstephen@example.org,Edmonton,Alberta,2021-09-20,Silver
C08120,Roger,Rogers,lramos@example.org,Ottawa,Ontario,2025-08-06,Silver
C08121,Brian,Lutz,sydney76@example.com,Brampton,Ontario,2024-03-05,Bronze
C08122,Raymond,Heath,jessejacobson@example.org,Mississauga,Ontario,2026-06-24,Silver
C08123,Jonathan,Erickson,sarah71@example.com,Toronto,Ontario,2022-08-02,Silver
C08124,Barbara,Rios,leblanclauren@example.net,Edmonton,Alberta,2025-03-14,Bronze
C08125,Cindy,Allen,zacharysosa@example.com,Toronto,Ontario,2026-01-25,Gold
C08126,Jeffery,Holt,charlesschmidt@example.org,Hamilton,Ontario,2024-09-14,Bronze
C08127,Ann,Jones,jeffmejia@example.net,Calgary,Alberta,2024-04-15,Bronze
C08128,Darryl,Hart,amber35@example.org,Edmonton,Alberta,2023-06-21,Bronze
C08129,Ryan,Zimmerman,xhayes@example.com,Vancouver,British Columbia,2025-07-26,Bronze
C08130,Ronald,Davis,phill@example.org,Toronto,Ontario,2021-12-28,Bronze
C08131,Donna,Hunt,ssanders@example.com,Calgary,Alberta,2023-11-21,Silver
C08132,Alfred,Mccarty,richard03@example.net,Vancouver,British Columbia,2026-04-24,Bronze
C08133,Daniel,Bryant,susan61@example.net,Ottawa,Ontario,2025-12-18,Silver
C08134,Christine,Bell,gdelgado@example.org,Hamilton,Ontario,2025-09-14,Bronze
C08135,Laura,Martin,ofigueroa@example.net,Calgary,Alberta,2023-07-25,Silver
C08136,Tracy,Cole,kingscott@example.net,Mississauga,Ontario,2024-01-26,Silver
C08137,Kristen,Leach,hrodriguez@example.org,Calgary,Alberta,2021-08-29,Bronze
C08138,Monica,Torres,ian88@example.com,Hamilton,Ontario,2022-03-04,Bronze
C08139,Brandon,Hicks,danielle31@example.org,Mississauga,Ontario,2023-04-23,Bronze
C08140,Mary,Johnson,anthonymills@example.org,Ottawa,Ontario,2025-12-05,Bronze
C08141,Michele,Velasquez,harveyjason@example.net,Ottawa,Ontario,2023-05-06,Bronze
C08142,Julia,Bailey,tcox@example.org,Ottawa,Ontario,2022-01-06,Bronze
C08143,Katie,Freeman,saundersrachel@example.net,Toronto,Ontario,2023-06-16,Silver
C08144,Stacy,Hood,bellbecky@example.com,Brampton,Ontario,2022-02-06,Bronze
C08145,Jennifer,Norris,johnathan40@example.net,Vancouver,British Columbia,2023-09-12,Silver
C08146,Christopher,Simmons,michaelmoore@example.net,Calgary,Alberta,2026-01-13,Bronze
C08147,Brenda,Merritt,tammy28@example.com,Calgary,Alberta,2023-08-11,Bronze
C08148,Rachel,Espinoza,richardsnyder@example.org,Toronto,Ontario,2025-01-05,Gold
C08149,Victoria,Jones,santosjohn@example.org,Toronto,Ontario,2022-07-13,Silver
C08150,Daniel,Lewis,njackson@example.net,Brampton,Ontario,2023-03-09,Bronze
C08151,Melissa,Smith,robert96@example.com,Brampton,Ontario,2024-03-16,Gold
C08152,Charles,Brown,williamking@example.com,Calgary,Alberta,2021-11-06,Bronze
C08153,Roger,Wolf,shawna72@example.com,Mississauga,Ontario,2025-06-24,Silver
C08154,Jennifer,Allen,mcox@example.com,Hamilton,Ontario,2025-05-25,Silver
C08155,Jennifer,Cannon,madison47@example.com,Ottawa,Ontario,2024-04-29,Bronze
C08156,Charles,Hull,stanleycharles@example.org,Hamilton,Ontario,2023-01-24,Silver
C08157,Erica,Baldwin,gjohnson@example.org,Hamilton,Ontario,2025-08-02,Silver
C08158,Angelica,Boyer,nicole70@example.net,Toronto,Ontario,2024-07-03,Bronze
C08159,Barbara,Mcdonald,hutchinsonpaul@example.com,Vancouver,British Columbia,2023-10-09,Gold
C08160,Kevin,Schaefer,styler@example.com,Ottawa,Ontario,2026-02-25,Silver
C08161,Randall,Nichols,mariah82@example.com,Edmonton,Alberta,2025-04-02,Bronze
C08162,William,Brown,david59@example.com,Ottawa,Ontario,2021-08-03,Bronze
C08163,Cheryl,Cook,navarroamanda@example.net,Hamilton,Ontario,2022-06-30,Silver
C08164,Lisa,Shields,ewilliams@example.org,Brampton,Ontario,2021-12-01,Bronze
C08165,Elizabeth,Campos,williamsanthony@example.com,Vancouver,British Columbia,2023-10-15,Bronze
C08166,Linda,Bender,hickmansara@example.net,Hamilton,Ontario,2022-06-08,Bronze
C08167,Ronald,Johnson,rachael32@example.com,Toronto,Ontario,2026-02-07,Silver
C08168,Samantha,Murphy,lowematthew@example.com,Hamilton,Ontario,2024-04-20,Gold
C08169,Jeffrey,Nichols,cooperwilliam@example.net,Mississauga,Ontario,2024-11-06,Bronze
C08170,Victor,Morales,jaredali@example.com,Edmonton,Alberta,2024-02-21,Bronze
C08171,Joseph,Jones,jordannicole@example.com,Mississauga,Ontario,2024-07-09,Bronze
C08172,Robert,Salazar,meganperry@example.org,Edmonton,Alberta,2024-06-04,Silver
C08173,James,Watkins,danielsims@example.com,Toronto,Ontario,2024-03-07,Bronze
C08174,Zachary,Garcia,mwilliams@example.net,Toronto,Ontario,2025-05-08,Silver
C08175,Brian,Young,cholland@example.org,Mississauga,Ontario,2022-04-14,Gold
C08176,Sandra,Kelly,carla15@example.net,Mississauga,Ontario,2026-03-25,Bronze
C08177,Tasha,Vazquez,johnsonholly@example.com,Hamilton,Ontario,2023-01-13,Gold
C08178,Diane,Simpson,alexisjones@example.org,Hamilton,Ontario,2025-10-06,Bronze
C08179,Nicholas,Jones,theodore47@example.com,Calgary,Alberta,2025-12-24,Bronze
C08180,Andrew,Castro,eweeks@example.net,Vancouver,British Columbia,2025-12-03,Bronze
C08181,Deborah,Stevens,melissaadams@example.com,Toronto,Ontario,2021-10-04,Bronze
C08182,Debbie,Clark,ycarr@example.org,Vancouver,British Columbia,2025-11-03,Bronze
C08183,Kelly,House,theresa31@example.com,Calgary,Alberta,2023-06-28,Bronze
C08184,Nathan,Smith,umurphy@example.org,Calgary,Alberta,2026-02-20,Silver
C08185,Christopher,Jennings,yjackson@example.org,Calgary,Alberta,2026-07-18,Bronze
C08186,Karen,Jackson,halltammy@example.net,Mississauga,Ontario,2024-06-24,Silver
C08187,Shelby,James,zpalmer@example.com,Ottawa,Ontario,2023-11-01,Silver
C08188,Kevin,Wang,rebecca81@example.com,Hamilton,Ontario,2023-12-22,Bronze
C08189,James,Brown,sandra50@example.net,Ottawa,Ontario,2022-12-03,Silver
C08190,Douglas,Jarvis,qcarrillo@example.com,Hamilton,Ontario,2025-11-17,Bronze
C08191,Tammy,Campbell,neil60@example.net,Toronto,Ontario,2025-01-15,Gold
C08192,Alexa,Estrada,melissafernandez@example.com,Edmonton,Alberta,2022-06-10,Silver
C08193,Mary,Horn,jeffersonsamuel@example.com,Toronto,Ontario,2023-07-26,Bronze
C08194,Joseph,Reed,morgancatherine@example.org,Edmonton,Alberta,2023-07-06,Bronze
C08195,Kevin,Moore,hernandezshannon@example.com,Ottawa,Ontario,2026-04-08,Silver
C08196,Elizabeth,Hawkins,zsnyder@example.org,Toronto,Ontario,2026-05-17,Bronze
C08197,Eduardo,Lamb,alan86@example.org,Vancouver,British Columbia,2023-11-09,Bronze
C08198,Sherri,Johnson,baileypaul@example.net,Ottawa,Ontario,2022-11-01,Bronze
C08199,Benjamin,Perez,michellebrown@example.net,Brampton,Ontario,2026-03-29,Bronze
C08200,Larry,Lopez,stephenmoreno@example.net,Ottawa,Ontario,2025-12-10,Bronze
C08201,Jason,Bruce,kelseythompson@example.com,Brampton,Ontario,2024-12-24,Bronze
C08202,Jodi,Romero,pwright@example.org,Ottawa,Ontario,2024-04-28,Silver
C08203,Brian,Hernandez,harrisandre@example.com,Toronto,Ontario,2026-04-15,Bronze
C08204,Marissa,Miller,yfrost@example.org,Brampton,Ontario,2022-12-07,Silver
C08205,Kristin,Vazquez,angela24@example.com,Calgary,Alberta,2021-09-25,Bronze
C08206,James,Klein,erika75@example.org,Hamilton,Ontario,2024-05-28,Bronze
C08207,Brian,Hunter,allisonharvey@example.org,Mississauga,Ontario,2026-01-22,Bronze
C08208,Jose,White,ernestjohnson@example.com,Brampton,Ontario,2023-03-06,Silver
C08209,Natalie,Stewart,garyrosario@example.org,Brampton,Ontario,2024-02-10,Bronze
C08210,Amanda,Torres,justin13@example.com,Toronto,Ontario,2026-03-16,Silver
C08211,Kimberly,Green,stevenhubbard@example.org,Toronto,Ontario,2026-06-07,Silver
C08212,Alexis,Hamilton,chandlererin@example.com,Toronto,Ontario,2024-02-16,Bronze
C08213,Jason,Martin,jessica96@example.org,Ottawa,Ontario,2023-03-18,Bronze
C08214,Lisa,Brewer,alan75@example.com,Ottawa,Ontario,2024-11-25,Silver
C08215,Jill,Moss,keith12@example.org,Ottawa,Ontario,2022-05-14,Silver
C08216,Katie,Tucker,emma28@example.org,Edmonton,Alberta,2022-10-08,Bronze
C08217,Ashley,Castaneda,shirleyknight@example.net,Ottawa,Ontario,2022-10-06,Silver
C08218,Marie,Cox,millercheryl@example.net,Hamilton,Ontario,2025-10-29,Bronze
C08219,John,Collier,michael62@example.net,Ottawa,Ontario,2024-05-20,Silver
C08220,Dylan,Brown,hensleydiane@example.org,Mississauga,Ontario,2026-02-01,Gold
C08221,Elizabeth,Gonzalez,daniellesmith@example.org,Toronto,Ontario,2023-11-04,Bronze
C08222,Heather,Garcia,levinevalerie@example.com,Calgary,Alberta,2022-03-01,Silver
C08223,Donna,Thomas,caitlynwaters@example.org,Ottawa,Ontario,2024-09-25,Gold
C08224,Michael,Peters,ojenkins@example.net,Edmonton,Alberta,2026-01-14,Bronze
C08225,Hannah,Odonnell,matthewssara@example.org,Ottawa,Ontario,2021-08-06,Gold
C08226,Clifford,Shannon,opeterson@example.com,Vancouver,British Columbia,2026-03-27,Bronze
C08227,Ashley,Ferguson,rodneywallace@example.net,Calgary,Alberta,2023-08-04,Silver
C08228,Calvin,Smith,ekrause@example.org,Vancouver,British Columbia,2025-11-28,Bronze
C08229,Alyssa,Coleman,melissastewart@example.net,Vancouver,British Columbia,2022-02-20,Bronze
C08230,Anthony,Sanders,michaelwest@example.org,Ottawa,Ontario,2025-08-01,Gold
C08231,Joshua,Arellano,jocelynmack@example.com,Brampton,Ontario,2024-07-08,Silver
C08232,Michael,Haley,timothykennedy@example.com,Mississauga,Ontario,2022-09-25,Silver
C08233,George,Smith,sgarcia@example.net,Ottawa,Ontario,2021-10-26,Silver
C08234,Mark,Bowman,rsimmons@example.net,Ottawa,Ontario,2023-08-09,Bronze
C08235,Mary,Scott,lwilson@example.net,Brampton,Ontario,2023-05-28,Bronze
C08236,Margaret,Adams,johnsonjohn@example.org,Calgary,Alberta,2022-01-26,Bronze
C08237,Summer,Hendricks,btran@example.org,Ottawa,Ontario,2026-01-27,Silver
C08238,Maria,Lee,josephstark@example.net,Mississauga,Ontario,2025-07-20,Gold
C08239,Seth,Reynolds,mccoyneil@example.net,Ottawa,Ontario,2025-07-16,Bronze
C08240,Heidi,Smith,gonzalesrandall@example.net,Brampton,Ontario,2021-12-29,Bronze
C08241,Anthony,Murphy,davidorozco@example.net,Edmonton,Alberta,2024-07-18,Bronze
C08242,Derrick,Ibarra,kylereyes@example.net,Ottawa,Ontario,2024-07-02,Bronze
C08243,David,Torres,lleonard@example.org,Toronto,Ontario,2023-03-15,Silver
C08244,Robert,Good,samanthamorales@example.com,Hamilton,Ontario,2023-05-27,Silver
C08245,Charles,Baker,stephenkent@example.org,Ottawa,Ontario,2022-08-24,Gold
C08246,Vanessa,Howard,xingram@example.com,Edmonton,Alberta,2024-08-11,Bronze
C08247,Melanie,Rollins,matthewhenry@example.net,Ottawa,Ontario,2022-07-25,Bronze
C08248,Alicia,Mack,james69@example.net,Brampton,Ontario,2025-11-15,Bronze
C08249,Jennifer,Carlson,lewisbrittany@example.com,Brampton,Ontario,2022-12-09,Bronze
C08250,Daniel,Adams,colemanmichelle@example.com,Hamilton,Ontario,2026-03-14,Bronze
C08251,Jocelyn,Keller,stevensbruce@example.net,Calgary,Alberta,2022-04-19,Bronze
C08252,Jonathan,Rangel,krystal49@example.org,Mississauga,Ontario,2021-08-24,Bronze
C08253,Patricia,Butler,janet21@example.org,Hamilton,Ontario,2023-04-07,Silver
C08254,Jennifer,Irwin,christopherodonnell@example.net,Hamilton,Ontario,2022-07-13,Bronze
C08255,Jeffrey,Harris,fschmidt@example.org,Toronto,Ontario,2026-03-03,Bronze
C08256,James,Robinson,edwardsshane@example.org,Vancouver,British Columbia,2022-06-25,Silver
C08257,William,Martinez,james98@example.net,Toronto,Ontario,2024-07-25,Silver
C08258,Jeremy,Williams,jamesharrison@example.net,Calgary,Alberta,2022-06-14,Gold
C08259,Brandon,York,jonathonterry@example.com,Calgary,Alberta,2021-10-21,Bronze
C08260,Ronald,Bryant,joshuareynolds@example.net,Vancouver,British Columbia,2025-10-13,Bronze
C08261,Shelly,Bond,michelle13@example.com,Mississauga,Ontario,2026-06-27,Bronze
C08262,Christopher,Buchanan,hollandlaura@example.org,Vancouver,British Columbia,2024-05-28,Gold
C08263,Sara,Sanders,michele54@example.org,Brampton,Ontario,2023-08-29,Silver
C08264,Emily,Myers,hensonsusan@example.net,Vancouver,British Columbia,2024-07-19,Gold
C08265,Christian,Hunt,mikelewis@example.net,Toronto,Ontario,2026-04-03,Bronze
C08266,Dale,Cox,kgibson@example.net,Calgary,Alberta,2023-11-28,Silver
C08267,Brian,Casey,wstanley@example.net,Ottawa,Ontario,2024-06-16,Bronze
C08268,Lauren,Smith,richard24@example.net,Brampton,Ontario,2025-08-03,Bronze
C08269,Zachary,Kim,tcarson@example.net,Vancouver,British Columbia,2026-03-12,Bronze
C08270,Tracey,Kennedy,qcook@example.net,Calgary,Alberta,2022-09-29,Bronze
C08271,Ashley,Moreno,mckenzie32@example.net,Ottawa,Ontario,2024-02-15,Bronze
C08272,Renee,Wilson,stevenlowery@example.com,Hamilton,Ontario,2022-01-15,Bronze
C08273,Michael,Hoover,miagordon@example.org,Calgary,Alberta,2024-02-22,Bronze
C08274,Cathy,Garcia,amber69@example.org,Toronto,Ontario,2022-10-07,Silver
C08275,Thomas,Ward,garrettkayla@example.net,Calgary,Alberta,2021-09-28,Silver
C08276,Stephanie,Cantrell,carolyn10@example.net,Ottawa,Ontario,2025-09-10,Silver
C08277,Andrea,Hawkins,russellfrancis@example.net,Calgary,Alberta,2025-02-11,Silver
C08278,Collin,Adams,yhenderson@example.net,Edmonton,Alberta,2023-08-26,Gold
C08279,Bobby,Kelley,xlyons@example.org,Calgary,Alberta,2025-12-12,Bronze
C08280,Corey,Lloyd,joseph25@example.com,Edmonton,Alberta,2022-08-30,Bronze
C08281,Robert,Mclaughlin,gjones@example.net,Ottawa,Ontario,2024-10-25,Gold
C08282,Steven,Aguilar,gloriapeterson@example.org,Edmonton,Alberta,2023-08-24,Gold
C08283,Sean,Daniel,elizabethjensen@example.net,Brampton,Ontario,2025-02-17,Bronze
C08284,Autumn,Castro,kellymanning@example.org,Toronto,Ontario,2026-07-14,Bronze
C08285,Nancy,Lopez,caseylopez@example.com,Brampton,Ontario,2023-08-10,Silver
C08286,Timothy,Crosby,justin55@example.org,Edmonton,Alberta,2023-10-02,Bronze
C08287,Jennifer,Jacobs,david28@example.net,Brampton,Ontario,2022-03-22,Gold
C08288,Carlos,Juarez,onorton@example.org,Brampton,Ontario,2022-09-17,Gold
C08289,Michael,Goodwin,amyadams@example.org,Ottawa,Ontario,2024-08-14,Silver
C08290,Matthew,Carter,briana15@example.net,Ottawa,Ontario,2022-11-30,Silver
C08291,Judith,Johnson,madison94@example.org,Vancouver,British Columbia,2022-02-27,Bronze
C08292,Samantha,Salazar,willisdanielle@example.org,Edmonton,Alberta,2021-12-03,Gold
C08293,Amber,Powell,lfitzgerald@example.com,Brampton,Ontario,2024-12-07,Gold
C08294,Frederick,Chavez,ukhan@example.net,Ottawa,Ontario,2022-01-08,Gold
C08295,Brooke,Hamilton,stephensanthony@example.org,Calgary,Alberta,2023-12-01,Bronze
C08296,Morgan,Hutchinson,zbarrett@example.net,Vancouver,British Columbia,2024-10-20,Bronze
C08297,Monica,Best,michaelsantana@example.org,Brampton,Ontario,2025-09-01,Silver
C08298,Jacob,Nelson,saramiddleton@example.net,Ottawa,Ontario,2025-02-15,Bronze
C08299,David,Willis,melissa99@example.com,Brampton,Ontario,2026-05-02,Bronze
C08300,Amber,Campbell,brennanjames@example.org,Calgary,Alberta,2023-01-30,Silver
C08301,Jonathan,Nelson,jillbush@example.net,Toronto,Ontario,2023-10-29,Silver
C08302,Katherine,Campbell,qschroeder@example.org,Edmonton,Alberta,2023-07-06,Bronze
C08303,Sarah,Herman,wilsonheather@example.net,Mississauga,Ontario,2023-10-21,Bronze
C08304,Abigail,Thompson,tgibbs@example.net,Ottawa,Ontario,2023-01-27,Bronze
C08305,Daniel,Taylor,zsellers@example.net,Ottawa,Ontario,2026-04-17,Bronze
C08306,Timothy,Curtis,nancy44@example.org,Hamilton,Ontario,2022-07-30,Bronze
C08307,Michael,Holland,judy82@example.net,Calgary,Alberta,2025-11-22,Bronze
C08308,Hannah,Davis,pennywalker@example.org,Mississauga,Ontario,2025-11-23,Bronze
C08309,Rebecca,Jensen,torreskatherine@example.org,Hamilton,Ontario,2024-06-28,Silver
C08310,Julie,Wood,braunshawn@example.net,Ottawa,Ontario,2023-06-14,Silver
C08311,Richard,Coleman,mirandacobb@example.org,Vancouver,British Columbia,2023-04-09,Bronze
C08312,Jill,Wagner,paul12@example.net,Toronto,Ontario,2021-11-26,Bronze
C08313,Lisa,Page,thomasmcdonald@example.org,Calgary,Alberta,2023-07-26,Bronze
C08314,Nicholas,Pratt,nicholasliu@example.com,Ottawa,Ontario,2021-12-29,Silver
C08315,James,Schmidt,speterson@example.net,Mississauga,Ontario,2023-02-23,Bronze
C08316,Patrick,Walker,hansonstacey@example.net,Hamilton,Ontario,2025-11-13,Bronze
C08317,Michelle,Douglas,tamara21@example.net,Vancouver,British Columbia,2025-09-13,Bronze
C08318,Scott,David,xhale@example.org,Mississauga,Ontario,2023-07-06,Bronze
C08319,Ryan,Harrell,shane56@example.org,Ottawa,Ontario,2024-03-07,Silver
C08320,Michael,Russell,stevennichols@example.org,Hamilton,Ontario,2022-03-21,Silver
C08321,Ryan,Bradshaw,jamesricardo@example.com,Vancouver,British Columbia,2022-04-03,Bronze
C08322,Michael,Hill,colemancasey@example.net,Mississauga,Ontario,2023-03-14,Silver
C08323,Michelle,Jimenez,smiththomas@example.org,Vancouver,British Columbia,2024-02-10,Bronze
C08324,David,Owens,tcopeland@example.com,Calgary,Alberta,2025-10-20,Bronze
C08325,Janet,Gregory,michaelharris@example.com,Toronto,Ontario,2021-09-07,Bronze
C08326,Jasmine,Wood,gregory66@example.com,Ottawa,Ontario,2025-08-14,Bronze
C08327,Miranda,Morgan,donald02@example.net,Brampton,Ontario,2024-03-17,Gold
C08328,Jeremy,Miller,michael24@example.com,Mississauga,Ontario,2023-06-07,Bronze
C08329,Melissa,Higgins,virginiacombs@example.com,Hamilton,Ontario,2021-11-20,Gold
C08330,Lauren,Nash,kaitlyn13@example.org,Hamilton,Ontario,2024-08-27,Bronze
C08331,Adrian,Shaw,todd17@example.org,Vancouver,British Columbia,2024-08-05,Silver
C08332,Samantha,Williams,martinezlisa@example.net,Calgary,Alberta,2025-03-30,Bronze
C08333,Antonio,Doyle,qjones@example.org,Mississauga,Ontario,2021-08-19,Gold
C08334,Shane,Choi,gwilson@example.org,Vancouver,British Columbia,2023-08-25,Bronze
C08335,Antonio,Mitchell,perezmiguel@example.org,Ottawa,Ontario,2021-09-12,Bronze
C08336,Megan,Woods,cassiecarter@example.com,Ottawa,Ontario,2025-02-11,Bronze
C08337,Michele,Hernandez,ian04@example.org,Ottawa,Ontario,2023-09-05,Bronze
C08338,Nathaniel,Chase,michelle06@example.com,Ottawa,Ontario,2022-08-23,Bronze
C08339,Mackenzie,Elliott,david35@example.org,Hamilton,Ontario,2023-08-06,Bronze
C08340,Mark,Williams,justinjohnson@example.org,Mississauga,Ontario,2024-11-12,Bronze
C08341,Melissa,Leonard,anthony15@example.org,Mississauga,Ontario,2024-01-03,Silver
C08342,Brittany,Russell,garciajade@example.org,Mississauga,Ontario,2022-06-28,Bronze
C08343,Michael,Bender,daltonreynolds@example.net,Edmonton,Alberta,2025-05-05,Silver
C08344,Robert,Gonzalez,sfowler@example.com,Ottawa,Ontario,2024-08-01,Silver
C08345,Tyler,Clark,mcculloughjohn@example.com,Brampton,Ontario,2021-12-07,Silver
C08346,James,Villarreal,zhopkins@example.com,Ottawa,Ontario,2025-04-16,Bronze
C08347,Alexander,Lewis,ashley71@example.com,Mississauga,Ontario,2025-06-28,Bronze
C08348,Paula,Lee,williamsjennifer@example.com,Calgary,Alberta,2022-01-26,Silver
C08349,April,Barron,owensjohn@example.net,Vancouver,British Columbia,2022-06-18,Silver
C08350,Noah,Richardson,melvinperez@example.org,Calgary,Alberta,2025-12-04,Bronze
C08351,Tamara,Bennett,rcurtis@example.net,Mississauga,Ontario,2026-03-21,Silver
C08352,Justin,Newton,jasmine96@example.net,Vancouver,British Columbia,2023-11-25,Bronze
C08353,Thomas,Flores,dominiquerowe@example.com,Edmonton,Alberta,2022-11-24,Bronze
C08354,Sandra,Woodard,harrislacey@example.net,Mississauga,Ontario,2023-12-14,Silver
C08355,Jared,Cole,robinmatthews@example.net,Brampton,Ontario,2026-02-26,Bronze
C08356,Tracy,Wallace,christinagray@example.net,Edmonton,Alberta,2022-05-21,Bronze
C08357,Norman,Thomas,jcollins@example.com,Calgary,Alberta,2024-06-25,Bronze
C08358,William,Dominguez,jennifer25@example.com,Edmonton,Alberta,2026-01-09,Bronze
C08359,Katherine,Clark,matthewburns@example.net,Calgary,Alberta,2021-07-30,Bronze
C08360,Stephanie,Martin,schmidtshari@example.net,Vancouver,British Columbia,2025-07-16,Silver
C08361,Christine,Charles,darrell33@example.org,Toronto,Ontario,2022-01-23,Bronze
C08362,Brittany,Carr,sbrown@example.net,Hamilton,Ontario,2022-04-16,Silver
C08363,Bonnie,Contreras,zkelly@example.net,Hamilton,Ontario,2024-11-07,Bronze
C08364,Hunter,Koch,hannaharias@example.com,Edmonton,Alberta,2022-01-27,Gold
C08365,Danny,Murray,veronicaprice@example.net,Mississauga,Ontario,2022-04-21,Bronze
C08366,Robin,Mack,weeksraymond@example.net,Vancouver,British Columbia,2023-08-09,Bronze
C08367,Nathan,Kane,ericmoore@example.net,Hamilton,Ontario,2025-01-27,Silver
C08368,Bonnie,Tucker,janet34@example.org,Calgary,Alberta,2026-06-15,Silver
C08369,Justin,Costa,afarley@example.org,Ottawa,Ontario,2025-05-08,Gold
C08370,Brian,Duran,michael92@example.net,Brampton,Ontario,2022-10-02,Silver
C08371,Joshua,Ward,whitelucas@example.com,Calgary,Alberta,2022-10-07,Silver
C08372,Ronnie,Perez,fuentesjohn@example.net,Ottawa,Ontario,2023-10-15,Bronze
C08373,Lisa,Brown,andrew94@example.com,Calgary,Alberta,2026-03-19,Gold
C08374,Heather,Ryan,jamie51@example.net,Hamilton,Ontario,2025-11-09,Bronze
C08375,Fred,Warren,schen@example.com,Toronto,Ontario,2025-03-31,Bronze
C08376,Albert,Douglas,hgallagher@example.net,Toronto,Ontario,2026-02-18,Silver
C08377,Cheryl,Martin,robinperez@example.net,Vancouver,British Columbia,2024-12-12,Bronze
C08378,Crystal,Johnson,stefanieharris@example.org,Ottawa,Ontario,2024-03-13,Bronze
C08379,Dale,Clark,jacksonjonathan@example.net,Toronto,Ontario,2025-05-14,Bronze
C08380,Jennifer,Miller,victoria67@example.net,Brampton,Ontario,2024-02-05,Silver
C08381,Molly,Herring,carolynaustin@example.net,Ottawa,Ontario,2023-06-11,Bronze
C08382,Jill,Mckenzie,trujillotiffany@example.net,Mississauga,Ontario,2025-08-03,Bronze
C08383,Julie,Barber,brett90@example.org,Vancouver,British Columbia,2023-09-07,Bronze
C08384,Timothy,Whitehead,lwilliams@example.net,Brampton,Ontario,2022-08-18,Bronze
C08385,Sandra,Miranda,christopher90@example.com,Calgary,Alberta,2022-09-21,Bronze
C08386,Tanya,Marsh,jhicks@example.net,Ottawa,Ontario,2025-05-07,Bronze
C08387,Christina,Vazquez,gregorysmith@example.com,Hamilton,Ontario,2022-10-30,Bronze
C08388,Chelsea,Cox,phendrix@example.org,Toronto,Ontario,2024-08-08,Silver
C08389,Mark,Garrett,sscott@example.com,Calgary,Alberta,2025-01-16,Silver
C08390,Leah,Jones,johnnywalker@example.org,Ottawa,Ontario,2022-03-08,Bronze
C08391,Patrick,Mccarthy,xbutler@example.com,Vancouver,British Columbia,2026-06-18,Silver
C08392,Russell,Taylor,angela08@example.net,Brampton,Ontario,2024-08-31,Bronze
C08393,Diane,Lamb,anthony54@example.org,Ottawa,Ontario,2024-04-30,Bronze
C08394,Eric,Hale,ryanharris@example.com,Vancouver,British Columbia,2022-06-12,Gold
C08395,Peter,Thompson,omoon@example.net,Ottawa,Ontario,2023-12-21,Gold
C08396,Nicholas,Christensen,marystewart@example.net,Edmonton,Alberta,2023-09-28,Bronze
C08397,Rodney,Huang,lisawalker@example.net,Calgary,Alberta,2022-07-11,Silver
C08398,Donna,Mccoy,jamesashley@example.com,Ottawa,Ontario,2024-01-08,Silver
C08399,Shirley,Mcclure,elizabeth11@example.org,Hamilton,Ontario,2024-01-04,Bronze
C08400,Michelle,Montoya,cooperemily@example.net,Vancouver,British Columbia,2024-10-14,Gold
C08401,Nicole,Martinez,debraberry@example.org,Brampton,Ontario,2022-07-22,Bronze
C08402,Michael,Salinas,jennifervillegas@example.net,Vancouver,British Columbia,2026-06-28,Bronze
C08403,Dominique,Hudson,blackwellzachary@example.com,Vancouver,British Columbia,2026-07-09,Bronze
C08404,Tami,Sweeney,carsonkevin@example.org,Edmonton,Alberta,2022-09-28,Bronze
C08405,Denise,Ibarra,victoriabuckley@example.net,Vancouver,British Columbia,2022-02-19,Bronze
C08406,Kathleen,Carroll,gonzalezcynthia@example.com,Edmonton,Alberta,2025-01-15,Bronze
C08407,James,Rios,davidtorres@example.com,Ottawa,Ontario,2024-03-23,Bronze
C08408,Emily,Bartlett,padillapatrick@example.com,Hamilton,Ontario,2026-01-29,Silver
C08409,Matthew,Neal,oglass@example.net,Toronto,Ontario,2024-11-10,Bronze
C08410,Aaron,Jones,andrewbowen@example.org,Vancouver,British Columbia,2023-11-11,Silver
C08411,Donna,Hudson,nicholsmorgan@example.org,Edmonton,Alberta,2023-05-07,Silver
C08412,Brenda,Jackson,cynthiaavery@example.net,Calgary,Alberta,2026-03-19,Bronze
C08413,Grace,Harris,farrellsally@example.net,Mississauga,Ontario,2022-05-15,Bronze
C08414,Teresa,Smith,rogersmark@example.com,Brampton,Ontario,2022-12-18,Bronze
C08415,Blake,Johnson,phillipjordan@example.net,Mississauga,Ontario,2022-12-17,Silver
C08416,Richard,Sanchez,chenchristopher@example.com,Hamilton,Ontario,2023-09-30,Bronze
C08417,Ian,Turner,olin@example.net,Brampton,Ontario,2022-12-17,Bronze
C08418,Elizabeth,Horton,whess@example.com,Vancouver,British Columbia,2026-04-20,Gold
C08419,Jeremy,Chan,gonzalezemily@example.net,Edmonton,Alberta,2024-11-14,Silver
C08420,Phillip,Ware,vwilliams@example.net,Vancouver,British Columbia,2022-01-14,Silver
C08421,Amanda,Rodriguez,sarah00@example.net,Brampton,Ontario,2025-07-29,Silver
C08422,Matthew,Kennedy,amanda97@example.com,Ottawa,Ontario,2022-04-04,Silver
C08423,Gabriel,Stephens,davisdestiny@example.org,Toronto,Ontario,2025-08-30,Bronze
C08424,Donald,Anderson,levimiller@example.net,Ottawa,Ontario,2022-10-11,Bronze
C08425,Aaron,Holmes,montoyaanthony@example.net,Vancouver,British Columbia,2025-09-11,Bronze
C08426,Brianna,Perez,colton98@example.net,Vancouver,British Columbia,2025-11-12,Bronze
C08427,Sarah,Davis,brownjasmine@example.org,Hamilton,Ontario,2024-10-25,Bronze
C08428,Heather,Dennis,john92@example.net,Ottawa,Ontario,2024-07-20,Bronze
C08429,Mark,Harmon,snyderrobin@example.net,Calgary,Alberta,2023-03-20,Bronze
C08430,Terry,Grant,yolandaharris@example.com,Hamilton,Ontario,2024-06-23,Bronze
C08431,Austin,Jackson,wrichardson@example.org,Edmonton,Alberta,2026-01-19,Silver
C08432,Laura,Avery,andrew99@example.net,Calgary,Alberta,2024-06-25,Bronze
C08433,Kyle,Hall,jenniferadams@example.com,Ottawa,Ontario,2023-08-17,Bronze
C08434,Karen,Cross,thunt@example.net,Mississauga,Ontario,2026-07-26,Bronze
C08435,Eileen,Brown,echen@example.org,Toronto,Ontario,2022-11-04,Bronze
C08436,Erin,Gates,sanchezjohnathan@example.org,Edmonton,Alberta,2024-11-08,Bronze
C08437,Gregory,Olson,wadealex@example.org,Ottawa,Ontario,2022-10-31,Bronze
C08438,Sarah,Jackson,oallen@example.org,Ottawa,Ontario,2026-06-01,Silver
C08439,Matthew,Robinson,benjamin54@example.org,Ottawa,Ontario,2026-04-01,Bronze
C08440,Jennifer,Hansen,caroldiaz@example.com,Hamilton,Ontario,2025-03-30,Gold
C08441,Barbara,King,beckercatherine@example.com,Edmonton,Alberta,2024-11-12,Bronze
C08442,Timothy,Sawyer,amyreynolds@example.net,Mississauga,Ontario,2023-12-18,Bronze
C08443,Anthony,Vaughn,ashley39@example.net,Calgary,Alberta,2025-01-17,Bronze
C08444,Victoria,Bennett,riveramichael@example.com,Brampton,Ontario,2024-09-28,Silver
C08445,James,Gray,martinmelissa@example.org,Vancouver,British Columbia,2025-06-04,Bronze
C08446,Danielle,Reyes,gmoore@example.net,Brampton,Ontario,2026-03-22,Bronze
C08447,Robert,Hart,blakealicia@example.net,Brampton,Ontario,2021-11-08,Gold
C08448,Kelly,Collins,ashleybrewer@example.org,Vancouver,British Columbia,2022-11-16,Bronze
C08449,Christine,Pope,jacob70@example.com,Vancouver,British Columbia,2026-02-11,Silver
C08450,Brianna,Johnston,wardsara@example.com,Hamilton,Ontario,2024-01-21,Bronze
C08451,Michael,Mckinney,wellsbeth@example.org,Toronto,Ontario,2024-02-16,Gold
C08452,Charles,Ryan,evelyncarlson@example.com,Hamilton,Ontario,2024-12-04,Bronze
C08453,Danielle,Norton,azuniga@example.net,Hamilton,Ontario,2025-04-05,Bronze
C08454,Peter,Richardson,hallchristine@example.net,Mississauga,Ontario,2026-04-22,Silver
C08455,Danny,Ramirez,alan06@example.com,Toronto,Ontario,2026-06-18,Bronze
C08456,Daniel,Krause,ereed@example.com,Brampton,Ontario,2025-09-28,Silver
C08457,Candace,Davis,brettmcguire@example.org,Brampton,Ontario,2025-05-23,Gold
C08458,Charles,Cooper,nancy95@example.net,Toronto,Ontario,2025-04-16,Gold
C08459,Crystal,Monroe,iherman@example.com,Hamilton,Ontario,2025-01-20,Bronze
C08460,Brian,Forbes,kelly51@example.net,Vancouver,British Columbia,2021-08-26,Silver
C08461,Andrew,Bryan,melissa66@example.org,Calgary,Alberta,2024-05-15,Silver
C08462,Diane,Lopez,nicoleevans@example.com,Calgary,Alberta,2022-06-19,Bronze
C08463,Phillip,Skinner,richard81@example.net,Calgary,Alberta,2025-04-26,Bronze
C08464,Paul,Rodriguez,stephaniedowns@example.net,Calgary,Alberta,2025-02-08,Silver
C08465,Keith,Brown,rileyphillips@example.org,Edmonton,Alberta,2025-02-11,Bronze
C08466,Melissa,Jensen,mgarcia@example.com,Calgary,Alberta,2023-07-03,Gold
C08467,Kristopher,Howard,carrie33@example.com,Toronto,Ontario,2021-10-26,Bronze
C08468,James,Downs,morgan61@example.net,Calgary,Alberta,2025-03-06,Bronze
C08469,Anita,Crawford,davidfisher@example.net,Calgary,Alberta,2024-07-07,Bronze
C08470,Richard,Cox,bakermark@example.org,Vancouver,British Columbia,2024-05-05,Bronze
C08471,Adam,Andrews,david45@example.com,Hamilton,Ontario,2024-02-16,Bronze
C08472,Dawn,Ramirez,tcruz@example.org,Calgary,Alberta,2024-02-04,Bronze
C08473,Brooke,Hudson,amy85@example.net,Brampton,Ontario,2025-11-20,Silver
C08474,Katherine,Brown,woodsallen@example.org,Mississauga,Ontario,2026-07-23,Silver
C08475,Karina,Jones,marc23@example.org,Edmonton,Alberta,2023-04-16,Gold
C08476,Katelyn,Lucas,agonzales@example.com,Toronto,Ontario,2022-02-14,Bronze
C08477,Theresa,Warren,crystalwilliams@example.com,Ottawa,Ontario,2021-08-12,Bronze
C08478,William,Leonard,ericamiller@example.net,Brampton,Ontario,2024-01-09,Silver
C08479,Lori,Martin,perezphilip@example.net,Ottawa,Ontario,2023-01-05,Silver
C08480,Aaron,Burnett,rlowery@example.org,Brampton,Ontario,2023-08-11,Silver
C08481,Joseph,Pierce,michael25@example.org,Mississauga,Ontario,2025-07-16,Silver
C08482,Joseph,Allen,michelle88@example.com,Edmonton,Alberta,2022-10-03,Bronze
C08483,Paul,Sanders,waltonandre@example.com,Mississauga,Ontario,2024-06-14,Bronze
C08484,Jeffrey,Richardson,dianepeterson@example.com,Calgary,Alberta,2026-04-18,Gold
C08485,Christopher,Mitchell,idavis@example.com,Toronto,Ontario,2025-12-17,Bronze
C08486,James,Lee,astein@example.net,Calgary,Alberta,2023-12-17,Bronze
C08487,Lauren,Fisher,ycarter@example.net,Brampton,Ontario,2021-09-13,Bronze
C08488,Ronald,Thompson,vadams@example.net,Ottawa,Ontario,2024-12-02,Bronze
C08489,Brittany,Jackson,jessicasummers@example.net,Mississauga,Ontario,2025-03-10,Bronze
C08490,Elizabeth,Garcia,imcconnell@example.com,Calgary,Alberta,2022-11-17,Silver
C08491,Jeff,Wright,chloe02@example.org,Edmonton,Alberta,2025-06-16,Gold
C08492,Daniel,Jones,michelledaniel@example.net,Toronto,Ontario,2025-10-16,Bronze
C08493,Megan,Mathews,donna39@example.com,Ottawa,Ontario,2025-04-17,Bronze
C08494,Ian,Morales,russell45@example.org,Mississauga,Ontario,2025-12-22,Bronze
C08495,Ashley,Diaz,ashley10@example.org,Ottawa,Ontario,2026-04-06,Bronze
C08496,Kelly,Taylor,mooredaniel@example.net,Toronto,Ontario,2023-08-30,Silver
C08497,Bridget,Pope,hebertmelanie@example.org,Toronto,Ontario,2026-01-05,Gold
C08498,Christopher,Mitchell,heberteric@example.com,Hamilton,Ontario,2025-11-28,Gold
C08499,Sean,Garcia,johntucker@example.org,Brampton,Ontario,2021-08-07,Silver
C08500,Christina,Watson,sjennings@example.com,Hamilton,Ontario,2025-03-01,Silver
C08501,Raymond,Evans,andrew11@example.org,Vancouver,British Columbia,2023-05-04,Silver
C08502,John,Harrison,dromero@example.net,Mississauga,Ontario,2022-12-16,Bronze
C08503,Tyrone,Boyer,lisa79@example.com,Vancouver,British Columbia,2022-05-11,Bronze
C08504,Brandon,Montoya,carlsontyler@example.org,Ottawa,Ontario,2023-03-19,Silver
C08505,Kevin,Patel,cthompson@example.org,Vancouver,British Columbia,2024-01-16,Bronze
C08506,Timothy,Rodriguez,mmoore@example.net,Calgary,Alberta,2022-06-08,Silver
C08507,Alexander,Cox,ycastro@example.net,Calgary,Alberta,2024-12-31,Bronze
C08508,Robert,Buck,brianvargas@example.com,Hamilton,Ontario,2025-05-24,Bronze
C08509,Susan,Perez,romerojeffrey@example.com,Calgary,Alberta,2025-10-09,Bronze
C08510,Michael,Ramirez,laura90@example.com,Hamilton,Ontario,2026-05-17,Silver
C08511,Eric,Mendoza,nataliemartin@example.com,Mississauga,Ontario,2022-01-19,Silver
C08512,Mark,Dougherty,christopher97@example.org,Mississauga,Ontario,2024-06-07,Silver
C08513,Anthony,Martin,jenniferwatson@example.net,Hamilton,Ontario,2023-12-28,Silver
C08514,Michael,Lewis,daniel86@example.net,Mississauga,Ontario,2023-04-24,Silver
C08515,Jose,Hicks,mario08@example.com,Toronto,Ontario,2024-01-04,Bronze
C08516,Lynn,Brewer,butlerbarbara@example.com,Edmonton,Alberta,2024-06-23,Silver
C08517,Jimmy,Weiss,brandon64@example.com,Vancouver,British Columbia,2022-06-19,Bronze
C08518,Benjamin,Brown,xjackson@example.net,Ottawa,Ontario,2024-11-07,Bronze
C08519,Kimberly,Hoffman,cmayer@example.org,Calgary,Alberta,2021-12-30,Bronze
C08520,Eric,Carroll,mullinssandra@example.net,Vancouver,British Columbia,2025-07-02,Bronze
C08521,Brenda,Gonzalez,erichill@example.net,Calgary,Alberta,2023-10-16,Bronze
C08522,Rachel,Liu,stanley52@example.org,Mississauga,Ontario,2025-07-24,Silver
C08523,Matthew,Long,dustin05@example.com,Edmonton,Alberta,2025-10-13,Gold
C08524,Craig,Green,kelly94@example.com,Hamilton,Ontario,2021-09-02,Bronze
C08525,Benjamin,Bradshaw,cynthia49@example.org,Brampton,Ontario,2025-08-02,Silver
C08526,Timothy,Gomez,belinda98@example.org,Brampton,Ontario,2026-04-29,Silver
C08527,Susan,Fuller,martinsean@example.net,Mississauga,Ontario,2025-12-13,Bronze
C08528,Penny,Smith,paulsmith@example.com,Vancouver,British Columbia,2022-01-15,Bronze
C08529,Sheila,Klein,jbradley@example.com,Toronto,Ontario,2023-05-20,Silver
C08530,Suzanne,Nelson,lamdavid@example.org,Brampton,Ontario,2025-09-20,Bronze
C08531,Richard,Patrick,christophershepherd@example.com,Calgary,Alberta,2026-05-01,Bronze
C08532,Toni,Berry,richard01@example.com,Brampton,Ontario,2025-07-28,Silver
C08533,Craig,Johnson,trussell@example.org,Vancouver,British Columbia,2024-12-05,Bronze
C08534,Ashley,Dixon,eric62@example.net,Brampton,Ontario,2023-07-01,Silver
C08535,Peter,Lucas,benjamindavis@example.com,Mississauga,Ontario,2023-12-21,Bronze
C08536,Daniel,Roberts,deborahtrevino@example.com,Ottawa,Ontario,2025-04-02,Bronze
C08537,Donna,Cook,dennisstephen@example.net,Brampton,Ontario,2025-10-31,Bronze
C08538,Kristen,Joseph,cynthiamarshall@example.net,Edmonton,Alberta,2024-05-18,Bronze
C08539,Victor,Bender,uburton@example.net,Brampton,Ontario,2022-03-01,Silver
C08540,Jessica,Garcia,gchapman@example.org,Mississauga,Ontario,2025-12-01,Silver
C08541,Elizabeth,Vang,huntercindy@example.net,Brampton,Ontario,2025-04-13,Silver
C08542,Richard,Mitchell,lgibson@example.net,Hamilton,Ontario,2026-03-01,Silver
C08543,John,Lambert,smithcole@example.net,Toronto,Ontario,2024-12-15,Bronze
C08544,Emily,Clark,jason63@example.com,Mississauga,Ontario,2025-06-27,Silver
C08545,Valerie,Wheeler,imartin@example.org,Edmonton,Alberta,2025-06-29,Bronze
C08546,Terri,Ryan,qball@example.com,Vancouver,British Columbia,2024-11-02,Bronze
C08547,David,Johnson,mary73@example.net,Brampton,Ontario,2025-02-19,Bronze
C08548,Martin,Haas,lopezmatthew@example.com,Hamilton,Ontario,2021-12-22,Bronze
C08549,David,Case,murphytimothy@example.com,Edmonton,Alberta,2023-07-27,Bronze
C08550,Thomas,Garcia,robertgonzalez@example.org,Mississauga,Ontario,2025-03-30,Bronze
C08551,Peter,Robinson,janicenichols@example.com,Hamilton,Ontario,2022-05-14,Bronze
C08552,Chase,Long,gramirez@example.net,Calgary,Alberta,2026-06-18,Bronze
C08553,Vanessa,Sawyer,ucox@example.net,Mississauga,Ontario,2024-09-27,Bronze
C08554,Deborah,Boyd,gabriella90@example.net,Ottawa,Ontario,2025-07-12,Silver
C08555,Steven,Gibson,wburke@example.com,Mississauga,Ontario,2024-01-10,Bronze
C08556,Sabrina,Osborne,brooke89@example.org,Vancouver,British Columbia,2022-02-02,Bronze
C08557,Ian,Bates,matthew21@example.org,Brampton,Ontario,2023-06-14,Bronze
C08558,Betty,Fuentes,clarence10@example.net,Hamilton,Ontario,2022-10-07,Silver
C08559,Alexandra,Snyder,jessica69@example.com,Hamilton,Ontario,2022-04-03,Bronze
C08560,James,Gray,williemartin@example.net,Calgary,Alberta,2026-04-13,Bronze
C08561,Dylan,Martin,mackenzienavarro@example.org,Vancouver,British Columbia,2022-11-23,Bronze
C08562,Jeffery,Chen,sjimenez@example.net,Mississauga,Ontario,2025-07-10,Bronze
C08563,Julie,Williams,whaney@example.com,Toronto,Ontario,2025-07-25,Silver
C08564,Vincent,Pena,sanchezchristine@example.com,Ottawa,Ontario,2026-05-09,Bronze
C08565,Jack,King,billysharp@example.org,Ottawa,Ontario,2021-07-29,Gold
C08566,Tammy,Roth,caitlin38@example.net,Edmonton,Alberta,2024-10-30,Bronze
C08567,Carol,Thornton,joseph70@example.net,Mississauga,Ontario,2024-03-31,Gold
C08568,Kevin,Anderson,johnsonsydney@example.net,Edmonton,Alberta,2023-01-11,Bronze
C08569,Sarah,Perkins,andrew45@example.org,Mississauga,Ontario,2025-11-28,Bronze
C08570,Edward,Lyons,ericacastillo@example.net,Mississauga,Ontario,2023-11-14,Silver
C08571,James,Williams,jermainebrown@example.org,Calgary,Alberta,2023-11-17,Bronze
C08572,Adam,Scott,nicole04@example.org,Calgary,Alberta,2021-11-11,Bronze
C08573,April,Lucero,dconner@example.com,Toronto,Ontario,2024-05-09,Silver
C08574,Tricia,Byrd,lynchjohn@example.org,Brampton,Ontario,2024-10-01,Silver
C08575,Richard,Parker,jeanette33@example.com,Calgary,Alberta,2024-05-29,Bronze
C08576,Bradley,Douglas,charleshammond@example.com,Toronto,Ontario,2024-10-20,Bronze
C08577,Michael,Keller,wagnerleslie@example.net,Ottawa,Ontario,2023-12-09,Bronze
C08578,Sarah,Brown,moraleskatherine@example.com,Brampton,Ontario,2024-03-05,Bronze
C08579,Jose,Morgan,benjaminwhitaker@example.com,Toronto,Ontario,2026-05-17,Bronze
C08580,Angela,Navarro,autumnkelly@example.org,Hamilton,Ontario,2024-05-16,Bronze
C08581,Katelyn,Nelson,samuelhurst@example.org,Brampton,Ontario,2024-10-07,Bronze
C08582,Sharon,Morales,qbowman@example.org,Ottawa,Ontario,2024-03-09,Gold
C08583,Michael,Martinez,ogolden@example.org,Calgary,Alberta,2021-11-03,Bronze
C08584,Blake,Clarke,joshuanelson@example.net,Mississauga,Ontario,2022-07-02,Bronze
C08585,Stacie,Rodriguez,michellescott@example.net,Edmonton,Alberta,2024-11-23,Silver
C08586,Jeffrey,Schmidt,greensharon@example.net,Ottawa,Ontario,2024-12-10,Bronze
C08587,Christine,Thomas,ckennedy@example.org,Calgary,Alberta,2025-06-27,Silver
C08588,Edward,Terrell,tmoore@example.net,Toronto,Ontario,2021-08-13,Silver
C08589,Erin,Reed,michael84@example.net,Toronto,Ontario,2024-12-19,Bronze
C08590,Jessica,Dillon,james14@example.com,Hamilton,Ontario,2026-03-23,Bronze
C08591,Laura,Smith,bmiller@example.org,Brampton,Ontario,2024-08-21,Bronze
C08592,Brittney,Burke,ikelly@example.org,Hamilton,Ontario,2023-08-23,Silver
C08593,Alice,Murphy,udavis@example.net,Edmonton,Alberta,2023-04-13,Silver
C08594,Michelle,Gutierrez,jessicagraves@example.com,Toronto,Ontario,2022-06-07,Silver
C08595,Katie,Torres,christophergriffin@example.com,Hamilton,Ontario,2022-07-18,Bronze
C08596,Makayla,Smith,alextaylor@example.org,Brampton,Ontario,2024-04-23,Silver
C08597,Christopher,Durham,xkey@example.net,Toronto,Ontario,2024-03-22,Bronze
C08598,Benjamin,Stevens,cshields@example.org,Mississauga,Ontario,2025-07-28,Silver
C08599,Melissa,Quinn,zgomez@example.net,Calgary,Alberta,2026-02-12,Bronze
C08600,Denise,Hamilton,davidward@example.com,Hamilton,Ontario,2026-06-29,Gold
C08601,Robert,Harper,qmercado@example.org,Edmonton,Alberta,2026-05-31,Bronze
C08602,Richard,Stout,jonathanchang@example.net,Brampton,Ontario,2024-02-24,Bronze
C08603,Cory,Thompson,hmcpherson@example.net,Ottawa,Ontario,2023-06-05,Silver
C08604,Cynthia,Avila,dkane@example.org,Calgary,Alberta,2025-04-15,Bronze
C08605,Adam,Long,reginaldpierce@example.com,Calgary,Alberta,2021-10-18,Bronze
C08606,Kayla,Rasmussen,kimberlykim@example.net,Edmonton,Alberta,2023-07-24,Bronze
C08607,Rachael,Flowers,jamie38@example.com,Edmonton,Alberta,2021-08-07,Bronze
C08608,Cassandra,Grant,karen61@example.net,Calgary,Alberta,2022-04-28,Silver
C08609,Ashley,Young,barneskelsey@example.com,Brampton,Ontario,2023-03-25,Bronze
C08610,Valerie,Andrews,sarah96@example.com,Mississauga,Ontario,2025-06-30,Silver
C08611,Susan,Hernandez,christopher19@example.net,Brampton,Ontario,2024-03-11,Silver
C08612,Manuel,Romero,jennifer73@example.com,Ottawa,Ontario,2025-12-01,Silver
C08613,Janice,Hill,brandi97@example.org,Vancouver,British Columbia,2022-09-03,Bronze
C08614,Terrence,Jackson,victorianeal@example.org,Hamilton,Ontario,2024-12-03,Bronze
C08615,Christopher,Navarro,pamela32@example.org,Vancouver,British Columbia,2022-01-29,Silver
C08616,Alexander,Davis,joshua71@example.com,Hamilton,Ontario,2022-01-27,Bronze
C08617,Adam,Knight,cfaulkner@example.com,Vancouver,British Columbia,2026-06-28,Silver
C08618,Erica,Gonzalez,roberta69@example.com,Hamilton,Ontario,2021-09-01,Silver
C08619,Steven,Bradley,sholden@example.org,Edmonton,Alberta,2024-08-23,Bronze
C08620,Pamela,Mills,ianderson@example.net,Vancouver,British Columbia,2024-12-15,Bronze
C08621,Paul,Ferguson,julie41@example.com,Toronto,Ontario,2022-11-14,Bronze
C08622,Judy,Hansen,calvarez@example.com,Edmonton,Alberta,2024-12-08,Silver
C08623,John,Miller,brettmullins@example.net,Vancouver,British Columbia,2024-07-15,Silver
C08624,Rachel,Adams,jenniferlogan@example.com,Edmonton,Alberta,2024-02-03,Silver
C08625,David,Smith,michael27@example.net,Ottawa,Ontario,2023-12-13,Silver
C08626,Luke,Chan,matthew36@example.org,Ottawa,Ontario,2022-06-30,Bronze
C08627,Melissa,Gonzalez,miguel96@example.org,Vancouver,British Columbia,2025-07-10,Bronze
C08628,Hannah,Cherry,santoslindsay@example.com,Calgary,Alberta,2026-03-13,Gold
C08629,Taylor,Ware,aturner@example.net,Hamilton,Ontario,2025-05-17,Bronze
C08630,Jeffery,Myers,vasquezlisa@example.org,Vancouver,British Columbia,2022-10-30,Bronze
C08631,Willie,Miller,slawson@example.org,Hamilton,Ontario,2021-10-13,Gold
C08632,Joseph,Livingston,ianward@example.com,Brampton,Ontario,2024-05-04,Bronze
C08633,Joseph,Taylor,ntodd@example.com,Calgary,Alberta,2022-05-03,Gold
C08634,Chad,Good,davisgregory@example.org,Ottawa,Ontario,2021-09-04,Bronze
C08635,Richard,Lopez,tfowler@example.net,Calgary,Alberta,2023-10-01,Gold
C08636,Joanna,Chavez,angelawade@example.com,Brampton,Ontario,2026-05-12,Bronze
C08637,Theodore,Martinez,scook@example.net,Ottawa,Ontario,2022-07-16,Bronze
C08638,Phillip,Walsh,wrightross@example.org,Ottawa,Ontario,2024-06-02,Bronze
C08639,Mark,Wright,ashleymacias@example.org,Toronto,Ontario,2021-11-11,Silver
C08640,Todd,Romero,kenglish@example.org,Hamilton,Ontario,2021-08-04,Bronze
C08641,Christopher,Fuller,omacias@example.org,Hamilton,Ontario,2026-04-25,Bronze
C08642,Jeffrey,Holmes,ashley50@example.com,Toronto,Ontario,2024-07-09,Silver
C08643,Brianna,Meyers,andrewhuber@example.com,Hamilton,Ontario,2023-05-03,Bronze
C08644,Scott,Warren,christina93@example.org,Edmonton,Alberta,2024-09-26,Bronze
C08645,Aaron,Simon,lroberts@example.org,Calgary,Alberta,2021-09-21,Silver
C08646,Andrew,Haley,cpierce@example.com,Vancouver,British Columbia,2024-08-22,Bronze
C08647,Katherine,Johnson,kathleencopeland@example.org,Vancouver,British Columbia,2023-03-28,Bronze
C08648,William,Wilson,ellisonjose@example.org,Vancouver,British Columbia,2025-05-26,Silver
C08649,Laura,Garcia,john64@example.org,Edmonton,Alberta,2026-02-25,Silver
C08650,Erin,Cox,jasonchambers@example.org,Brampton,Ontario,2023-08-30,Bronze
C08651,Alexander,Terrell,fullerjohn@example.org,Brampton,Ontario,2025-05-02,Bronze
C08652,Kelsey,Allen,evangarrett@example.com,Edmonton,Alberta,2025-10-17,Bronze
C08653,Cynthia,Cabrera,williele@example.com,Toronto,Ontario,2026-04-16,Bronze
C08654,Deborah,Watson,josephmartinez@example.org,Mississauga,Ontario,2025-01-11,Bronze
C08655,Greg,Williams,chapmanmegan@example.org,Ottawa,Ontario,2025-05-23,Bronze
C08656,Vincent,Spencer,bauerjeffery@example.com,Edmonton,Alberta,2026-05-03,Bronze
C08657,Nicholas,Morales,eric78@example.com,Vancouver,British Columbia,2022-12-29,Bronze
C08658,Joseph,Young,valerie02@example.net,Edmonton,Alberta,2023-10-21,Silver
C08659,Joseph,Nguyen,nelsonrichard@example.net,Edmonton,Alberta,2023-12-24,Bronze
C08660,Keith,Thomas,theresachristian@example.net,Edmonton,Alberta,2021-08-16,Bronze
C08661,Karen,Hughes,fordanthony@example.org,Calgary,Alberta,2021-07-30,Bronze
C08662,Mark,Sherman,nwalker@example.com,Edmonton,Alberta,2026-04-17,Silver
C08663,Calvin,Torres,lewisanna@example.org,Edmonton,Alberta,2026-01-24,Bronze
C08664,Justin,Thomas,rebecca89@example.net,Toronto,Ontario,2022-08-17,Bronze
C08665,David,Hicks,bnguyen@example.net,Calgary,Alberta,2025-09-08,Bronze
C08666,Lynn,Johnson,kimberly23@example.org,Ottawa,Ontario,2024-05-30,Bronze
C08667,Dennis,Gutierrez,dmyers@example.net,Ottawa,Ontario,2021-09-18,Silver
C08668,Stephanie,Jones,patelzachary@example.net,Ottawa,Ontario,2024-08-11,Bronze
C08669,Pamela,Anderson,james87@example.com,Mississauga,Ontario,2026-04-20,Silver
C08670,Richard,Mcclain,joannathompson@example.net,Hamilton,Ontario,2025-04-26,Silver
C08671,Shannon,Thompson,cooleyjerry@example.net,Calgary,Alberta,2026-05-12,Silver
C08672,Miranda,Valdez,larry04@example.net,Calgary,Alberta,2022-01-15,Silver
C08673,Alicia,Sanchez,russellmichael@example.com,Edmonton,Alberta,2023-01-31,Silver
C08674,Nathan,Jacobs,paul40@example.org,Calgary,Alberta,2025-04-21,Bronze
C08675,William,Parker,reynoldsamber@example.org,Toronto,Ontario,2023-12-16,Silver
C08676,Adrienne,Lawson,cassidymarks@example.net,Brampton,Ontario,2025-09-15,Gold
C08677,Elizabeth,Moss,krystalmcbride@example.net,Edmonton,Alberta,2023-08-25,Bronze
C08678,Jennifer,Sullivan,alexis97@example.org,Calgary,Alberta,2024-04-26,Silver
C08679,Laura,Jones,atran@example.com,Ottawa,Ontario,2025-07-31,Gold
C08680,Tony,Rodgers,kevin50@example.net,Ottawa,Ontario,2023-03-29,Bronze
C08681,Christina,Nelson,smitchell@example.org,Hamilton,Ontario,2026-06-10,Bronze
C08682,Michael,Dawson,woodsnicholas@example.net,Edmonton,Alberta,2023-03-25,Silver
C08683,Sylvia,Ross,dannykelley@example.net,Vancouver,British Columbia,2023-03-12,Bronze
C08684,Stacy,Roman,williamsaunders@example.com,Brampton,Ontario,2024-11-28,Gold
C08685,Mitchell,Richards,toddvelazquez@example.org,Toronto,Ontario,2024-09-01,Silver
C08686,Robert,Taylor,ralphthomas@example.org,Vancouver,British Columbia,2026-06-26,Bronze
C08687,Heather,Burns,angelabell@example.org,Toronto,Ontario,2021-11-25,Bronze
C08688,Michael,White,rodriguezkayla@example.net,Ottawa,Ontario,2024-05-05,Bronze
C08689,George,Ortiz,joshuadennis@example.com,Calgary,Alberta,2025-11-15,Silver
C08690,Devon,Bradley,ramosangela@example.net,Vancouver,British Columbia,2024-02-14,Bronze
C08691,Jason,Parker,gwendolyn91@example.net,Brampton,Ontario,2021-08-12,Silver
C08692,Tiffany,Montgomery,bcline@example.org,Vancouver,British Columbia,2025-09-09,Bronze
C08693,Jennifer,Hill,neil41@example.com,Edmonton,Alberta,2021-08-11,Bronze
C08694,Susan,Rivera,kristopherhorn@example.com,Edmonton,Alberta,2025-11-02,Silver
C08695,Michael,Contreras,ronniemiller@example.com,Toronto,Ontario,2025-01-31,Gold
C08696,Mark,Smith,paulwilliam@example.com,Brampton,Ontario,2024-01-29,Bronze
C08697,Maria,Williams,vhudson@example.net,Toronto,Ontario,2023-09-27,Silver
C08698,James,Wells,juliasingleton@example.com,Ottawa,Ontario,2021-08-06,Bronze
C08699,Tammy,Turner,jared41@example.com,Calgary,Alberta,2024-07-06,Bronze
C08700,Chase,Miller,katherinemullins@example.net,Hamilton,Ontario,2022-08-03,Bronze
C08701,Kayla,Kirk,andersonnicole@example.net,Brampton,Ontario,2023-06-14,Silver
C08702,Allison,Lopez,jason48@example.org,Ottawa,Ontario,2023-03-20,Silver
C08703,Barbara,Ortega,kristinwalker@example.org,Ottawa,Ontario,2024-05-30,Silver
C08704,Christopher,Galloway,ibarton@example.com,Brampton,Ontario,2022-07-09,Gold
C08705,Sandra,Perez,cynthiatorres@example.net,Edmonton,Alberta,2025-12-04,Gold
C08706,Amanda,Henson,matthew71@example.net,Edmonton,Alberta,2026-04-10,Bronze
C08707,Maria,Larson,lisa68@example.com,Brampton,Ontario,2022-11-29,Bronze
C08708,James,Thomas,jerrydavis@example.net,Edmonton,Alberta,2023-07-18,Silver
C08709,Daniel,Brown,tcampbell@example.org,Vancouver,British Columbia,2021-10-02,Bronze
C08710,Elizabeth,Cruz,stevensonlisa@example.com,Brampton,Ontario,2025-08-12,Gold
C08711,William,Mccoy,keywayne@example.net,Brampton,Ontario,2023-03-28,Silver
C08712,Randall,Reid,zscott@example.org,Calgary,Alberta,2022-05-07,Bronze
C08713,Melissa,Walker,anthony29@example.net,Ottawa,Ontario,2022-07-24,Gold
C08714,Rachel,Miller,urichardson@example.net,Hamilton,Ontario,2021-09-02,Bronze
C08715,Jason,Roberts,rebecca39@example.com,Calgary,Alberta,2025-06-16,Bronze
C08716,Lacey,Powers,robinsonmorgan@example.org,Brampton,Ontario,2025-09-28,Gold
C08717,Jessica,Sullivan,hannah57@example.net,Toronto,Ontario,2022-06-10,Bronze
C08718,Erik,Medina,vcarter@example.org,Brampton,Ontario,2026-03-15,Gold
C08719,Erik,Scott,haileytorres@example.com,Edmonton,Alberta,2025-01-12,Bronze
C08720,Nathan,Lopez,clarkjulia@example.org,Brampton,Ontario,2024-12-28,Bronze
C08721,Krista,Sawyer,ahurley@example.net,Mississauga,Ontario,2024-06-02,Bronze
C08722,Nicholas,Fernandez,jennifer68@example.com,Hamilton,Ontario,2023-11-30,Bronze
C08723,William,Patterson,timothyhendricks@example.com,Calgary,Alberta,2026-05-20,Silver
C08724,Renee,Cooper,ecohen@example.org,Toronto,Ontario,2025-10-22,Bronze
C08725,Heather,Richards,mlane@example.org,Toronto,Ontario,2022-08-07,Bronze
C08726,Kevin,Klein,williamsthomas@example.net,Toronto,Ontario,2025-11-26,Bronze
C08727,Jennifer,Kim,christinafletcher@example.net,Ottawa,Ontario,2025-05-23,Silver
C08728,Brian,Chambers,tylertran@example.net,Brampton,Ontario,2025-04-26,Silver
C08729,Christina,Greene,xbaker@example.org,Ottawa,Ontario,2023-08-21,Silver
C08730,Bobby,Randolph,alexmarks@example.net,Ottawa,Ontario,2022-11-26,Silver
C08731,Amanda,Gross,qjohnson@example.com,Edmonton,Alberta,2026-04-29,Silver
C08732,Courtney,Patton,halecorey@example.net,Mississauga,Ontario,2021-09-22,Bronze
C08733,Christopher,Rodriguez,kelsey05@example.com,Edmonton,Alberta,2023-07-24,Silver
C08734,Regina,Barr,andersonsheryl@example.com,Calgary,Alberta,2024-05-30,Bronze
C08735,William,Salinas,aclark@example.net,Hamilton,Ontario,2021-08-31,Silver
C08736,Rachel,Berry,millsvalerie@example.org,Toronto,Ontario,2023-06-14,Bronze
C08737,Kelly,Sanchez,scott93@example.com,Hamilton,Ontario,2022-11-22,Bronze
C08738,Jennifer,Garcia,doristurner@example.net,Mississauga,Ontario,2022-08-22,Bronze
C08739,Chad,Gordon,david77@example.net,Mississauga,Ontario,2022-06-22,Silver
C08740,Alison,Lam,james74@example.com,Mississauga,Ontario,2025-03-04,Silver
C08741,Elaine,Lee,ycunningham@example.net,Calgary,Alberta,2024-12-17,Bronze
C08742,Joyce,Garcia,ortizlisa@example.com,Brampton,Ontario,2024-06-08,Gold
C08743,Joshua,Scott,allisonmorgan@example.com,Vancouver,British Columbia,2023-03-23,Bronze
C08744,Thomas,Thompson,daniellealvarado@example.org,Ottawa,Ontario,2026-02-17,Bronze
C08745,Karen,Bass,elizabethramirez@example.org,Hamilton,Ontario,2024-03-13,Bronze
C08746,Michael,Hopkins,david14@example.org,Edmonton,Alberta,2025-11-03,Silver
C08747,Karina,Montoya,michaelrodriguez@example.org,Ottawa,Ontario,2021-10-12,Bronze
C08748,Daniel,Shaw,jose16@example.com,Mississauga,Ontario,2022-11-17,Silver
C08749,Donald,Castillo,jasonstewart@example.org,Mississauga,Ontario,2024-05-04,Bronze
C08750,Susan,Larson,rodriguezjason@example.com,Calgary,Alberta,2026-02-27,Bronze
C08751,James,Phelps,weavertaylor@example.org,Mississauga,Ontario,2025-11-02,Bronze
C08752,Jessica,Little,dhicks@example.org,Brampton,Ontario,2025-03-29,Bronze
C08753,Jessica,Miller,trowe@example.com,Calgary,Alberta,2024-05-22,Bronze
C08754,Alexander,Simmons,cortezdanielle@example.com,Mississauga,Ontario,2024-06-01,Silver
C08755,Sydney,Maddox,paulsmith@example.com,Toronto,Ontario,2026-07-26,Bronze
C08756,Paul,Lee,jacobclark@example.net,Calgary,Alberta,2024-02-09,Silver
C08757,Dennis,Lee,trose@example.com,Vancouver,British Columbia,2025-12-13,Bronze
C08758,Francisco,Williams,johnsonheather@example.org,Brampton,Ontario,2024-12-07,Bronze
C08759,Mary,Jones,ngrant@example.net,Hamilton,Ontario,2025-02-22,Silver
C08760,Victoria,Blackwell,timothymooney@example.com,Toronto,Ontario,2025-02-15,Silver
C08761,Susan,Fletcher,kruegerjason@example.net,Mississauga,Ontario,2024-05-21,Bronze
C08762,Jillian,Jimenez,sjohnson@example.com,Edmonton,Alberta,2021-10-18,Bronze
C08763,Sara,Chandler,jason16@example.com,Calgary,Alberta,2022-09-26,Gold
C08764,Jessica,Martin,rcole@example.org,Brampton,Ontario,2022-02-22,Gold
C08765,Riley,Ramsey,stephaniewall@example.org,Ottawa,Ontario,2024-05-07,Bronze
C08766,Judith,Williams,melissahenderson@example.net,Edmonton,Alberta,2024-06-09,Bronze
C08767,Joshua,Campbell,hannahanderson@example.org,Brampton,Ontario,2023-09-03,Bronze
C08768,Jonathan,Moore,lorismith@example.com,Hamilton,Ontario,2021-10-20,Bronze
C08769,Philip,Harrison,reneelove@example.com,Toronto,Ontario,2024-06-08,Silver
C08770,Eric,Ewing,brittany16@example.net,Vancouver,British Columbia,2024-06-26,Bronze
C08771,Tammy,White,kristinanderson@example.com,Hamilton,Ontario,2023-06-30,Silver
C08772,Alejandro,Orozco,xayala@example.org,Hamilton,Ontario,2022-06-13,Gold
C08773,Barbara,Brown,rdavis@example.net,Brampton,Ontario,2022-02-09,Silver
C08774,Stacey,Parker,chapmandavid@example.org,Vancouver,British Columbia,2025-04-25,Silver
C08775,Patricia,House,elizabeth04@example.org,Mississauga,Ontario,2023-09-20,Bronze
C08776,Rebecca,Lopez,rojascarrie@example.net,Mississauga,Ontario,2023-10-31,Bronze
C08777,Lynn,Patterson,laurabenton@example.org,Toronto,Ontario,2022-07-19,Bronze
C08778,Kristen,Carr,tmathis@example.com,Ottawa,Ontario,2024-01-09,Bronze
C08779,Jacob,Kelly,gardnermichael@example.org,Toronto,Ontario,2024-02-12,Bronze
C08780,Bill,Ford,gracecarter@example.net,Hamilton,Ontario,2024-04-16,Silver
C08781,Melissa,Martin,elizabethpatel@example.net,Toronto,Ontario,2024-02-04,Bronze
C08782,Lisa,Reilly,hfrank@example.com,Mississauga,Ontario,2024-09-12,Silver
C08783,Paul,Brown,william49@example.com,Toronto,Ontario,2024-02-03,Bronze
C08784,Martha,Deleon,iwebb@example.org,Mississauga,Ontario,2021-12-18,Bronze
C08785,Brian,Rhodes,stephanie00@example.net,Hamilton,Ontario,2022-07-30,Bronze
C08786,Scott,Williams,chapmanrebecca@example.com,Vancouver,British Columbia,2022-03-03,Bronze
C08787,Lisa,Herman,tiffany65@example.org,Hamilton,Ontario,2025-03-13,Bronze
C08788,Kimberly,Matthews,johnsonkaren@example.org,Brampton,Ontario,2024-07-10,Bronze
C08789,Jason,Arellano,heather93@example.net,Vancouver,British Columbia,2023-10-22,Gold
C08790,Crystal,Conway,ucontreras@example.net,Mississauga,Ontario,2021-12-07,Bronze
C08791,Jessica,Finley,patricksantana@example.com,Brampton,Ontario,2023-05-10,Bronze
C08792,Paula,Rubio,marylang@example.org,Toronto,Ontario,2026-06-08,Bronze
C08793,Jake,Richardson,tgutierrez@example.org,Mississauga,Ontario,2023-02-06,Bronze
C08794,Carl,Pope,brycemoore@example.net,Edmonton,Alberta,2023-04-26,Silver
C08795,Pamela,Barton,shawn76@example.org,Edmonton,Alberta,2024-11-18,Silver
C08796,Victor,Archer,wademichael@example.com,Brampton,Ontario,2021-10-03,Silver
C08797,Monica,Alexander,rwalters@example.com,Hamilton,Ontario,2024-09-13,Bronze
C08798,Austin,Campbell,uwyatt@example.com,Hamilton,Ontario,2024-05-14,Bronze
C08799,Frank,Smith,aburns@example.org,Toronto,Ontario,2025-08-17,Silver
C08800,Douglas,Burke,michael57@example.net,Mississauga,Ontario,2025-03-27,Bronze
C08801,Roy,Ruiz,nancy19@example.net,Ottawa,Ontario,2021-09-16,Bronze
C08802,Lauren,Cantu,johnstonrachel@example.net,Hamilton,Ontario,2022-03-30,Silver
C08803,Angela,Jones,cookrichard@example.net,Edmonton,Alberta,2026-02-08,Silver
C08804,Natalie,Garcia,amanda98@example.com,Mississauga,Ontario,2026-07-05,Bronze
C08805,Victoria,Evans,wkelly@example.org,Brampton,Ontario,2026-02-23,Bronze
C08806,Jane,Rodriguez,nicole87@example.org,Hamilton,Ontario,2026-02-07,Bronze
C08807,Caitlin,Elliott,anthony77@example.org,Vancouver,British Columbia,2021-10-10,Gold
C08808,Vincent,Martin,stevenwalton@example.com,Vancouver,British Columbia,2022-05-31,Gold
C08809,Paul,Jacobs,kiddbrian@example.org,Calgary,Alberta,2026-07-16,Bronze
C08810,Kevin,Martinez,annebrady@example.com,Mississauga,Ontario,2022-08-04,Gold
C08811,Cheryl,Fowler,michael05@example.com,Toronto,Ontario,2022-04-03,Bronze
C08812,Randy,Smith,cscott@example.net,Hamilton,Ontario,2025-07-11,Bronze
C08813,Brian,Smith,mwheeler@example.org,Edmonton,Alberta,2022-12-15,Bronze
C08814,Angela,Jackson,rebeccathompson@example.net,Vancouver,British Columbia,2025-10-04,Bronze
C08815,Brandon,Smith,christian84@example.com,Mississauga,Ontario,2022-11-11,Bronze
C08816,Christopher,Davies,mwilliams@example.org,Calgary,Alberta,2024-08-05,Bronze
C08817,Karen,Washington,wcollins@example.com,Ottawa,Ontario,2026-06-28,Bronze
C08818,Shannon,Mason,alexis16@example.com,Edmonton,Alberta,2023-10-04,Bronze
C08819,Daniel,Wilson,johnsondebra@example.org,Toronto,Ontario,2024-08-12,Bronze
C08820,Nathan,Hoover,melissasmith@example.org,Mississauga,Ontario,2026-02-07,Gold
C08821,Eric,Young,daniel35@example.net,Calgary,Alberta,2025-03-16,Bronze
C08822,Lindsay,Smith,tylerparker@example.net,Brampton,Ontario,2021-12-27,Bronze
C08823,Christopher,Henderson,krystalgiles@example.net,Mississauga,Ontario,2023-11-26,Gold
C08824,Jennifer,Acevedo,wattstyler@example.net,Brampton,Ontario,2024-09-04,Gold
C08825,Jason,Jacobson,zfields@example.org,Ottawa,Ontario,2022-04-24,Silver
C08826,Matthew,Moore,randalljohnson@example.net,Calgary,Alberta,2025-08-04,Bronze
C08827,Christopher,Calhoun,clarkjackson@example.org,Ottawa,Ontario,2022-07-09,Bronze
C08828,Paul,Mitchell,daniel85@example.org,Ottawa,Ontario,2023-10-28,Bronze
C08829,Rebecca,Johnson,chadwilliams@example.org,Calgary,Alberta,2024-08-22,Bronze
C08830,Victoria,Fields,qrichardson@example.net,Brampton,Ontario,2025-01-12,Silver
C08831,Roberto,Murphy,donna35@example.net,Toronto,Ontario,2024-11-10,Bronze
C08832,Michelle,Johnson,adamsstephanie@example.org,Toronto,Ontario,2021-09-19,Gold
C08833,Willie,Bernard,patriciagreene@example.com,Brampton,Ontario,2024-05-06,Bronze
C08834,Michael,Castillo,smithcolleen@example.net,Calgary,Alberta,2022-09-01,Bronze
C08835,John,Robinson,stevensims@example.com,Calgary,Alberta,2022-02-24,Gold
C08836,Susan,King,gonzalesmichael@example.net,Toronto,Ontario,2022-05-02,Silver
C08837,Michael,White,amullins@example.com,Hamilton,Ontario,2024-04-12,Bronze
C08838,Patrick,Collins,mezaandrea@example.net,Edmonton,Alberta,2024-08-02,Bronze
C08839,Daniel,Johnson,hooverjames@example.net,Calgary,Alberta,2025-12-24,Gold
C08840,Michele,Robinson,ericksontony@example.net,Ottawa,Ontario,2022-05-15,Bronze
C08841,Laura,Murphy,jasonnorris@example.com,Hamilton,Ontario,2022-09-03,Bronze
C08842,Timothy,Stevens,schultzalicia@example.org,Ottawa,Ontario,2025-09-13,Silver
C08843,Joseph,Taylor,jenningsalexander@example.org,Calgary,Alberta,2025-09-20,Bronze
C08844,Joseph,Brown,gabrielanthony@example.org,Ottawa,Ontario,2025-05-11,Silver
C08845,Miguel,Flores,parkerjohn@example.org,Mississauga,Ontario,2023-01-24,Bronze
C08846,Ryan,Davila,kimberlysanchez@example.com,Calgary,Alberta,2026-03-16,Bronze
C08847,Jack,Jackson,joanna93@example.com,Toronto,Ontario,2022-04-01,Silver
C08848,Emily,Erickson,alexanderhickman@example.com,Brampton,Ontario,2023-06-08,Bronze
C08849,John,Taylor,lmoore@example.net,Vancouver,British Columbia,2025-12-03,Bronze
C08850,Edward,Sullivan,martinmartin@example.com,Vancouver,British Columbia,2022-04-04,Bronze
C08851,Alyssa,Romero,martinezerin@example.com,Edmonton,Alberta,2025-04-21,Bronze
C08852,Andrew,Taylor,schultzjeff@example.net,Hamilton,Ontario,2023-01-25,Silver
C08853,Carla,Gates,bethgarza@example.com,Mississauga,Ontario,2026-06-07,Bronze
C08854,Ashley,Turner,lozanomichael@example.org,Edmonton,Alberta,2023-10-05,Bronze
C08855,Alexander,Hall,josephkelley@example.org,Toronto,Ontario,2022-08-05,Bronze
C08856,Chad,Flores,ashley73@example.org,Edmonton,Alberta,2024-08-23,Bronze
C08857,Jennifer,Morrison,jonestravis@example.net,Toronto,Ontario,2025-08-14,Bronze
C08858,Johnny,Davis,washingtonsandra@example.net,Ottawa,Ontario,2023-08-21,Bronze
C08859,Jennifer,Johnson,tsims@example.net,Toronto,Ontario,2026-04-07,Gold
C08860,Angela,Franco,gabrielguzman@example.net,Mississauga,Ontario,2021-12-19,Silver
C08861,Kevin,Roberson,cameron83@example.net,Mississauga,Ontario,2023-05-22,Silver
C08862,Cheyenne,Hart,cynthia83@example.org,Toronto,Ontario,2025-02-20,Gold
C08863,Lori,Parker,natasha36@example.net,Hamilton,Ontario,2025-08-06,Silver
C08864,Dalton,Gray,juliejackson@example.com,Hamilton,Ontario,2025-11-30,Silver
C08865,Isaac,Baker,jasmin29@example.org,Brampton,Ontario,2025-06-29,Bronze
C08866,Angela,Berry,lwalker@example.com,Brampton,Ontario,2025-11-29,Bronze
C08867,Lisa,Ward,andrewking@example.net,Toronto,Ontario,2025-05-10,Bronze
C08868,James,Butler,collinsjessica@example.com,Edmonton,Alberta,2023-06-28,Silver
C08869,Paul,Allen,ggarcia@example.net,Hamilton,Ontario,2021-10-24,Bronze
C08870,William,Young,ewheeler@example.net,Brampton,Ontario,2026-01-25,Bronze
C08871,Jacob,Holmes,collinswilliam@example.com,Vancouver,British Columbia,2023-05-23,Bronze
C08872,Roger,Fry,ashley32@example.com,Brampton,Ontario,2025-07-25,Bronze
C08873,Sandra,Ramirez,janemaxwell@example.com,Mississauga,Ontario,2025-10-17,Bronze
C08874,Melissa,Fischer,martinadam@example.org,Hamilton,Ontario,2021-12-24,Bronze
C08875,Sandra,Robinson,nicholas33@example.org,Vancouver,British Columbia,2023-01-27,Bronze
C08876,Cory,Hendricks,christinavasquez@example.org,Brampton,Ontario,2024-01-03,Bronze
C08877,Stephanie,Moss,fwhite@example.org,Brampton,Ontario,2022-03-15,Bronze
C08878,Stacey,Scott,stevenedwards@example.com,Hamilton,Ontario,2024-05-09,Gold
C08879,Linda,Bradley,brent64@example.org,Edmonton,Alberta,2024-09-14,Silver
C08880,Angela,Wilson,brenda89@example.org,Brampton,Ontario,2024-06-04,Silver
C08881,Angela,Huffman,yparker@example.org,Calgary,Alberta,2025-07-17,Bronze
C08882,Diane,Smith,ramirezrobert@example.com,Ottawa,Ontario,2024-06-30,Bronze
C08883,Christopher,Gilbert,glennmason@example.org,Hamilton,Ontario,2026-02-16,Bronze
C08884,Jeanette,Edwards,justin71@example.org,Hamilton,Ontario,2024-10-15,Bronze
C08885,Victoria,Jefferson,donald81@example.net,Mississauga,Ontario,2021-10-09,Gold
C08886,Travis,Acosta,ashley59@example.net,Toronto,Ontario,2024-01-07,Bronze
C08887,Caitlyn,Brock,zsimon@example.com,Toronto,Ontario,2023-04-28,Silver
C08888,Sophia,Morales,karenallen@example.org,Toronto,Ontario,2023-05-06,Bronze
C08889,Susan,Anderson,jaredcarter@example.org,Ottawa,Ontario,2024-07-11,Bronze
C08890,Rebecca,Irwin,whitakerdale@example.net,Edmonton,Alberta,2023-01-01,Bronze
C08891,Darrell,Drake,walvarez@example.net,Brampton,Ontario,2024-01-21,Bronze
C08892,Margaret,Lee,mary10@example.com,Toronto,Ontario,2024-09-12,Silver
C08893,Kyle,Castro,swagner@example.org,Vancouver,British Columbia,2024-02-12,Silver
C08894,Joseph,Roberts,joshua72@example.org,Brampton,Ontario,2023-11-09,Silver
C08895,Zachary,Kidd,michael17@example.net,Mississauga,Ontario,2022-01-25,Silver
C08896,Sarah,Williams,mclaughlindavid@example.org,Brampton,Ontario,2024-02-27,Bronze
C08897,Gregory,Raymond,devinstein@example.com,Ottawa,Ontario,2022-08-18,Bronze
C08898,Karen,Spears,betty35@example.net,Vancouver,British Columbia,2023-08-14,Bronze
C08899,Charles,Black,lauren18@example.net,Vancouver,British Columbia,2025-01-14,Gold
C08900,Paula,Leach,christy87@example.com,Toronto,Ontario,2022-10-29,Bronze
C08901,Ashley,Baker,marshallmatthew@example.com,Mississauga,Ontario,2025-09-11,Bronze
C08902,Pamela,Blair,jbarrett@example.net,Vancouver,British Columbia,2022-07-13,Silver
C08903,Michael,Aguilar,kellifry@example.org,Edmonton,Alberta,2025-08-16,Bronze
C08904,Carl,Jones,qhoover@example.com,Toronto,Ontario,2025-06-12,Silver
C08905,Mary,Navarro,prestonpatricia@example.net,Ottawa,Ontario,2024-06-17,Bronze
C08906,Todd,Davis,zachary37@example.com,Mississauga,Ontario,2026-02-28,Bronze
C08907,Richard,Kirk,zroman@example.org,Vancouver,British Columbia,2024-07-17,Silver
C08908,Rebecca,Preston,kathy40@example.net,Vancouver,British Columbia,2024-10-15,Bronze
C08909,Joan,Morse,clarkcarol@example.org,Ottawa,Ontario,2026-01-31,Silver
C08910,Andrew,Hopkins,timothyperez@example.net,Vancouver,British Columbia,2025-09-08,Gold
C08911,Charles,Frey,kathleendavis@example.com,Vancouver,British Columbia,2024-05-07,Bronze
C08912,April,Jacobs,qhamilton@example.org,Vancouver,British Columbia,2025-05-03,Bronze
C08913,Richard,Kennedy,andrea56@example.org,Calgary,Alberta,2025-01-17,Bronze
C08914,Sandra,Warren,fthomas@example.com,Edmonton,Alberta,2024-06-27,Gold
C08915,David,Escobar,keithnavarro@example.com,Mississauga,Ontario,2023-03-20,Bronze
C08916,Jennifer,Mills,karen91@example.net,Edmonton,Alberta,2021-12-12,Bronze
C08917,Kelly,Sheppard,melissasantos@example.org,Edmonton,Alberta,2023-12-27,Silver
C08918,Peggy,Nelson,bphillips@example.net,Vancouver,British Columbia,2021-10-22,Silver
C08919,Marie,Chandler,edaniel@example.org,Brampton,Ontario,2022-06-25,Bronze
C08920,Jeremy,King,russellstevens@example.org,Brampton,Ontario,2024-12-26,Silver
C08921,Isaiah,Rivers,nlee@example.net,Ottawa,Ontario,2024-05-08,Silver
C08922,Nicholas,Navarro,cory92@example.com,Brampton,Ontario,2023-11-28,Bronze
C08923,Kristin,Johnson,whitedawn@example.net,Mississauga,Ontario,2022-10-17,Gold
C08924,Heidi,Pennington,rebecca58@example.com,Ottawa,Ontario,2022-02-18,Silver
C08925,Brittany,Ramirez,angela60@example.com,Brampton,Ontario,2024-01-20,Silver
C08926,James,Henry,rhonda65@example.com,Edmonton,Alberta,2022-12-14,Bronze
C08927,Matthew,Williams,antoniofrank@example.com,Brampton,Ontario,2023-05-14,Gold
C08928,Martha,Powell,acraig@example.com,Vancouver,British Columbia,2023-12-17,Gold
C08929,Pamela,Fisher,jeffrey88@example.org,Ottawa,Ontario,2024-08-27,Bronze
C08930,Steve,Stone,thomasschultz@example.com,Edmonton,Alberta,2026-03-13,Bronze
C08931,Thomas,Mays,jerry79@example.com,Hamilton,Ontario,2022-02-17,Silver
C08932,Gabriel,Cummings,tbaker@example.org,Calgary,Alberta,2023-09-01,Silver
C08933,Margaret,Montgomery,chaveztracy@example.net,Calgary,Alberta,2024-01-08,Bronze
C08934,Patricia,Franklin,lindafields@example.com,Ottawa,Ontario,2023-08-15,Bronze
C08935,Jacqueline,Strickland,blogan@example.net,Calgary,Alberta,2021-11-17,Bronze
C08936,Ashley,Dixon,novakangela@example.org,Toronto,Ontario,2025-12-18,Bronze
C08937,Kelly,Ballard,lindaburton@example.net,Hamilton,Ontario,2023-06-27,Bronze
C08938,Thomas,Wells,robertschwartz@example.com,Vancouver,British Columbia,2023-01-18,Bronze
C08939,Michael,Jones,ryanlyons@example.net,Vancouver,British Columbia,2023-08-05,Bronze
C08940,Gary,Huffman,xbarker@example.com,Toronto,Ontario,2026-05-17,Silver
C08941,Susan,Becker,matthew52@example.com,Calgary,Alberta,2026-05-24,Bronze
C08942,Natalie,Lee,brian85@example.net,Hamilton,Ontario,2024-05-13,Bronze
C08943,Sara,Edwards,darrensmith@example.com,Ottawa,Ontario,2023-06-24,Bronze
C08944,Michael,Rodriguez,tdavis@example.org,Mississauga,Ontario,2023-12-08,Bronze
C08945,Steven,Holland,barbara48@example.org,Vancouver,British Columbia,2025-03-15,Bronze
C08946,Martin,Butler,sarah42@example.org,Vancouver,British Columbia,2021-11-10,Bronze
C08947,John,Martin,royjones@example.com,Hamilton,Ontario,2023-09-23,Bronze
C08948,Erin,Werner,jacksonrobert@example.com,Vancouver,British Columbia,2026-01-19,Gold
C08949,Edward,Hall,craig38@example.com,Hamilton,Ontario,2021-09-03,Bronze
C08950,Randy,Lopez,bucktaylor@example.net,Toronto,Ontario,2022-10-15,Bronze
C08951,Bryan,Ortiz,romanrobert@example.net,Hamilton,Ontario,2023-05-12,Bronze
C08952,Ashley,Jones,deanmichelle@example.com,Calgary,Alberta,2025-02-13,Silver
C08953,Jennifer,Mendez,bobbygraham@example.net,Toronto,Ontario,2024-12-26,Silver
C08954,Jacqueline,Martin,madisonwatson@example.net,Vancouver,British Columbia,2022-05-13,Bronze
C08955,Crystal,Solomon,brandonjohnson@example.org,Edmonton,Alberta,2021-12-29,Gold
C08956,Betty,Brooks,joycekimberly@example.org,Ottawa,Ontario,2024-02-23,Silver
C08957,Susan,Rocha,brownrebecca@example.net,Mississauga,Ontario,2025-02-27,Bronze
C08958,Gail,Roberts,katherine12@example.net,Hamilton,Ontario,2026-04-13,Bronze
C08959,Hunter,Wheeler,fletcherdavid@example.net,Brampton,Ontario,2025-02-07,Silver
C08960,William,Pierce,eric90@example.com,Hamilton,Ontario,2025-06-05,Bronze
C08961,Christopher,Coleman,cheryl34@example.org,Brampton,Ontario,2023-03-24,Bronze
C08962,Mark,Braun,tony96@example.com,Hamilton,Ontario,2025-02-15,Gold
C08963,Deanna,Diaz,maynardjessica@example.net,Calgary,Alberta,2023-05-07,Bronze
C08964,Brian,Ross,hannahjensen@example.net,Edmonton,Alberta,2021-09-27,Bronze
C08965,Lauren,Mendez,sarahfranco@example.org,Brampton,Ontario,2025-06-16,Bronze
C08966,Teresa,Ayala,jacobsellers@example.org,Mississauga,Ontario,2022-05-26,Bronze
C08967,Ashley,Nguyen,daniellemyers@example.net,Hamilton,Ontario,2022-05-20,Silver
C08968,Benjamin,Murray,adrianaallen@example.org,Toronto,Ontario,2026-06-25,Bronze
C08969,Leah,Lee,melissa47@example.net,Vancouver,British Columbia,2025-11-19,Bronze
C08970,Kelly,Stephenson,mhenry@example.com,Mississauga,Ontario,2024-07-25,Bronze
C08971,Ashley,Hall,jward@example.org,Edmonton,Alberta,2025-01-26,Bronze
C08972,Brian,Lozano,tiffany43@example.org,Calgary,Alberta,2025-10-19,Bronze
C08973,Elizabeth,Turner,lauranguyen@example.com,Ottawa,Ontario,2021-08-03,Bronze
C08974,James,Williams,alexisgibson@example.org,Vancouver,British Columbia,2025-04-30,Bronze
C08975,Stephen,Delgado,ryan36@example.org,Mississauga,Ontario,2022-05-31,Silver
C08976,Shelly,Casey,sburke@example.org,Toronto,Ontario,2021-09-07,Bronze
C08977,Michael,Smith,xjones@example.org,Hamilton,Ontario,2021-09-26,Bronze
C08978,Abigail,Hansen,ipark@example.net,Edmonton,Alberta,2025-03-23,Silver
C08979,Christopher,Johnson,marcus42@example.net,Mississauga,Ontario,2023-02-06,Silver
C08980,Judy,Moore,scottdavid@example.com,Edmonton,Alberta,2022-01-22,Bronze
C08981,James,Nichols,timothy57@example.net,Hamilton,Ontario,2024-01-22,Bronze
C08982,Tammy,Jenkins,watersjay@example.com,Vancouver,British Columbia,2025-09-07,Bronze
C08983,Alan,Smith,bianca82@example.com,Vancouver,British Columbia,2023-09-19,Bronze
C08984,Marcus,Marshall,jason89@example.com,Brampton,Ontario,2025-01-12,Bronze
C08985,Emily,Hall,thomas46@example.org,Toronto,Ontario,2023-10-06,Silver
C08986,Christine,Tate,erik10@example.net,Vancouver,British Columbia,2022-05-15,Bronze
C08987,Stacey,Khan,eric15@example.org,Calgary,Alberta,2024-02-24,Bronze
C08988,Melanie,Garrett,wmedina@example.org,Ottawa,Ontario,2021-08-09,Bronze
C08989,Stephen,Fleming,shafferdavid@example.com,Mississauga,Ontario,2023-08-05,Bronze
C08990,Jessica,Morales,nolanrobert@example.org,Mississauga,Ontario,2023-10-26,Gold
C08991,Randall,Hawkins,denise73@example.net,Calgary,Alberta,2025-05-16,Bronze
C08992,Crystal,Zimmerman,jonathan22@example.com,Vancouver,British Columbia,2025-08-10,Bronze
C08993,Brittany,Cross,andrewjenkins@example.net,Calgary,Alberta,2025-05-12,Silver
C08994,Brittany,Figueroa,bassshannon@example.net,Ottawa,Ontario,2023-02-17,Silver
C08995,Richard,Sanchez,nancywood@example.net,Ottawa,Ontario,2023-07-22,Bronze
C08996,Jennifer,Swanson,michaelstrickland@example.net,Edmonton,Alberta,2022-08-17,Bronze
C08997,Steven,Larsen,edward06@example.org,Brampton,Ontario,2025-09-20,Gold
C08998,Daniel,Kelly,amoody@example.org,Calgary,Alberta,2023-08-22,Bronze
C08999,Ruth,Lawson,frederick93@example.org,Hamilton,Ontario,2021-09-20,Bronze
C09000,Victoria,Vincent,christopher08@example.com,Calgary,Alberta,2023-06-05,Bronze
C09001,Debra,Singh,thomasgardner@example.net,Brampton,Ontario,2022-05-01,Bronze
C09002,Norman,Rosario,mlee@example.net,Edmonton,Alberta,2023-05-13,Gold
C09003,Alejandro,Richardson,brandy30@example.com,Ottawa,Ontario,2023-06-06,Bronze
C09004,Paula,Chapman,christopher23@example.com,Calgary,Alberta,2026-04-10,Silver
C09005,Robert,Hicks,anthonylopez@example.com,Calgary,Alberta,2024-05-19,Silver
C09006,Stephanie,Moore,hernandezlee@example.com,Ottawa,Ontario,2024-08-28,Bronze
C09007,John,Williams,ballardbrittany@example.org,Calgary,Alberta,2025-05-06,Bronze
C09008,Marcia,Gonzales,gracevance@example.com,Toronto,Ontario,2026-06-21,Silver
C09009,Wendy,Mitchell,zgallagher@example.net,Hamilton,Ontario,2021-09-21,Bronze
C09010,Jason,Wilcox,bjames@example.org,Ottawa,Ontario,2026-06-14,Bronze
C09011,Elizabeth,Anderson,linda84@example.org,Ottawa,Ontario,2022-10-31,Bronze
C09012,Richard,Lowe,malvarez@example.org,Brampton,Ontario,2022-11-28,Bronze
C09013,Katrina,Long,anna48@example.net,Hamilton,Ontario,2023-10-23,Bronze
C09014,Andres,Mitchell,ashley42@example.org,Vancouver,British Columbia,2024-09-21,Bronze
C09015,Roger,Walton,hmiller@example.org,Vancouver,British Columbia,2025-10-11,Silver
C09016,Chelsea,White,allenmike@example.net,Toronto,Ontario,2026-07-15,Bronze
C09017,Cody,Avila,kaiserandrew@example.org,Brampton,Ontario,2022-04-30,Bronze
C09018,Billy,Hester,nortega@example.org,Edmonton,Alberta,2024-02-09,Bronze
C09019,Katelyn,Mckay,petersonjason@example.org,Brampton,Ontario,2025-10-25,Silver
C09020,Nancy,Lee,brian97@example.org,Calgary,Alberta,2023-06-18,Bronze
C09021,Travis,Ramos,samantha41@example.org,Calgary,Alberta,2022-02-22,Silver
C09022,Zachary,Anderson,leeheather@example.net,Calgary,Alberta,2024-11-24,Bronze
C09023,Katie,French,phillipsjohn@example.org,Brampton,Ontario,2022-03-11,Bronze
C09024,Susan,Stevens,chavezmargaret@example.net,Toronto,Ontario,2025-09-08,Bronze
C09025,Gregory,Wall,qdixon@example.org,Brampton,Ontario,2026-05-15,Bronze
C09026,John,Carter,angela81@example.org,Ottawa,Ontario,2025-07-20,Gold
C09027,Samuel,Reed,anthonyhoffman@example.com,Calgary,Alberta,2022-11-29,Silver
C09028,Courtney,Robinson,griffinjames@example.org,Edmonton,Alberta,2024-04-22,Bronze
C09029,Richard,Finley,tiffany06@example.org,Calgary,Alberta,2023-11-29,Bronze
C09030,Cynthia,Murphy,renee82@example.org,Edmonton,Alberta,2024-08-27,Silver
C09031,Laura,Burns,xdavidson@example.net,Ottawa,Ontario,2022-02-04,Bronze
C09032,Robin,Johnson,heatherbarber@example.net,Toronto,Ontario,2026-07-15,Bronze
C09033,Brian,Jordan,lisa59@example.net,Calgary,Alberta,2022-03-21,Silver
C09034,Chad,Potter,briggskristi@example.net,Brampton,Ontario,2024-08-17,Bronze
C09035,Jacqueline,Thompson,youngdavid@example.org,Edmonton,Alberta,2024-11-12,Bronze
C09036,Charles,Guerrero,james62@example.net,Ottawa,Ontario,2022-08-15,Bronze
C09037,Mark,Lowe,millerjennifer@example.net,Calgary,Alberta,2022-04-17,Bronze
C09038,Jennifer,Walker,jparker@example.com,Calgary,Alberta,2025-10-11,Silver
C09039,Samantha,Turner,paul12@example.net,Vancouver,British Columbia,2023-12-16,Bronze
C09040,Anthony,West,victorpearson@example.net,Toronto,Ontario,2022-08-02,Gold
C09041,Theresa,Oneal,djohnson@example.org,Brampton,Ontario,2025-11-15,Silver
C09042,Debra,Wilson,michael44@example.org,Hamilton,Ontario,2026-02-21,Bronze
C09043,Russell,Bass,clinedonna@example.com,Hamilton,Ontario,2021-10-27,Silver
C09044,Melanie,Thomas,candice55@example.org,Brampton,Ontario,2025-03-28,Bronze
C09045,Tyler,Mcguire,hflores@example.com,Vancouver,British Columbia,2025-02-21,Gold
C09046,Megan,Gonzalez,ryanschroeder@example.com,Brampton,Ontario,2025-07-05,Bronze
C09047,Kayla,Campos,hbennett@example.com,Vancouver,British Columbia,2024-05-02,Bronze
C09048,Trevor,King,campbellkenneth@example.org,Calgary,Alberta,2026-06-28,Bronze
C09049,Angela,Andersen,cassieleonard@example.net,Toronto,Ontario,2024-08-19,Gold
C09050,Shelley,Anderson,pking@example.com,Hamilton,Ontario,2022-01-28,Silver
C09051,Jose,King,smithmatthew@example.org,Vancouver,British Columbia,2023-10-22,Bronze
C09052,Rebecca,Gibbs,jesus34@example.com,Ottawa,Ontario,2025-12-19,Bronze
C09053,Paul,Bonilla,huangsarah@example.org,Mississauga,Ontario,2025-03-22,Silver
C09054,Kelli,Hoffman,luis76@example.com,Vancouver,British Columbia,2026-03-16,Bronze
C09055,Jeremiah,Ruiz,lisa02@example.org,Vancouver,British Columbia,2024-10-27,Gold
C09056,Michael,Stone,wadams@example.org,Ottawa,Ontario,2026-05-14,Bronze
C09057,Sarah,Robertson,debrahuerta@example.com,Brampton,Ontario,2025-09-21,Bronze
C09058,David,Bishop,wendylarson@example.net,Toronto,Ontario,2023-10-27,Bronze
C09059,Nicholas,Young,robertwilliams@example.org,Toronto,Ontario,2026-07-12,Gold
C09060,Joseph,Roberts,leonardethan@example.org,Edmonton,Alberta,2026-05-29,Bronze
C09061,Ellen,Smith,hamiltonwillie@example.net,Mississauga,Ontario,2022-01-04,Silver
C09062,Rebekah,Cook,xbarnes@example.com,Hamilton,Ontario,2025-05-30,Silver
C09063,Justin,Walsh,spencermarcus@example.org,Hamilton,Ontario,2024-09-23,Bronze
C09064,Alison,Porter,nicole63@example.net,Edmonton,Alberta,2024-03-07,Bronze
C09065,Randall,Morgan,davidhendricks@example.com,Calgary,Alberta,2025-04-25,Gold
C09066,Courtney,Wright,fschultz@example.com,Brampton,Ontario,2023-02-11,Bronze
C09067,Donald,Edwards,clarkantonio@example.net,Edmonton,Alberta,2022-12-06,Gold
C09068,Kevin,Reynolds,woodscraig@example.net,Brampton,Ontario,2024-08-30,Silver
C09069,Sheri,Walls,courtney65@example.org,Ottawa,Ontario,2023-07-01,Bronze
C09070,Darrell,Jordan,williscarl@example.org,Ottawa,Ontario,2022-10-12,Silver
C09071,Pamela,Phillips,william98@example.org,Hamilton,Ontario,2023-11-30,Bronze
C09072,Regina,Fields,gknapp@example.com,Brampton,Ontario,2026-06-01,Silver
C09073,Christopher,Jones,jody10@example.net,Hamilton,Ontario,2024-12-06,Bronze
C09074,Shari,Lane,leslie00@example.com,Hamilton,Ontario,2021-11-26,Bronze
C09075,April,Jones,tracymccann@example.org,Hamilton,Ontario,2023-09-18,Bronze
C09076,Darrell,Pearson,christopherbeck@example.org,Edmonton,Alberta,2022-10-05,Bronze
C09077,Jessica,Bird,rfrank@example.net,Vancouver,British Columbia,2024-06-12,Silver
C09078,Daniel,Klein,hannahduke@example.com,Hamilton,Ontario,2022-02-18,Bronze
C09079,Patrick,Hoover,ashley70@example.com,Brampton,Ontario,2021-12-03,Silver
C09080,Emily,Nelson,jacqueline48@example.net,Calgary,Alberta,2025-06-14,Bronze
C09081,Joseph,Williams,brianna32@example.com,Edmonton,Alberta,2024-10-21,Bronze
C09082,Robert,Baker,justin56@example.net,Ottawa,Ontario,2025-07-26,Silver
C09083,Amanda,Jordan,tjones@example.org,Brampton,Ontario,2025-05-26,Silver
C09084,Jason,Lopez,tromero@example.com,Hamilton,Ontario,2025-01-04,Silver
C09085,Brian,Cruz,callen@example.com,Hamilton,Ontario,2025-03-27,Silver
C09086,James,Payne,wcampbell@example.org,Hamilton,Ontario,2024-08-17,Gold
C09087,Alex,Adams,normansmith@example.org,Toronto,Ontario,2022-06-12,Silver
C09088,John,Cunningham,jacksmith@example.org,Edmonton,Alberta,2022-10-01,Silver
C09089,Lindsay,Mitchell,meghanwatson@example.net,Hamilton,Ontario,2023-05-03,Bronze
C09090,Tammy,Santiago,scott32@example.org,Calgary,Alberta,2021-10-13,Gold
C09091,Thomas,Simon,jimmy75@example.net,Ottawa,Ontario,2024-11-29,Bronze
C09092,Alexander,Howell,fishertroy@example.com,Vancouver,British Columbia,2022-04-15,Bronze
C09093,Autumn,Gross,williamarmstrong@example.net,Ottawa,Ontario,2023-03-30,Gold
C09094,Michael,Ballard,barnetttammy@example.com,Hamilton,Ontario,2022-08-08,Bronze
C09095,Katrina,Davila,tlee@example.net,Brampton,Ontario,2022-08-11,Bronze
C09096,Larry,Lopez,smithpaul@example.net,Toronto,Ontario,2023-09-11,Bronze
C09097,Veronica,Smith,csims@example.com,Vancouver,British Columbia,2024-03-15,Silver
C09098,Andrea,Collins,blyons@example.org,Edmonton,Alberta,2025-05-21,Silver
C09099,Erin,Lloyd,brian86@example.com,Hamilton,Ontario,2024-01-29,Silver
C09100,James,Marsh,jeffrey43@example.net,Toronto,Ontario,2024-12-20,Bronze
C09101,Henry,Simmons,shelbysexton@example.org,Hamilton,Ontario,2021-08-29,Silver
C09102,Christopher,Bradley,collinsmichelle@example.org,Hamilton,Ontario,2023-10-17,Bronze
C09103,Jennifer,Smith,angelaclark@example.net,Calgary,Alberta,2025-07-22,Bronze
C09104,Evan,Castro,angelaford@example.org,Edmonton,Alberta,2022-07-17,Silver
C09105,Mitchell,Dixon,tonygriffin@example.net,Mississauga,Ontario,2022-04-06,Bronze
C09106,April,Greer,benjamin01@example.com,Ottawa,Ontario,2023-03-29,Bronze
C09107,Evan,York,hmelton@example.net,Toronto,Ontario,2026-03-17,Silver
C09108,Mitchell,Reynolds,darrell63@example.org,Mississauga,Ontario,2021-09-07,Bronze
C09109,Ronald,Benitez,jenniferware@example.net,Mississauga,Ontario,2023-11-01,Bronze
C09110,Felicia,Rodriguez,michael45@example.com,Brampton,Ontario,2022-11-27,Bronze
C09111,Kristina,Abbott,brandonsmith@example.com,Vancouver,British Columbia,2025-01-31,Silver
C09112,Victoria,Little,mccoywendy@example.com,Mississauga,Ontario,2022-10-27,Silver
C09113,Brenda,Watts,erodriguez@example.net,Ottawa,Ontario,2026-04-29,Bronze
C09114,Elizabeth,Davis,tylerbaird@example.org,Brampton,Ontario,2023-07-11,Gold
C09115,Shelby,Davis,cynthiaallen@example.org,Vancouver,British Columbia,2022-03-04,Bronze
C09116,Ruth,Glass,william20@example.net,Edmonton,Alberta,2025-04-03,Bronze
C09117,Mark,Acevedo,lisacochran@example.com,Hamilton,Ontario,2022-01-03,Bronze
C09118,Christine,Fisher,mtaylor@example.com,Toronto,Ontario,2025-05-16,Silver
C09119,Jessica,Harris,james27@example.net,Vancouver,British Columbia,2025-04-03,Bronze
C09120,Anne,Williams,hoffmanrachel@example.net,Ottawa,Ontario,2024-05-19,Bronze
C09121,Stacy,Black,fwalker@example.org,Hamilton,Ontario,2023-01-14,Bronze
C09122,Kimberly,Barton,kenneth79@example.org,Hamilton,Ontario,2026-07-24,Bronze
C09123,Patrick,Williams,lprice@example.com,Toronto,Ontario,2022-05-04,Bronze
C09124,Ricardo,Downs,garyallen@example.com,Toronto,Ontario,2023-09-20,Silver
C09125,Eric,Lozano,clintonwest@example.org,Ottawa,Ontario,2024-01-15,Bronze
C09126,Stephanie,Clark,perrypamela@example.com,Brampton,Ontario,2025-04-02,Silver
C09127,Regina,Miranda,lgoodman@example.com,Ottawa,Ontario,2022-09-22,Bronze
C09128,Alexander,Avila,michaellong@example.net,Calgary,Alberta,2024-01-13,Silver
C09129,Pam,Nguyen,betty64@example.com,Brampton,Ontario,2023-04-10,Bronze
C09130,Michael,Spencer,markberry@example.com,Hamilton,Ontario,2024-10-12,Silver
C09131,Nina,Lopez,vwilliams@example.org,Ottawa,Ontario,2026-07-12,Silver
C09132,Jasmin,Greer,lbenson@example.net,Brampton,Ontario,2022-01-23,Bronze
C09133,Michelle,Garcia,aguilargail@example.org,Ottawa,Ontario,2023-01-20,Bronze
C09134,Dean,Williams,gwood@example.com,Edmonton,Alberta,2026-03-03,Bronze
C09135,Nathaniel,Reid,daniel72@example.org,Edmonton,Alberta,2022-07-14,Bronze
C09136,Bradley,Smith,chavezanthony@example.net,Brampton,Ontario,2023-07-12,Bronze
C09137,Tara,Smith,zunigapatrick@example.net,Ottawa,Ontario,2024-02-20,Bronze
C09138,Christopher,Bates,jenna45@example.org,Ottawa,Ontario,2023-02-26,Silver
C09139,Lonnie,Thompson,johnshelton@example.org,Edmonton,Alberta,2024-01-17,Bronze
C09140,Taylor,Short,mmartinez@example.com,Vancouver,British Columbia,2025-10-11,Silver
C09141,Joshua,Arellano,xthomas@example.net,Toronto,Ontario,2024-01-26,Silver
C09142,Matthew,Costa,silvaapril@example.net,Vancouver,British Columbia,2024-10-06,Bronze
C09143,Jonathan,Stanton,robert51@example.net,Brampton,Ontario,2024-03-29,Bronze
C09144,Kelly,Wright,pibarra@example.com,Hamilton,Ontario,2025-01-03,Silver
C09145,Jenna,Nichols,patrickbrown@example.org,Calgary,Alberta,2023-05-03,Bronze
C09146,Elizabeth,Lawrence,plewis@example.net,Hamilton,Ontario,2023-07-17,Bronze
C09147,Chad,Wolf,nicholaslee@example.com,Edmonton,Alberta,2026-07-09,Silver
C09148,Melanie,Ryan,joystewart@example.com,Ottawa,Ontario,2022-06-23,Bronze
C09149,Harold,Mccormick,waynemyers@example.com,Mississauga,Ontario,2022-01-19,Bronze
C09150,Timothy,Griffith,albertgutierrez@example.com,Edmonton,Alberta,2022-05-12,Bronze
C09151,Sophia,Hicks,davispriscilla@example.net,Brampton,Ontario,2026-04-20,Bronze
C09152,Misty,Chavez,trevinojeffery@example.net,Calgary,Alberta,2021-07-29,Silver
C09153,Kelli,Jackson,eric32@example.org,Hamilton,Ontario,2023-02-01,Bronze
C09154,Courtney,Simpson,ckelley@example.net,Vancouver,British Columbia,2021-09-02,Bronze
C09155,Jessica,Schneider,shanecameron@example.com,Ottawa,Ontario,2023-12-16,Bronze
C09156,Linda,Lopez,philip58@example.org,Hamilton,Ontario,2023-06-01,Bronze
C09157,Brian,Barry,jenniferoconnor@example.org,Ottawa,Ontario,2024-01-19,Bronze
C09158,Alexander,Medina,sandersmelody@example.org,Edmonton,Alberta,2022-04-12,Silver
C09159,Deanna,Perez,samanthayoung@example.org,Brampton,Ontario,2025-10-30,Silver
C09160,Monique,Harmon,victoria45@example.org,Vancouver,British Columbia,2023-09-21,Bronze
C09161,Joseph,Humphrey,paullara@example.org,Calgary,Alberta,2022-01-28,Silver
C09162,Tyler,Brown,rogersscott@example.com,Ottawa,Ontario,2024-04-15,Silver
C09163,Barbara,Kemp,ryan55@example.org,Brampton,Ontario,2024-01-22,Bronze
C09164,Erica,Walker,richardwade@example.com,Calgary,Alberta,2026-02-20,Bronze
C09165,Kathleen,Mckee,daniellejones@example.com,Edmonton,Alberta,2025-10-20,Bronze
C09166,Amy,Hall,boylematthew@example.com,Vancouver,British Columbia,2025-02-20,Silver
C09167,Jill,Harris,kanejason@example.org,Calgary,Alberta,2024-03-14,Silver
C09168,John,Baker,smithbrian@example.net,Hamilton,Ontario,2024-11-04,Silver
C09169,Amanda,Nunez,vicki25@example.com,Vancouver,British Columbia,2025-06-18,Bronze
C09170,Michelle,Smith,derekmartin@example.com,Brampton,Ontario,2022-01-24,Gold
C09171,Ryan,Shaffer,bauerjames@example.com,Edmonton,Alberta,2025-12-17,Bronze
C09172,Christopher,Juarez,nicholsonjennifer@example.com,Edmonton,Alberta,2024-05-17,Bronze
C09173,Stacey,Brooks,brockmonica@example.org,Hamilton,Ontario,2026-04-10,Gold
C09174,Brian,Chapman,ryannicholas@example.org,Vancouver,British Columbia,2022-11-22,Bronze
C09175,Theresa,Kelly,clarkmary@example.net,Brampton,Ontario,2024-09-27,Bronze
C09176,Jerry,Barker,hmckinney@example.net,Toronto,Ontario,2022-12-23,Bronze
C09177,Dave,Hale,greenvictoria@example.net,Hamilton,Ontario,2021-12-03,Silver
C09178,Robert,Key,johnsonnicolas@example.net,Toronto,Ontario,2025-07-08,Silver
C09179,Daniel,Moran,dakotabowen@example.com,Edmonton,Alberta,2025-07-12,Bronze
C09180,Julia,Meyer,saraphillips@example.com,Hamilton,Ontario,2021-12-27,Silver
C09181,Jill,Lawrence,frenchkristine@example.net,Toronto,Ontario,2021-08-31,Bronze
C09182,Tanya,Martin,vrodriguez@example.net,Mississauga,Ontario,2022-09-09,Bronze
C09183,Kelli,Harmon,medinacarrie@example.org,Toronto,Ontario,2025-12-10,Bronze
C09184,Robert,Cooper,garciapeter@example.net,Brampton,Ontario,2023-03-26,Bronze
C09185,Diane,Curry,lawrence33@example.net,Calgary,Alberta,2022-09-02,Bronze
C09186,Jeffrey,Martin,linda14@example.org,Vancouver,British Columbia,2025-07-01,Bronze
C09187,Jonathan,Herrera,welchjacqueline@example.net,Vancouver,British Columbia,2026-05-16,Silver
C09188,Melanie,Hall,pmcdonald@example.org,Mississauga,Ontario,2026-04-19,Bronze
C09189,Amy,Adams,ygregory@example.com,Calgary,Alberta,2025-10-14,Bronze
C09190,Joseph,Hernandez,audreyjackson@example.org,Vancouver,British Columbia,2022-02-12,Bronze
C09191,Travis,Davidson,mtodd@example.net,Toronto,Ontario,2021-09-10,Bronze
C09192,Michael,Gallagher,cooperanne@example.com,Edmonton,Alberta,2026-06-21,Bronze
C09193,Billy,Lamb,tflores@example.com,Calgary,Alberta,2026-01-21,Bronze
C09194,Dennis,Hill,arianakent@example.org,Edmonton,Alberta,2023-05-01,Bronze
C09195,Joseph,Bond,richard05@example.com,Calgary,Alberta,2021-08-15,Silver
C09196,Brittany,Gould,kimmark@example.net,Brampton,Ontario,2024-09-19,Bronze
C09197,Gerald,Edwards,holtmark@example.org,Edmonton,Alberta,2021-07-27,Bronze
C09198,Stephanie,Rivera,fhall@example.net,Ottawa,Ontario,2024-11-02,Silver
C09199,Paula,Garcia,nelsonsusan@example.org,Vancouver,British Columbia,2021-12-23,Bronze
C09200,Timothy,Brown,danielle08@example.com,Hamilton,Ontario,2026-03-30,Bronze
C09201,Leslie,Moran,amy17@example.org,Mississauga,Ontario,2025-03-31,Bronze
C09202,Kelsey,Williams,peter36@example.org,Edmonton,Alberta,2021-09-16,Silver
C09203,Susan,Rice,kevinbaker@example.net,Hamilton,Ontario,2022-05-03,Silver
C09204,Karen,Brown,lawrencemarquez@example.net,Mississauga,Ontario,2025-05-30,Bronze
C09205,Anthony,Crane,melaniebrown@example.org,Calgary,Alberta,2025-06-26,Bronze
C09206,Michele,Oliver,williamwatkins@example.org,Hamilton,Ontario,2023-10-11,Silver
C09207,Ian,Diaz,burnettamy@example.net,Mississauga,Ontario,2026-06-05,Bronze
C09208,Jessica,Davis,zwilliamson@example.net,Calgary,Alberta,2024-12-05,Bronze
C09209,David,Nelson,iparker@example.net,Vancouver,British Columbia,2021-12-12,Silver
C09210,Richard,Robinson,thomaskevin@example.net,Toronto,Ontario,2024-04-06,Bronze
C09211,Bonnie,Taylor,davisrichard@example.net,Ottawa,Ontario,2026-07-17,Bronze
C09212,Sherry,Williams,karen91@example.org,Hamilton,Ontario,2024-07-11,Bronze
C09213,Robert,Palmer,lonnie06@example.net,Edmonton,Alberta,2022-10-10,Bronze
C09214,John,Chung,susanadams@example.net,Toronto,Ontario,2026-01-16,Bronze
C09215,Angela,Cantu,yrivas@example.net,Hamilton,Ontario,2021-10-27,Bronze
C09216,Lucas,Gardner,adrian56@example.net,Hamilton,Ontario,2021-08-13,Bronze
C09217,Alexandra,Best,matthewramirez@example.net,Hamilton,Ontario,2026-07-03,Bronze
C09218,Christine,Rasmussen,erinjones@example.org,Ottawa,Ontario,2025-04-17,Silver
C09219,Michael,Whitaker,jo21@example.com,Hamilton,Ontario,2025-09-07,Bronze
C09220,Richard,Fisher,marcusbuchanan@example.com,Mississauga,Ontario,2024-12-07,Bronze
C09221,Dawn,Marsh,qrodriguez@example.com,Ottawa,Ontario,2025-03-08,Bronze
C09222,Jeremiah,Leon,rebecca59@example.com,Calgary,Alberta,2022-06-26,Bronze
C09223,Maria,Ramos,robertsjessica@example.org,Hamilton,Ontario,2024-10-05,Bronze
C09224,Alicia,Nelson,jeremymendez@example.net,Mississauga,Ontario,2022-05-21,Silver
C09225,Brandy,Jenkins,fitzgeraldsandra@example.net,Hamilton,Ontario,2025-06-11,Bronze
C09226,Kayla,Johnson,justin64@example.com,Hamilton,Ontario,2022-07-30,Silver
C09227,Ashley,Smith,elizabeth31@example.com,Hamilton,Ontario,2021-09-16,Bronze
C09228,Misty,Wright,nwerner@example.org,Brampton,Ontario,2025-04-05,Bronze
C09229,Nicole,Wheeler,juliejohnson@example.net,Brampton,Ontario,2023-04-15,Bronze
C09230,Matthew,Jones,bkerr@example.com,Calgary,Alberta,2022-06-12,Bronze
C09231,Nicholas,Romero,tina17@example.com,Vancouver,British Columbia,2026-04-15,Silver
C09232,Brandon,Whitehead,vasquezana@example.org,Hamilton,Ontario,2024-10-28,Bronze
C09233,Sara,Curtis,fergusonmaria@example.net,Calgary,Alberta,2024-12-24,Bronze
C09234,Corey,Blair,ncastro@example.net,Mississauga,Ontario,2026-05-01,Silver
C09235,Marvin,Horton,dustinbrown@example.com,Mississauga,Ontario,2024-01-25,Silver
C09236,Vicki,Gomez,bateshenry@example.org,Brampton,Ontario,2024-03-27,Bronze
C09237,Erin,Campbell,tinasmith@example.org,Calgary,Alberta,2023-03-30,Silver
C09238,Edwin,Jones,solismichael@example.org,Ottawa,Ontario,2024-01-20,Bronze
C09239,Tonya,Diaz,brian34@example.org,Hamilton,Ontario,2022-02-22,Bronze
C09240,Derek,Jones,allenhendricks@example.org,Toronto,Ontario,2024-12-22,Bronze
C09241,Andrew,David,michaelfletcher@example.net,Hamilton,Ontario,2022-08-01,Bronze
C09242,Raymond,Rollins,hhopkins@example.org,Hamilton,Ontario,2021-09-16,Bronze
C09243,Paula,Lyons,lauralara@example.net,Ottawa,Ontario,2022-08-17,Bronze
C09244,Richard,Ross,bwatts@example.com,Toronto,Ontario,2025-06-12,Bronze
C09245,Cynthia,Davis,millercolleen@example.net,Toronto,Ontario,2023-06-26,Bronze
C09246,Karen,Olson,peterjohnson@example.net,Edmonton,Alberta,2024-11-20,Bronze
C09247,Katherine,Vega,jwade@example.net,Calgary,Alberta,2023-06-09,Silver
C09248,Brenda,Carter,ambergraham@example.com,Vancouver,British Columbia,2024-09-01,Gold
C09249,Amanda,Thomas,jerryprice@example.org,Hamilton,Ontario,2023-03-08,Silver
C09250,Andrea,Acosta,christianrobbins@example.net,Calgary,Alberta,2026-03-14,Silver
C09251,Leslie,Mendez,qingram@example.com,Ottawa,Ontario,2022-08-21,Bronze
C09252,Jessica,Roth,gmendez@example.org,Mississauga,Ontario,2022-12-19,Bronze
C09253,Lori,Wilkerson,kgriffin@example.org,Brampton,Ontario,2022-02-14,Bronze
C09254,Jeremy,Morales,johnbryant@example.org,Mississauga,Ontario,2023-09-13,Bronze
C09255,Brittany,James,smcclain@example.net,Toronto,Ontario,2022-02-07,Silver
C09256,Mary,Griffith,donnadaniel@example.com,Toronto,Ontario,2026-07-13,Bronze
C09257,Michael,Dyer,michelebrown@example.com,Toronto,Ontario,2023-07-11,Silver
C09258,Bianca,Thomas,jade24@example.com,Edmonton,Alberta,2025-08-02,Bronze
C09259,Erik,Smith,brianscott@example.com,Vancouver,British Columbia,2023-03-06,Bronze
C09260,Tyler,Tran,sierra08@example.net,Calgary,Alberta,2023-07-19,Bronze
C09261,Deanna,Mills,solisnathan@example.net,Calgary,Alberta,2024-12-28,Bronze
C09262,Jennifer,Hale,smitchell@example.com,Hamilton,Ontario,2022-07-12,Bronze
C09263,Margaret,Knight,josephross@example.net,Brampton,Ontario,2023-11-30,Bronze
C09264,Daniel,Payne,michaelsalazar@example.com,Mississauga,Ontario,2021-12-16,Silver
C09265,Mark,Taylor,brendandelgado@example.org,Hamilton,Ontario,2023-06-02,Gold
C09266,Lindsay,Tran,nicholstyler@example.org,Ottawa,Ontario,2024-10-28,Bronze
C09267,Lisa,Brown,abailey@example.com,Mississauga,Ontario,2025-04-28,Bronze
C09268,Christopher,Rogers,nlawrence@example.com,Toronto,Ontario,2024-11-13,Gold
C09269,Martin,Cook,kara67@example.org,Calgary,Alberta,2025-04-21,Bronze
C09270,Karl,Rojas,mchen@example.org,Calgary,Alberta,2023-07-14,Gold
C09271,Sharon,Wilkins,michaeldixon@example.com,Mississauga,Ontario,2024-11-07,Bronze
C09272,Anthony,Thompson,sullivanearl@example.org,Calgary,Alberta,2021-11-13,Silver
C09273,Douglas,Harris,peter03@example.net,Brampton,Ontario,2025-07-08,Silver
C09274,Amanda,Bolton,cortezjeffrey@example.net,Hamilton,Ontario,2025-01-27,Bronze
C09275,James,Mcfarland,lisawalker@example.com,Vancouver,British Columbia,2024-06-30,Silver
C09276,Patricia,Conrad,barneslisa@example.net,Ottawa,Ontario,2021-12-25,Bronze
C09277,Nathan,Stanley,pbrooks@example.org,Edmonton,Alberta,2021-10-06,Bronze
C09278,Samantha,Singleton,autumn49@example.org,Brampton,Ontario,2025-05-24,Bronze
C09279,Devin,Martinez,maria39@example.com,Edmonton,Alberta,2024-11-11,Bronze
C09280,Isaiah,Serrano,millertammy@example.net,Calgary,Alberta,2023-03-11,Bronze
C09281,Joshua,Thomas,mduran@example.net,Calgary,Alberta,2025-04-21,Silver
C09282,John,Robertson,woodsteresa@example.net,Calgary,Alberta,2022-05-04,Bronze
C09283,Eric,Rodriguez,mckenziekeith@example.com,Toronto,Ontario,2025-07-11,Silver
C09284,Howard,Harper,xhamilton@example.org,Vancouver,British Columbia,2024-05-19,Bronze
C09285,Regina,Watson,tmalone@example.net,Calgary,Alberta,2023-02-16,Bronze
C09286,Jessica,Hall,doris53@example.com,Toronto,Ontario,2022-01-23,Silver
C09287,Ann,Lynch,yharris@example.org,Hamilton,Ontario,2024-06-30,Bronze
C09288,Veronica,Sanchez,wsoto@example.com,Ottawa,Ontario,2024-03-12,Silver
C09289,Jennifer,Knight,carolynobrien@example.net,Edmonton,Alberta,2026-03-23,Bronze
C09290,Andrew,Lowery,ortizkaren@example.net,Ottawa,Ontario,2025-03-26,Silver
C09291,Juan,Nguyen,stacey93@example.net,Toronto,Ontario,2024-05-14,Bronze
C09292,Ashley,Brown,hayescarrie@example.org,Calgary,Alberta,2026-01-10,Bronze
C09293,Brenda,Brown,foxphyllis@example.com,Toronto,Ontario,2025-06-24,Bronze
C09294,Cynthia,King,sandralewis@example.com,Mississauga,Ontario,2024-02-02,Silver
C09295,Vanessa,Chen,qanderson@example.org,Brampton,Ontario,2025-06-03,Bronze
C09296,Curtis,Arias,masonchristian@example.net,Hamilton,Ontario,2023-11-26,Silver
C09297,Gerald,Johnson,connercarly@example.net,Brampton,Ontario,2025-02-25,Bronze
C09298,Gregory,Wallace,lunarichard@example.org,Brampton,Ontario,2025-02-16,Gold
C09299,Renee,Bell,karenpeterson@example.org,Toronto,Ontario,2023-06-30,Bronze
C09300,Cameron,Henderson,fishercraig@example.net,Toronto,Ontario,2023-08-18,Silver
C09301,George,Perkins,jerry46@example.net,Ottawa,Ontario,2025-11-24,Bronze
C09302,Natasha,Crosby,jessica62@example.com,Vancouver,British Columbia,2024-05-08,Bronze
C09303,Jessica,Ramos,william29@example.net,Ottawa,Ontario,2024-02-17,Silver
C09304,Christopher,Yang,mmartinez@example.net,Ottawa,Ontario,2026-05-29,Gold
C09305,Christina,Lopez,jaredgonzales@example.net,Calgary,Alberta,2025-12-20,Bronze
C09306,Matthew,Harrison,martin99@example.net,Hamilton,Ontario,2025-09-16,Silver
C09307,Brenda,Miller,mary36@example.net,Vancouver,British Columbia,2021-08-02,Silver
C09308,David,Li,johnsonashley@example.com,Hamilton,Ontario,2024-06-22,Gold
C09309,Tyler,Wade,hsanders@example.org,Vancouver,British Columbia,2026-01-17,Bronze
C09310,Lauren,Dean,donaldthomas@example.org,Hamilton,Ontario,2022-11-01,Silver
C09311,Julie,Kaiser,bradley72@example.com,Vancouver,British Columbia,2021-09-05,Bronze
C09312,Emma,Alvarez,iobrien@example.net,Hamilton,Ontario,2022-01-22,Silver
C09313,Elizabeth,Wood,cassandraoconnor@example.com,Calgary,Alberta,2025-08-29,Bronze
C09314,James,Henry,coffeyrichard@example.com,Mississauga,Ontario,2021-09-11,Bronze
C09315,Donna,Dillon,davidmoody@example.org,Ottawa,Ontario,2024-08-24,Bronze
C09316,Dustin,Meza,jasonsullivan@example.org,Vancouver,British Columbia,2024-05-05,Bronze
C09317,Courtney,Johnson,brian96@example.net,Ottawa,Ontario,2026-07-19,Bronze
C09318,Paul,Brown,rebeccaking@example.org,Edmonton,Alberta,2023-05-08,Silver
C09319,Tara,Davis,mauricewallace@example.net,Vancouver,British Columbia,2021-11-10,Gold
C09320,Robin,Farmer,marthaenglish@example.net,Brampton,Ontario,2026-07-03,Bronze
C09321,Jackie,Mckee,santanajohn@example.com,Calgary,Alberta,2022-02-27,Silver
C09322,Melanie,Bullock,barnesmichael@example.net,Calgary,Alberta,2022-11-25,Silver
C09323,Jeffrey,Kline,gbarnett@example.com,Ottawa,Ontario,2024-04-28,Silver
C09324,Brian,Flores,mollycook@example.com,Brampton,Ontario,2023-04-19,Silver
C09325,Jeffrey,James,joe89@example.com,Toronto,Ontario,2024-08-25,Bronze
C09326,Jenna,Woodward,timothywagner@example.com,Toronto,Ontario,2021-11-08,Bronze
C09327,Heather,Stone,amandamartinez@example.net,Hamilton,Ontario,2025-04-20,Bronze
C09328,Leslie,Mccullough,laurie41@example.org,Toronto,Ontario,2025-04-04,Bronze
C09329,Joshua,Leonard,francisco94@example.com,Toronto,Ontario,2025-03-30,Bronze
C09330,Meredith,Jones,hweber@example.com,Calgary,Alberta,2026-06-07,Silver
C09331,Laura,Reyes,byrdjill@example.org,Ottawa,Ontario,2023-08-19,Gold
C09332,Alex,Martinez,hbaker@example.com,Brampton,Ontario,2021-10-14,Bronze
C09333,Donna,Meza,xcampbell@example.com,Hamilton,Ontario,2023-06-01,Silver
C09334,Steve,Castillo,kim43@example.org,Calgary,Alberta,2022-03-21,Bronze
C09335,Monica,Harris,melanie17@example.com,Edmonton,Alberta,2022-03-28,Bronze
C09336,Sean,Berry,tatekatherine@example.org,Ottawa,Ontario,2024-01-18,Bronze
C09337,Robert,Hardy,rvega@example.net,Toronto,Ontario,2022-06-11,Bronze
C09338,Rebecca,Meyers,stewartjames@example.net,Calgary,Alberta,2023-08-29,Bronze
C09339,Nicholas,Stewart,jessicaprice@example.net,Toronto,Ontario,2022-02-25,Gold
C09340,Carlos,Moore,travisgomez@example.org,Brampton,Ontario,2024-11-15,Bronze
C09341,Linda,Vazquez,ywong@example.com,Ottawa,Ontario,2026-02-27,Silver
C09342,Eric,Duarte,carterjames@example.net,Calgary,Alberta,2022-05-16,Bronze
C09343,Jennifer,White,nunezscott@example.org,Edmonton,Alberta,2025-04-29,Bronze
C09344,Karen,Adams,scott80@example.net,Vancouver,British Columbia,2024-07-16,Bronze
C09345,Stephanie,Rios,kanestephen@example.org,Edmonton,Alberta,2025-10-31,Bronze
C09346,Cynthia,Mosley,watsonrebecca@example.org,Edmonton,Alberta,2023-10-20,Silver
C09347,Melvin,Baldwin,vconrad@example.org,Calgary,Alberta,2025-05-18,Gold
C09348,Frank,Booker,michael39@example.org,Edmonton,Alberta,2026-02-06,Bronze
C09349,Amanda,Hughes,ianfranco@example.net,Toronto,Ontario,2023-12-09,Silver
C09350,Karen,Taylor,aaron39@example.org,Toronto,Ontario,2022-04-08,Bronze
C09351,Barbara,Thompson,leeaaron@example.net,Brampton,Ontario,2026-01-14,Silver
C09352,Richard,Pierce,brooksthomas@example.com,Mississauga,Ontario,2022-12-26,Bronze
C09353,Ethan,Shelton,morganstephanie@example.net,Ottawa,Ontario,2026-03-24,Silver
C09354,Michael,Jones,michaelromero@example.com,Calgary,Alberta,2023-11-24,Bronze
C09355,Rebecca,Harris,timothy84@example.net,Brampton,Ontario,2022-11-22,Gold
C09356,Julie,Mckinney,traci27@example.net,Toronto,Ontario,2023-09-12,Bronze
C09357,Thomas,Russell,kristineadams@example.com,Brampton,Ontario,2024-06-13,Bronze
C09358,Stephen,Beck,vgreen@example.com,Hamilton,Ontario,2025-02-18,Gold
C09359,Yvonne,Brown,igraham@example.net,Brampton,Ontario,2023-09-16,Silver
C09360,Samantha,Johnson,lmack@example.net,Mississauga,Ontario,2021-11-14,Bronze
C09361,Tracy,Stewart,ryansanders@example.net,Brampton,Ontario,2025-11-03,Gold
C09362,Jaclyn,Smith,ngregory@example.com,Edmonton,Alberta,2022-10-19,Bronze
C09363,Gerald,Barker,evelynlee@example.com,Vancouver,British Columbia,2026-04-12,Silver
C09364,Benjamin,Sanders,edward22@example.org,Calgary,Alberta,2024-05-29,Bronze
C09365,Todd,Pratt,andrew61@example.org,Ottawa,Ontario,2023-04-30,Bronze
C09366,Larry,Park,smithrebecca@example.org,Calgary,Alberta,2023-04-21,Silver
C09367,Terri,Foley,robertmitchell@example.org,Brampton,Ontario,2024-07-15,Bronze
C09368,Kathleen,Velazquez,wcastaneda@example.com,Toronto,Ontario,2023-09-28,Silver
C09369,Kristin,Moon,srobinson@example.net,Brampton,Ontario,2023-01-07,Silver
C09370,Diana,Herrera,rmoore@example.com,Ottawa,Ontario,2025-11-18,Silver
C09371,Jennifer,Gibson,sgill@example.com,Brampton,Ontario,2022-05-17,Bronze
C09372,Cassandra,White,aaronclark@example.org,Ottawa,Ontario,2025-04-15,Bronze
C09373,Gerald,Calderon,julian72@example.org,Brampton,Ontario,2023-06-20,Silver
C09374,Natalie,Brown,christopherfreeman@example.com,Ottawa,Ontario,2022-12-17,Gold
C09375,Austin,Miller,andrew74@example.org,Toronto,Ontario,2021-09-16,Bronze
C09376,Steven,Eaton,ortizrobert@example.net,Brampton,Ontario,2024-05-23,Bronze
C09377,Jay,Wood,ngreen@example.org,Mississauga,Ontario,2023-05-15,Silver
C09378,Lisa,Haynes,knightscott@example.org,Calgary,Alberta,2021-12-18,Bronze
C09379,Steven,Tanner,sherihunt@example.com,Vancouver,British Columbia,2026-02-22,Bronze
C09380,Linda,Davis,kevin28@example.net,Hamilton,Ontario,2022-05-18,Bronze
C09381,Hannah,Bradford,reidamanda@example.com,Toronto,Ontario,2026-03-17,Silver
C09382,Thomas,Williams,janiceclark@example.org,Edmonton,Alberta,2024-12-14,Silver
C09383,Michael,Davis,cgeorge@example.org,Mississauga,Ontario,2021-07-29,Bronze
C09384,Robert,Harmon,nflowers@example.net,Brampton,Ontario,2024-07-14,Bronze
C09385,Victor,Le,kelly19@example.org,Mississauga,Ontario,2024-08-19,Bronze
C09386,Elizabeth,Deleon,jeffrey24@example.net,Edmonton,Alberta,2021-09-24,Bronze
C09387,Kathryn,Bowman,maddenkelsey@example.net,Hamilton,Ontario,2025-09-02,Bronze
C09388,Lindsey,Graham,davidjackson@example.net,Brampton,Ontario,2024-01-28,Silver
C09389,Nina,Booth,gkeller@example.net,Mississauga,Ontario,2025-03-21,Silver
C09390,Bethany,White,nicholsonfrank@example.net,Edmonton,Alberta,2022-08-13,Bronze
C09391,Sarah,Flowers,nhansen@example.org,Mississauga,Ontario,2024-04-08,Bronze
C09392,Jason,Patel,torresdanielle@example.com,Calgary,Alberta,2026-04-04,Bronze
C09393,Autumn,Stevenson,zgreen@example.net,Ottawa,Ontario,2026-04-27,Bronze
C09394,Michael,Jackson,mcintyrepeter@example.org,Brampton,Ontario,2023-10-06,Bronze
C09395,Francisco,Taylor,riosapril@example.net,Vancouver,British Columbia,2022-05-24,Silver
C09396,Joshua,Clark,gabriellefisher@example.com,Toronto,Ontario,2026-06-23,Bronze
C09397,Tiffany,Rodriguez,rick98@example.net,Calgary,Alberta,2022-04-15,Bronze
C09398,Yvonne,Vargas,ronaldperez@example.org,Calgary,Alberta,2025-07-12,Silver
C09399,Sherry,Lucas,qdiaz@example.com,Toronto,Ontario,2023-12-31,Bronze
C09400,Erin,Gallagher,kelly74@example.net,Mississauga,Ontario,2024-06-09,Bronze
C09401,Jessica,Harris,sean21@example.net,Ottawa,Ontario,2026-06-21,Silver
C09402,Cynthia,Simpson,vhickman@example.org,Edmonton,Alberta,2024-04-09,Silver
C09403,Traci,Parker,steven82@example.org,Vancouver,British Columbia,2023-08-10,Silver
C09404,Alexis,Nguyen,yjohnson@example.org,Mississauga,Ontario,2022-03-15,Gold
C09405,Richard,Maxwell,curtisjessica@example.org,Edmonton,Alberta,2022-01-11,Bronze
C09406,Patrick,Guerrero,qsmith@example.org,Edmonton,Alberta,2023-12-16,Bronze
C09407,Joshua,Le,lisahunter@example.org,Vancouver,British Columbia,2026-01-06,Silver
C09408,Steven,Barron,westtroy@example.net,Hamilton,Ontario,2023-09-18,Bronze
C09409,Mark,Alvarez,bryanaguirre@example.org,Vancouver,British Columbia,2025-01-13,Gold
C09410,Jennifer,Mercado,shannondavis@example.net,Hamilton,Ontario,2025-07-17,Silver
C09411,Joshua,Barnett,larrydixon@example.org,Mississauga,Ontario,2024-03-26,Bronze
C09412,Jennifer,Johnson,aaron17@example.net,Vancouver,British Columbia,2021-12-12,Bronze
C09413,Rachael,Pearson,psmith@example.org,Ottawa,Ontario,2024-12-12,Silver
C09414,Nicholas,Jones,tmoore@example.net,Mississauga,Ontario,2023-05-22,Gold
C09415,Nathaniel,Johnson,harrischristopher@example.org,Calgary,Alberta,2023-05-01,Bronze
C09416,Shawn,Franklin,tdavis@example.com,Ottawa,Ontario,2022-03-10,Silver
C09417,Colleen,Mcgrath,robinsonkenneth@example.org,Hamilton,Ontario,2025-06-04,Bronze
C09418,Debra,Harrison,robinwilkinson@example.com,Mississauga,Ontario,2022-05-25,Bronze
C09419,Larry,Chan,cynthia21@example.com,Hamilton,Ontario,2022-11-15,Bronze
C09420,Gregory,Herrera,xbarnes@example.net,Ottawa,Ontario,2023-03-31,Gold
C09421,Donald,Sanchez,westangela@example.org,Calgary,Alberta,2021-11-15,Bronze
C09422,Ashley,Phillips,hernandezmonique@example.org,Vancouver,British Columbia,2025-07-17,Bronze
C09423,Alejandra,Hill,andrew41@example.net,Vancouver,British Columbia,2023-04-10,Bronze
C09424,Sean,Taylor,cory10@example.net,Ottawa,Ontario,2024-03-13,Silver
C09425,Ronald,Miller,vhall@example.org,Mississauga,Ontario,2025-04-26,Bronze
C09426,Laurie,Johnson,mcclurerobert@example.net,Ottawa,Ontario,2023-03-10,Bronze
C09427,Anthony,Grant,frankpearson@example.org,Mississauga,Ontario,2025-03-19,Silver
C09428,William,Willis,limorgan@example.com,Mississauga,Ontario,2022-06-09,Bronze
C09429,Anthony,Watkins,whitemichael@example.net,Edmonton,Alberta,2022-04-13,Bronze
C09430,Robert,Gonzales,ann26@example.net,Vancouver,British Columbia,2022-03-03,Bronze
C09431,David,Morgan,charles40@example.net,Mississauga,Ontario,2022-08-27,Bronze
C09432,Tiffany,Simon,matthew57@example.org,Toronto,Ontario,2026-05-06,Silver
C09433,Richard,Mason,porterandrew@example.com,Vancouver,British Columbia,2024-02-15,Bronze
C09434,Erin,Padilla,debra05@example.net,Mississauga,Ontario,2023-06-26,Bronze
C09435,Kathy,Bell,rodriguezgary@example.org,Brampton,Ontario,2024-09-03,Silver
C09436,Tyler,Hodge,cbryant@example.com,Brampton,Ontario,2022-01-19,Bronze
C09437,Stephanie,Bell,rmiller@example.com,Calgary,Alberta,2026-02-13,Bronze
C09438,Katie,Torres,jenniferherrera@example.com,Edmonton,Alberta,2026-04-21,Bronze
C09439,Charlene,Walker,halllisa@example.com,Ottawa,Ontario,2022-07-04,Silver
C09440,Samuel,House,charles24@example.com,Toronto,Ontario,2026-03-08,Silver
C09441,Kristen,Holmes,emitchell@example.com,Mississauga,Ontario,2024-02-12,Bronze
C09442,Michael,Smith,destinymarks@example.org,Ottawa,Ontario,2022-06-06,Bronze
C09443,Samuel,Garcia,lorozco@example.net,Calgary,Alberta,2023-08-06,Silver
C09444,Daniel,Taylor,ipatterson@example.org,Edmonton,Alberta,2024-05-01,Gold
C09445,Tara,Sampson,bauercheryl@example.org,Ottawa,Ontario,2024-09-27,Bronze
C09446,Jose,Landry,maxwellmark@example.com,Hamilton,Ontario,2023-07-17,Gold
C09447,Mark,Santiago,sanchezbarbara@example.com,Ottawa,Ontario,2024-12-26,Gold
C09448,Katelyn,Gonzales,karenfranklin@example.org,Edmonton,Alberta,2024-07-22,Bronze
C09449,Danielle,Salas,foxelizabeth@example.com,Brampton,Ontario,2026-03-06,Gold
C09450,Nathan,Hayes,rossamanda@example.org,Edmonton,Alberta,2025-05-26,Silver
C09451,Jacob,Ross,vsimon@example.org,Ottawa,Ontario,2026-04-16,Bronze
C09452,Angela,Vazquez,andrewjones@example.net,Brampton,Ontario,2022-06-02,Silver
C09453,Kayla,House,ronaldmcmahon@example.net,Mississauga,Ontario,2021-10-25,Bronze
C09454,Steven,Scott,pgordon@example.org,Hamilton,Ontario,2023-04-26,Bronze
C09455,Emma,Cooley,rebecca38@example.com,Vancouver,British Columbia,2024-07-29,Silver
C09456,April,Payne,deannabradley@example.org,Calgary,Alberta,2025-09-13,Bronze
C09457,Diane,Christian,april63@example.net,Toronto,Ontario,2022-09-26,Bronze
C09458,Timothy,Smith,parkerkelly@example.net,Edmonton,Alberta,2024-05-10,Silver
C09459,Kevin,Hayden,veronica90@example.org,Mississauga,Ontario,2022-01-07,Silver
C09460,Kristen,Powell,sgoodwin@example.com,Brampton,Ontario,2023-10-29,Silver
C09461,Timothy,Young,thomasthomas@example.com,Calgary,Alberta,2025-06-27,Silver
C09462,Annette,Davis,johnallen@example.org,Edmonton,Alberta,2024-07-12,Bronze
C09463,Jason,Johnson,gregory34@example.com,Calgary,Alberta,2023-01-10,Silver
C09464,Ricky,Houston,heathermeyer@example.org,Ottawa,Ontario,2024-11-26,Silver
C09465,Dustin,Smith,burkeryan@example.org,Brampton,Ontario,2026-01-19,Gold
C09466,Erica,Taylor,mwright@example.net,Hamilton,Ontario,2022-04-08,Silver
C09467,Nathan,Smith,fredericklinda@example.org,Edmonton,Alberta,2022-02-06,Silver
C09468,Nicholas,Rodgers,osmith@example.com,Brampton,Ontario,2024-11-29,Bronze
C09469,Maureen,Downs,sharonwilson@example.net,Brampton,Ontario,2022-10-26,Silver
C09470,Kelly,Valenzuela,joseph75@example.com,Mississauga,Ontario,2022-04-26,Bronze
C09471,Rachel,Brewer,huntdaniel@example.org,Vancouver,British Columbia,2022-03-03,Bronze
C09472,Robert,Lopez,brandonlee@example.org,Brampton,Ontario,2025-01-04,Bronze
C09473,Kathleen,Smith,andrew86@example.net,Vancouver,British Columbia,2026-01-24,Bronze
C09474,Andrea,Robinson,margaretrobbins@example.net,Vancouver,British Columbia,2023-02-08,Silver
C09475,Julie,Hernandez,josephmartin@example.com,Ottawa,Ontario,2023-01-26,Silver
C09476,Jennifer,Watkins,penamelissa@example.org,Hamilton,Ontario,2025-01-11,Bronze
C09477,Mary,Reese,swilliams@example.org,Mississauga,Ontario,2022-06-05,Bronze
C09478,Matthew,Martinez,jessicamiles@example.net,Brampton,Ontario,2021-10-13,Bronze
C09479,Joseph,Winters,lgarcia@example.com,Calgary,Alberta,2025-07-02,Silver
C09480,Mary,Dominguez,robert78@example.net,Vancouver,British Columbia,2026-04-17,Bronze
C09481,Jackson,Grant,johnsonanita@example.org,Mississauga,Ontario,2025-06-29,Bronze
C09482,Juan,Johnson,zclark@example.org,Edmonton,Alberta,2023-10-19,Bronze
C09483,Kimberly,Blair,michaelstephens@example.com,Brampton,Ontario,2024-03-26,Gold
C09484,Douglas,Klein,zperez@example.org,Toronto,Ontario,2024-10-24,Silver
C09485,Susan,Richmond,rbest@example.com,Vancouver,British Columbia,2022-06-19,Silver
C09486,Vanessa,Washington,nunezebony@example.org,Calgary,Alberta,2026-05-21,Bronze
C09487,Michael,Smith,markdennis@example.net,Vancouver,British Columbia,2025-04-11,Bronze
C09488,Heather,Calhoun,rowlandrachel@example.org,Brampton,Ontario,2022-03-03,Silver
C09489,Austin,Decker,rmaynard@example.org,Brampton,Ontario,2025-11-25,Silver
C09490,Natasha,Edwards,bwilson@example.com,Edmonton,Alberta,2025-05-13,Silver
C09491,Joseph,Wagner,hfleming@example.org,Brampton,Ontario,2025-02-19,Silver
C09492,Roger,Watson,millerchristopher@example.com,Vancouver,British Columbia,2021-11-12,Bronze
C09493,Nathan,Butler,jessicashields@example.com,Ottawa,Ontario,2026-07-08,Bronze
C09494,Joel,Craig,carrillowalter@example.com,Brampton,Ontario,2023-06-12,Bronze
C09495,Tanya,Garcia,blawrence@example.com,Edmonton,Alberta,2021-09-09,Silver
C09496,Michelle,Parker,joel81@example.net,Mississauga,Ontario,2023-09-29,Bronze
C09497,Marilyn,Curry,davisbrandi@example.com,Hamilton,Ontario,2021-12-07,Bronze
C09498,Jessica,Gonzalez,trocha@example.org,Edmonton,Alberta,2024-05-01,Bronze
C09499,Robert,Thomas,brooksbrian@example.org,Calgary,Alberta,2023-07-22,Gold
C09500,Maria,Collins,brandonjensen@example.net,Hamilton,Ontario,2025-04-10,Bronze
C09501,Carl,Moss,jilliansimpson@example.com,Vancouver,British Columbia,2025-01-15,Bronze
C09502,Charles,Torres,austin37@example.com,Ottawa,Ontario,2025-08-14,Bronze
C09503,Harry,Williams,wrightkayla@example.org,Hamilton,Ontario,2026-01-05,Gold
C09504,Darryl,Martin,lawrence00@example.org,Ottawa,Ontario,2023-06-14,Bronze
C09505,James,Curtis,ymorales@example.org,Brampton,Ontario,2023-08-13,Bronze
C09506,Nicole,Harvey,bianca08@example.org,Ottawa,Ontario,2022-08-20,Bronze
C09507,Hannah,Johnston,qsantana@example.com,Brampton,Ontario,2023-03-17,Bronze
C09508,Chad,White,qhuang@example.net,Edmonton,Alberta,2024-10-21,Silver
C09509,Molly,Chandler,matthewmichael@example.net,Mississauga,Ontario,2024-12-30,Bronze
C09510,Alexander,Hardy,kempjonathan@example.net,Vancouver,British Columbia,2022-11-14,Bronze
C09511,Donna,Martin,christinemoses@example.net,Mississauga,Ontario,2025-07-06,Bronze
C09512,Tina,Holmes,dli@example.net,Vancouver,British Columbia,2026-01-03,Bronze
C09513,Rebecca,Wood,stephensmith@example.com,Toronto,Ontario,2025-10-21,Bronze
C09514,Courtney,Maldonado,joshuabecker@example.com,Vancouver,British Columbia,2026-01-02,Bronze
C09515,Dawn,Thomas,bryansanchez@example.org,Calgary,Alberta,2025-01-08,Bronze
C09516,Jacob,Deleon,nicole18@example.net,Ottawa,Ontario,2024-02-24,Silver
C09517,Sara,Trevino,rebecca03@example.com,Toronto,Ontario,2023-02-06,Bronze
C09518,Veronica,Kim,jeromepage@example.com,Mississauga,Ontario,2021-10-27,Bronze
C09519,Diane,Stanley,psmith@example.com,Mississauga,Ontario,2022-03-02,Bronze
C09520,Benjamin,Erickson,amandalogan@example.net,Edmonton,Alberta,2021-12-22,Bronze
C09521,Brandon,Mccall,nolson@example.net,Mississauga,Ontario,2023-09-29,Bronze
C09522,Mark,Hull,laura10@example.org,Ottawa,Ontario,2023-03-03,Silver
C09523,Dale,Hill,mkim@example.net,Mississauga,Ontario,2022-10-06,Bronze
C09524,Vanessa,Mcmillan,gary60@example.com,Toronto,Ontario,2025-05-22,Bronze
C09525,Jamie,Hensley,ltran@example.com,Toronto,Ontario,2023-01-14,Silver
C09526,Christopher,Cox,uthomas@example.net,Calgary,Alberta,2024-03-16,Silver
C09527,Toni,Thomas,jenniferporter@example.net,Ottawa,Ontario,2025-12-21,Bronze
C09528,Steven,Cantu,rebecca85@example.net,Edmonton,Alberta,2024-10-30,Bronze
C09529,Alejandro,Martinez,ygray@example.org,Calgary,Alberta,2024-01-30,Bronze
C09530,Jerry,Holland,josephriley@example.com,Toronto,Ontario,2023-08-11,Bronze
C09531,Jeremy,Young,andrea73@example.org,Mississauga,Ontario,2022-10-21,Silver
C09532,Heather,Martinez,lauraharris@example.net,Toronto,Ontario,2024-09-06,Bronze
C09533,Tom,Ramsey,christy63@example.net,Vancouver,British Columbia,2026-07-13,Bronze
C09534,Amy,Smith,harrisdaniel@example.net,Brampton,Ontario,2022-03-19,Bronze
C09535,Andrew,Esparza,melissa68@example.com,Mississauga,Ontario,2026-07-04,Gold
C09536,Michael,Smith,marcus40@example.org,Calgary,Alberta,2026-04-10,Gold
C09537,Deborah,Brown,xvargas@example.org,Ottawa,Ontario,2025-10-05,Silver
C09538,Devin,Chavez,lopezsandra@example.org,Toronto,Ontario,2026-06-05,Bronze
C09539,Timothy,Williams,caroline85@example.org,Hamilton,Ontario,2026-03-06,Bronze
C09540,Brittany,Elliott,jeanette98@example.com,Vancouver,British Columbia,2023-12-11,Silver
C09541,Sarah,Cannon,ashleyharris@example.org,Vancouver,British Columbia,2022-02-11,Bronze
C09542,Thomas,Harris,rogersmary@example.com,Edmonton,Alberta,2026-06-03,Silver
C09543,Danny,Young,iclark@example.com,Toronto,Ontario,2022-01-30,Bronze
C09544,Jeffrey,Benjamin,douglasbrenda@example.org,Toronto,Ontario,2023-01-11,Silver
C09545,Jack,Smith,david22@example.net,Mississauga,Ontario,2023-05-08,Silver
C09546,Dennis,Davis,patriciaperez@example.org,Vancouver,British Columbia,2025-07-03,Bronze
C09547,Lawrence,Wilson,bryantrodney@example.net,Toronto,Ontario,2022-12-20,Silver
C09548,Michael,Jones,hallkaitlyn@example.com,Ottawa,Ontario,2022-08-05,Silver
C09549,Julie,Jackson,ystewart@example.com,Toronto,Ontario,2024-12-19,Gold
C09550,Tracey,Miller,nroach@example.net,Edmonton,Alberta,2026-07-06,Bronze
C09551,Christine,Madden,clarkedward@example.org,Calgary,Alberta,2022-08-19,Bronze
C09552,Aaron,Suarez,lisaorr@example.com,Edmonton,Alberta,2022-12-04,Bronze
C09553,Rebekah,Gordon,michellesantos@example.org,Vancouver,British Columbia,2024-06-20,Bronze
C09554,Julie,Chandler,lucasangela@example.org,Mississauga,Ontario,2023-12-01,Bronze
C09555,Amber,Lowe,michael06@example.org,Hamilton,Ontario,2022-02-02,Silver
C09556,Kayla,Stanton,rhonda40@example.org,Calgary,Alberta,2026-01-22,Bronze
C09557,Marcus,Russo,mejiasamantha@example.net,Hamilton,Ontario,2023-04-16,Silver
C09558,Todd,Hutchinson,carolyn30@example.net,Brampton,Ontario,2025-08-16,Gold
C09559,Melissa,Odonnell,shelbygoodwin@example.org,Hamilton,Ontario,2022-09-15,Gold
C09560,Gina,Robinson,lmccormick@example.com,Vancouver,British Columbia,2025-03-02,Bronze
C09561,Christopher,Smith,taylorstephanie@example.net,Brampton,Ontario,2026-02-26,Bronze
C09562,Marie,Smith,cpatton@example.net,Brampton,Ontario,2023-08-20,Bronze
C09563,Brandon,Potter,shirleyperez@example.net,Hamilton,Ontario,2026-06-14,Gold
C09564,Nancy,Gonzales,kimberly46@example.net,Edmonton,Alberta,2023-01-31,Bronze
C09565,Sharon,James,thompsonjill@example.org,Brampton,Ontario,2025-03-20,Bronze
C09566,Sydney,Hodges,morganryan@example.net,Calgary,Alberta,2021-12-25,Bronze
C09567,Sara,Edwards,arthurbennett@example.com,Hamilton,Ontario,2024-11-22,Silver
C09568,Vicki,Mckenzie,katherinebutler@example.net,Brampton,Ontario,2022-02-12,Bronze
C09569,Michael,Torres,andreaperez@example.org,Mississauga,Ontario,2025-12-09,Bronze
C09570,Maurice,Anderson,matthewallen@example.org,Ottawa,Ontario,2026-03-31,Bronze
C09571,Breanna,Underwood,jstevenson@example.org,Toronto,Ontario,2026-05-24,Gold
C09572,Debra,James,wpierce@example.org,Brampton,Ontario,2025-04-14,Silver
C09573,Brandon,Rodriguez,kyleoliver@example.com,Ottawa,Ontario,2023-05-27,Bronze
C09574,Angela,Walters,dhayes@example.org,Ottawa,Ontario,2023-06-03,Bronze
C09575,Donald,Holmes,ambersmith@example.org,Brampton,Ontario,2024-01-17,Bronze
C09576,Patrick,Parker,stephanie84@example.net,Edmonton,Alberta,2021-09-02,Bronze
C09577,Stephanie,Parker,jbryant@example.com,Vancouver,British Columbia,2023-12-17,Silver
C09578,Jared,Dalton,stewartjillian@example.net,Calgary,Alberta,2026-04-09,Bronze
C09579,Mackenzie,Guerrero,ojones@example.org,Toronto,Ontario,2021-12-10,Silver
C09580,Kaitlyn,Padilla,garciabrittney@example.com,Ottawa,Ontario,2022-08-27,Silver
C09581,Lisa,Chapman,meaganbarnes@example.com,Edmonton,Alberta,2023-02-12,Bronze
C09582,Julie,Friedman,vsmith@example.net,Edmonton,Alberta,2021-10-06,Silver
C09583,Timothy,Stuart,laura96@example.org,Hamilton,Ontario,2024-12-29,Bronze
C09584,Christine,Camacho,michaelmartin@example.com,Mississauga,Ontario,2023-04-04,Bronze
C09585,Eric,Moss,riverajackson@example.net,Brampton,Ontario,2022-11-09,Gold
C09586,Jennifer,Matthews,reillymartha@example.com,Hamilton,Ontario,2021-12-06,Bronze
C09587,Chris,Silva,pricewalter@example.com,Edmonton,Alberta,2021-11-10,Bronze
C09588,Travis,Watkins,cchoi@example.com,Brampton,Ontario,2021-12-22,Silver
C09589,Joseph,Craig,sarah09@example.org,Brampton,Ontario,2022-03-13,Bronze
C09590,Brian,Ford,sanchezdavid@example.org,Ottawa,Ontario,2026-04-11,Bronze
C09591,Meghan,Baker,aliciasweeney@example.org,Mississauga,Ontario,2021-09-08,Silver
C09592,Daniel,Parks,melissaphelps@example.org,Brampton,Ontario,2022-03-18,Gold
C09593,Taylor,Reid,hrodgers@example.com,Edmonton,Alberta,2024-12-21,Bronze
C09594,Kelly,Gaines,paul66@example.com,Brampton,Ontario,2025-05-22,Bronze
C09595,Sandra,Alvarado,ktaylor@example.org,Vancouver,British Columbia,2023-07-20,Silver
C09596,Michele,Stein,robert21@example.org,Calgary,Alberta,2022-03-17,Bronze
C09597,Jose,Waller,reynoldsshelly@example.net,Ottawa,Ontario,2021-11-05,Silver
C09598,Steven,Hicks,arodriguez@example.net,Hamilton,Ontario,2023-04-25,Bronze
C09599,Emily,Jenkins,misty74@example.com,Hamilton,Ontario,2022-02-28,Silver
C09600,Gina,Wheeler,valeriebell@example.com,Edmonton,Alberta,2022-03-19,Bronze
C09601,Morgan,Thomas,brandon61@example.com,Mississauga,Ontario,2022-06-16,Gold
C09602,Janet,Chase,johnsonmichael@example.net,Toronto,Ontario,2021-12-19,Bronze
C09603,Robert,Cruz,aandersen@example.com,Brampton,Ontario,2024-06-23,Silver
C09604,Kara,Perez,johnsonmaria@example.com,Hamilton,Ontario,2023-04-15,Silver
C09605,Stacy,Mathews,jonesstephanie@example.org,Brampton,Ontario,2023-04-04,Bronze
C09606,Nathan,Jackson,aryan@example.org,Calgary,Alberta,2023-07-22,Silver
C09607,Cheryl,Ruiz,stevenwalker@example.org,Brampton,Ontario,2022-11-14,Bronze
C09608,Melissa,Fowler,marc32@example.com,Hamilton,Ontario,2025-07-31,Silver
C09609,Steven,Andersen,ashley82@example.org,Brampton,Ontario,2024-10-04,Bronze
C09610,David,Cook,kaylapowers@example.com,Toronto,Ontario,2023-02-18,Gold
C09611,Tracy,Moore,wjohnson@example.net,Toronto,Ontario,2022-08-02,Gold
C09612,Mark,Patterson,crystalmarquez@example.net,Vancouver,British Columbia,2026-01-30,Bronze
C09613,Joseph,Wood,shannoncruz@example.com,Ottawa,Ontario,2024-10-22,Bronze
C09614,Jeffrey,Hill,ayalajeremy@example.com,Calgary,Alberta,2025-11-02,Silver
C09615,Jeremy,Hunter,sbennett@example.com,Toronto,Ontario,2025-06-22,Gold
C09616,Stanley,Roberts,washingtonstephanie@example.com,Calgary,Alberta,2023-10-09,Bronze
C09617,William,Sheppard,abigailmaxwell@example.net,Vancouver,British Columbia,2022-08-10,Silver
C09618,Ryan,Moore,anthony62@example.com,Calgary,Alberta,2025-02-21,Gold
C09619,Joel,Martinez,pthornton@example.com,Brampton,Ontario,2024-08-07,Bronze
C09620,Adam,Miller,susancollins@example.org,Brampton,Ontario,2022-02-24,Gold
C09621,Theresa,Salazar,brandon36@example.com,Calgary,Alberta,2025-12-27,Bronze
C09622,Bradley,Oliver,beckyhoward@example.net,Ottawa,Ontario,2025-12-18,Bronze
C09623,Brandon,Serrano,amandahutchinson@example.org,Toronto,Ontario,2026-07-19,Bronze
C09624,Pedro,White,jessicacampbell@example.org,Brampton,Ontario,2026-05-13,Bronze
C09625,Brendan,Blackburn,abrooks@example.net,Mississauga,Ontario,2024-11-02,Bronze
C09626,Kevin,Cochran,joelcarter@example.net,Brampton,Ontario,2022-06-17,Bronze
C09627,Kathy,Patterson,cathyscott@example.org,Mississauga,Ontario,2026-02-15,Silver
C09628,Danielle,Warren,qboyd@example.org,Calgary,Alberta,2023-06-10,Bronze
C09629,Mary,Morris,philiphayes@example.com,Hamilton,Ontario,2024-06-06,Silver
C09630,Kimberly,Sullivan,friedmanchristopher@example.com,Toronto,Ontario,2024-04-14,Silver
C09631,Danielle,Powell,ashley38@example.net,Toronto,Ontario,2022-08-08,Silver
C09632,Amanda,Zhang,uperry@example.net,Brampton,Ontario,2025-05-15,Silver
C09633,Sean,Hill,catherineprice@example.org,Toronto,Ontario,2025-11-02,Bronze
C09634,Peter,Hall,sara20@example.com,Vancouver,British Columbia,2021-12-11,Silver
C09635,Benjamin,Taylor,john80@example.org,Ottawa,Ontario,2022-07-11,Bronze
C09636,Brittany,Barrett,wilsonanthony@example.org,Edmonton,Alberta,2026-01-05,Bronze
C09637,James,Wilkins,chopkins@example.org,Hamilton,Ontario,2022-02-05,Bronze
C09638,Caleb,Marquez,herrerarebecca@example.net,Hamilton,Ontario,2024-11-07,Bronze
C09639,Regina,Davis,brett26@example.com,Mississauga,Ontario,2023-09-28,Gold
C09640,Jared,Ramos,gallowaydean@example.net,Calgary,Alberta,2022-08-17,Silver
C09641,Walter,Weaver,justin53@example.org,Hamilton,Ontario,2022-10-13,Silver
C09642,Matthew,Rivers,smithangela@example.com,Vancouver,British Columbia,2023-08-06,Bronze
C09643,Robin,Brown,walkerronald@example.com,Calgary,Alberta,2022-01-15,Bronze
C09644,Lindsay,Peterson,smithtracey@example.net,Calgary,Alberta,2025-01-15,Bronze
C09645,Dominic,Baird,stephenroberts@example.net,Mississauga,Ontario,2022-10-06,Bronze
C09646,Judy,Jackson,jvaldez@example.org,Brampton,Ontario,2024-02-06,Gold
C09647,Dennis,Woods,wendynguyen@example.net,Toronto,Ontario,2021-08-19,Gold
C09648,Gina,Kaiser,wwiggins@example.com,Hamilton,Ontario,2024-10-24,Gold
C09649,David,Neal,tara06@example.org,Hamilton,Ontario,2022-06-02,Bronze
C09650,Jason,Liu,bryantjonathan@example.org,Edmonton,Alberta,2022-09-12,Gold
C09651,Jesse,Odonnell,rebeccamathews@example.com,Calgary,Alberta,2021-08-04,Gold
C09652,Diane,Bray,fnelson@example.com,Mississauga,Ontario,2024-11-10,Bronze
C09653,Diana,Roman,brian72@example.net,Ottawa,Ontario,2023-04-22,Silver
C09654,Shawn,Chapman,codyrogers@example.net,Brampton,Ontario,2026-05-25,Bronze
C09655,Lindsey,Flowers,sarah53@example.net,Vancouver,British Columbia,2023-09-05,Silver
C09656,Michael,Hernandez,robert25@example.com,Hamilton,Ontario,2025-05-28,Silver
C09657,Charles,Guerrero,saramoreno@example.org,Brampton,Ontario,2024-08-24,Bronze
C09658,Michelle,Clark,michael63@example.com,Edmonton,Alberta,2024-11-04,Bronze
C09659,Scott,Wells,shannonperez@example.com,Vancouver,British Columbia,2023-11-22,Bronze
C09660,Arthur,Mcdaniel,waynerasmussen@example.com,Mississauga,Ontario,2025-04-25,Bronze
C09661,Charles,Lee,joshua69@example.org,Edmonton,Alberta,2023-03-01,Bronze
C09662,Henry,Larson,jane75@example.com,Ottawa,Ontario,2026-07-05,Silver
C09663,Emily,Freeman,aortiz@example.com,Vancouver,British Columbia,2023-03-14,Bronze
C09664,Richard,Park,bryantjason@example.com,Edmonton,Alberta,2025-03-29,Silver
C09665,Chelsea,Rodgers,phillipwoods@example.net,Brampton,Ontario,2026-03-19,Gold
C09666,Ryan,Hamilton,wadejoseph@example.org,Brampton,Ontario,2024-05-10,Bronze
C09667,Melissa,Wade,colejessica@example.net,Edmonton,Alberta,2026-03-16,Bronze
C09668,Robert,Blake,johnsonjennifer@example.com,Brampton,Ontario,2024-04-14,Bronze
C09669,Michael,Foley,tsanchez@example.org,Brampton,Ontario,2025-09-28,Bronze
C09670,Kyle,Griffin,meredith32@example.org,Vancouver,British Columbia,2023-04-09,Bronze
C09671,Brian,Cline,jeffrey75@example.com,Toronto,Ontario,2025-07-23,Silver
C09672,Bianca,Medina,vadams@example.net,Mississauga,Ontario,2026-07-27,Silver
C09673,Keith,Buckley,fordchristy@example.org,Mississauga,Ontario,2024-09-06,Silver
C09674,Hunter,Phillips,ureyes@example.com,Hamilton,Ontario,2022-10-22,Silver
C09675,Daniel,Carter,zmartinez@example.org,Edmonton,Alberta,2021-12-08,Silver
C09676,Phillip,Barajas,wcalhoun@example.org,Vancouver,British Columbia,2022-09-03,Gold
C09677,Michelle,Mills,travisdouglas@example.net,Edmonton,Alberta,2023-07-04,Silver
C09678,Erica,Lopez,lmathis@example.org,Mississauga,Ontario,2022-12-09,Bronze
C09679,Darryl,Ramos,jenniferfleming@example.org,Toronto,Ontario,2026-02-23,Silver
C09680,Amanda,Huynh,markruiz@example.com,Ottawa,Ontario,2022-04-27,Bronze
C09681,Jennifer,Rodriguez,katherinenunez@example.org,Vancouver,British Columbia,2026-02-23,Bronze
C09682,Valerie,Guzman,paul41@example.org,Mississauga,Ontario,2021-12-10,Silver
C09683,Donna,Wilson,qlucas@example.org,Brampton,Ontario,2026-03-29,Silver
C09684,Diana,Cooley,moorenathan@example.net,Vancouver,British Columbia,2023-03-15,Bronze
C09685,Michael,Roberts,khernandez@example.org,Vancouver,British Columbia,2022-08-18,Bronze
C09686,Jackson,Horn,cheryl49@example.org,Edmonton,Alberta,2026-07-09,Bronze
C09687,Scott,Cooper,vyoung@example.com,Mississauga,Ontario,2024-12-03,Bronze
C09688,James,Reyes,tracyhernandez@example.net,Ottawa,Ontario,2025-03-18,Bronze
C09689,Karen,Smith,ramirezalyssa@example.net,Toronto,Ontario,2025-09-10,Silver
C09690,Beverly,Larson,danielbeth@example.com,Mississauga,Ontario,2024-01-28,Silver
C09691,Adam,Chapman,richard34@example.net,Brampton,Ontario,2025-12-14,Silver
C09692,Alicia,Walker,davidthompson@example.org,Brampton,Ontario,2024-09-10,Bronze
C09693,Justin,Love,jackhamilton@example.org,Toronto,Ontario,2023-11-11,Bronze
C09694,Michelle,Johnson,stephanie43@example.net,Toronto,Ontario,2021-09-13,Bronze
C09695,Courtney,Ferguson,fernandolittle@example.com,Brampton,Ontario,2024-06-05,Silver
C09696,Steven,Hunt,shannonschultz@example.com,Hamilton,Ontario,2024-07-23,Bronze
C09697,Elizabeth,Dickerson,mdavis@example.net,Ottawa,Ontario,2026-02-25,Bronze
C09698,Thomas,Stanley,jennifer93@example.com,Hamilton,Ontario,2023-01-25,Bronze
C09699,Emily,Schneider,whitemichael@example.org,Edmonton,Alberta,2026-03-13,Silver
C09700,Jennifer,Hunt,williamwalker@example.com,Calgary,Alberta,2024-12-07,Silver
C09701,Michael,Jones,brennandevin@example.com,Brampton,Ontario,2025-05-20,Silver
C09702,Jason,Bradford,skennedy@example.net,Vancouver,British Columbia,2023-04-15,Silver
C09703,Emily,Kelley,april25@example.com,Vancouver,British Columbia,2022-05-16,Bronze
C09704,Kenneth,Lawrence,djimenez@example.net,Ottawa,Ontario,2024-01-09,Bronze
C09705,Gregory,Lee,joshua35@example.com,Brampton,Ontario,2022-12-02,Bronze
C09706,Kyle,Chapman,thomaskaiser@example.org,Mississauga,Ontario,2021-10-17,Bronze
C09707,Courtney,Bruce,ulopez@example.net,Edmonton,Alberta,2026-05-29,Bronze
C09708,Shane,Dudley,tmorales@example.net,Mississauga,Ontario,2025-10-11,Bronze
C09709,Kelly,Golden,cjohnson@example.org,Calgary,Alberta,2023-06-10,Bronze
C09710,Jesse,Andrews,ryan90@example.com,Calgary,Alberta,2023-09-12,Bronze
C09711,Jesse,Duncan,brockmarissa@example.org,Toronto,Ontario,2025-05-10,Bronze
C09712,James,Johnson,igarcia@example.net,Mississauga,Ontario,2025-05-31,Bronze
C09713,Lisa,Brown,laura92@example.org,Hamilton,Ontario,2024-04-03,Bronze
C09714,Barbara,Cohen,xwallace@example.net,Vancouver,British Columbia,2024-07-31,Bronze
C09715,Michelle,Wilkerson,william88@example.com,Brampton,Ontario,2022-10-22,Silver
C09716,Jennifer,Vazquez,fknox@example.net,Toronto,Ontario,2025-09-25,Bronze
C09717,Kirk,Salinas,michael88@example.net,Toronto,Ontario,2025-03-06,Silver
C09718,Christopher,Richard,lisa51@example.net,Brampton,Ontario,2022-05-06,Silver
C09719,Christopher,Fowler,victorsparks@example.org,Vancouver,British Columbia,2026-02-23,Silver
C09720,Yolanda,Davis,shelly64@example.org,Brampton,Ontario,2024-06-05,Bronze
C09721,Jennifer,Avery,bradleyrachel@example.net,Toronto,Ontario,2022-08-24,Silver
C09722,Christopher,Johnson,jillguerra@example.org,Vancouver,British Columbia,2022-02-16,Bronze
C09723,Ruth,Cohen,fhart@example.com,Hamilton,Ontario,2022-08-22,Bronze
C09724,Troy,Keith,kimberly73@example.org,Calgary,Alberta,2025-12-29,Silver
C09725,Kimberly,Soto,pfisher@example.com,Mississauga,Ontario,2022-01-21,Bronze
C09726,Timothy,Olson,morrisomar@example.org,Hamilton,Ontario,2026-01-28,Bronze
C09727,Jessica,Cross,gbarnes@example.com,Hamilton,Ontario,2024-06-20,Silver
C09728,Scott,Shields,jacksonamber@example.com,Vancouver,British Columbia,2026-04-27,Silver
C09729,Christopher,Williams,kevin98@example.com,Toronto,Ontario,2025-07-18,Bronze
C09730,Kathryn,Bennett,eharris@example.com,Calgary,Alberta,2026-03-17,Silver
C09731,Michael,Scott,welchaaron@example.org,Brampton,Ontario,2025-12-15,Bronze
C09732,Wendy,Pearson,petermendoza@example.com,Brampton,Ontario,2025-06-05,Bronze
C09733,Susan,Williams,angelajames@example.net,Mississauga,Ontario,2024-05-30,Bronze
C09734,Robert,Bailey,katherine12@example.org,Vancouver,British Columbia,2026-04-09,Bronze
C09735,Shawn,Macdonald,ibyrd@example.org,Edmonton,Alberta,2023-09-11,Bronze
C09736,Cassandra,Stephens,williamturner@example.org,Calgary,Alberta,2022-03-12,Bronze
C09737,Erik,Pennington,jonesmatthew@example.com,Brampton,Ontario,2024-01-23,Silver
C09738,Adam,Freeman,robertshaw@example.org,Hamilton,Ontario,2021-08-17,Gold
C09739,Vanessa,Powell,griffithjared@example.net,Edmonton,Alberta,2024-11-03,Bronze
C09740,Carla,Davis,jamietucker@example.org,Calgary,Alberta,2023-07-12,Bronze
C09741,Eric,Osborn,nwalker@example.org,Brampton,Ontario,2024-06-03,Bronze
C09742,Kathryn,West,allisonalicia@example.net,Brampton,Ontario,2024-08-31,Bronze
C09743,Andrea,Miranda,daguilar@example.net,Brampton,Ontario,2024-12-06,Silver
C09744,Benjamin,Alexander,alexandria17@example.net,Vancouver,British Columbia,2025-12-05,Bronze
C09745,Jeff,Jones,andrewhudson@example.com,Edmonton,Alberta,2023-03-10,Bronze
C09746,Kathleen,Bruce,burnsrichard@example.com,Ottawa,Ontario,2021-12-29,Silver
C09747,Michael,Gillespie,ryates@example.org,Mississauga,Ontario,2021-11-29,Bronze
C09748,Terry,Wheeler,popejulie@example.com,Vancouver,British Columbia,2021-09-03,Bronze
C09749,Jackson,Young,ochapman@example.com,Edmonton,Alberta,2026-02-09,Silver
C09750,Jacob,Smith,johnstonjustin@example.org,Mississauga,Ontario,2023-01-13,Bronze
C09751,Kayla,Eaton,mcclaincasey@example.net,Brampton,Ontario,2025-01-06,Gold
C09752,Samuel,Wagner,stephen90@example.com,Hamilton,Ontario,2022-12-21,Gold
C09753,Mary,Todd,oliverjack@example.com,Calgary,Alberta,2024-05-13,Bronze
C09754,Hannah,Collins,stevenjensen@example.com,Edmonton,Alberta,2024-11-27,Gold
C09755,Donna,Hodges,rebecca49@example.net,Mississauga,Ontario,2022-09-22,Silver
C09756,Ann,White,unash@example.org,Toronto,Ontario,2024-10-02,Gold
C09757,Misty,Fields,ejones@example.com,Brampton,Ontario,2021-08-29,Bronze
C09758,Michael,Hall,nhood@example.org,Vancouver,British Columbia,2025-02-27,Bronze
C09759,Heather,Sanders,jmullins@example.com,Brampton,Ontario,2021-09-11,Bronze
C09760,Susan,Sharp,adamherrera@example.com,Brampton,Ontario,2026-01-15,Bronze
C09761,Brandon,Espinoza,hansenamber@example.com,Vancouver,British Columbia,2025-03-15,Silver
C09762,Brian,Hayes,trobinson@example.org,Toronto,Ontario,2022-03-13,Bronze
C09763,Lynn,Hall,tjordan@example.net,Brampton,Ontario,2026-05-06,Bronze
C09764,Justin,Harrison,spencerbrian@example.net,Ottawa,Ontario,2022-02-03,Bronze
C09765,Gregory,Henderson,michael62@example.net,Brampton,Ontario,2026-04-16,Bronze
C09766,Andrea,Morton,justin68@example.net,Ottawa,Ontario,2023-02-03,Silver
C09767,Lisa,Espinoza,kelly02@example.org,Ottawa,Ontario,2025-04-20,Bronze
C09768,James,Reyes,christopherosborne@example.net,Mississauga,Ontario,2022-06-22,Silver
C09769,Michael,Dunn,gellis@example.com,Hamilton,Ontario,2025-12-08,Silver
C09770,Gregory,Richardson,taylorcastillo@example.com,Calgary,Alberta,2021-08-17,Bronze
C09771,Manuel,Hill,webbphyllis@example.net,Vancouver,British Columbia,2025-03-08,Bronze
C09772,Julia,Price,patrickglover@example.org,Mississauga,Ontario,2021-09-30,Silver
C09773,Katie,King,fmitchell@example.org,Brampton,Ontario,2021-10-06,Bronze
C09774,Savannah,Wilson,yray@example.net,Calgary,Alberta,2026-04-09,Silver
C09775,Samuel,Mahoney,kmartinez@example.net,Calgary,Alberta,2026-03-10,Bronze
C09776,Robert,Miller,vrobertson@example.com,Mississauga,Ontario,2025-02-04,Bronze
C09777,Jennifer,Craig,anthonycollins@example.net,Edmonton,Alberta,2026-06-28,Silver
C09778,Edward,Duncan,watkinskaren@example.net,Ottawa,Ontario,2023-08-28,Bronze
C09779,Christopher,Dodson,moyermark@example.net,Edmonton,Alberta,2026-06-10,Bronze
C09780,Evelyn,Henderson,ffisher@example.org,Ottawa,Ontario,2023-04-16,Bronze
C09781,William,Johnson,sara96@example.com,Brampton,Ontario,2022-11-17,Bronze
C09782,Billy,Walters,garciajeremy@example.net,Ottawa,Ontario,2026-03-01,Bronze
C09783,Jennifer,Smith,jenniferdavis@example.org,Calgary,Alberta,2025-07-13,Bronze
C09784,Douglas,Bonilla,maryjones@example.com,Hamilton,Ontario,2024-10-15,Bronze
C09785,Melvin,Maldonado,joe94@example.org,Mississauga,Ontario,2025-09-09,Silver
C09786,Marco,Baker,stewartchris@example.org,Mississauga,Ontario,2025-10-18,Bronze
C09787,Dawn,Fowler,ronald41@example.net,Toronto,Ontario,2024-05-09,Bronze
C09788,Kelly,Martin,whiteamanda@example.com,Vancouver,British Columbia,2021-08-21,Silver
C09789,Michelle,Williamson,angelawatts@example.net,Vancouver,British Columbia,2021-10-12,Gold
C09790,Christopher,Morrow,herrerajesse@example.net,Calgary,Alberta,2024-10-16,Silver
C09791,David,Willis,gregorymontoya@example.org,Hamilton,Ontario,2023-07-15,Bronze
C09792,Michael,Gonzales,tonycook@example.org,Toronto,Ontario,2024-12-25,Bronze
C09793,Jennifer,Nelson,floresgrant@example.net,Toronto,Ontario,2022-01-21,Silver
C09794,Donna,Vaughn,james06@example.com,Calgary,Alberta,2025-03-14,Silver
C09795,Michael,Snyder,christopherfowler@example.org,Mississauga,Ontario,2021-10-06,Bronze
C09796,Tyler,Roy,victoria31@example.net,Brampton,Ontario,2026-01-11,Bronze
C09797,Paula,Richardson,michelle12@example.net,Vancouver,British Columbia,2024-10-11,Silver
C09798,Megan,Martinez,judithbrown@example.net,Vancouver,British Columbia,2024-09-30,Silver
C09799,Cindy,Carney,stephanie69@example.net,Vancouver,British Columbia,2023-11-01,Silver
C09800,Brian,Huang,pollardmatthew@example.org,Vancouver,British Columbia,2022-08-09,Silver
C09801,Desiree,Smith,amybrewer@example.net,Brampton,Ontario,2024-11-16,Silver
C09802,Christina,Williamson,vroman@example.net,Ottawa,Ontario,2023-08-27,Silver
C09803,Destiny,Russell,aaronkaufman@example.com,Brampton,Ontario,2026-01-11,Bronze
C09804,Richard,Ewing,longkeith@example.net,Calgary,Alberta,2023-10-18,Bronze
C09805,Elijah,Lindsey,jmckinney@example.net,Vancouver,British Columbia,2024-07-21,Bronze
C09806,Savannah,Dunn,logan09@example.org,Ottawa,Ontario,2026-06-25,Silver
C09807,James,Lewis,dmartin@example.com,Calgary,Alberta,2023-06-25,Bronze
C09808,Jerry,Martin,jennifermorales@example.com,Calgary,Alberta,2022-05-23,Bronze
C09809,Alicia,Johnson,maryharper@example.com,Mississauga,Ontario,2021-09-17,Gold
C09810,Kevin,Anderson,brandihunt@example.org,Edmonton,Alberta,2025-10-17,Silver
C09811,Mark,Freeman,awilson@example.com,Ottawa,Ontario,2025-10-26,Bronze
C09812,Becky,Terrell,parkercarolyn@example.org,Toronto,Ontario,2025-08-26,Silver
C09813,Anthony,Miller,simmonssteven@example.net,Ottawa,Ontario,2022-10-20,Silver
C09814,David,White,tonyamitchell@example.org,Vancouver,British Columbia,2025-06-15,Bronze
C09815,Michael,Salazar,wilsondonald@example.net,Calgary,Alberta,2022-09-09,Silver
C09816,Mary,Ingram,sanchezjames@example.org,Mississauga,Ontario,2025-08-19,Bronze
C09817,Paul,Stone,donaldanderson@example.com,Vancouver,British Columbia,2022-06-08,Silver
C09818,Eric,Henry,jjohnson@example.net,Brampton,Ontario,2024-08-10,Bronze
C09819,Meredith,Campos,josephhorne@example.org,Edmonton,Alberta,2024-08-09,Bronze
C09820,Caleb,Hunt,ggonzalez@example.net,Brampton,Ontario,2022-04-08,Gold
C09821,Philip,Lewis,matthewblackburn@example.com,Edmonton,Alberta,2023-12-14,Bronze
C09822,Kim,Franklin,csutton@example.org,Vancouver,British Columbia,2025-07-07,Silver
C09823,Frank,Wiley,isaac26@example.com,Calgary,Alberta,2025-09-16,Silver
C09824,Gloria,Marshall,melissafoster@example.com,Edmonton,Alberta,2022-05-10,Bronze
C09825,Shannon,Guzman,gomeznicole@example.org,Ottawa,Ontario,2025-01-19,Silver
C09826,Zoe,Jackson,joseph75@example.net,Hamilton,Ontario,2022-06-22,Bronze
C09827,Adam,Hernandez,cmeyer@example.org,Hamilton,Ontario,2022-06-25,Bronze
C09828,Mary,Cole,mmurphy@example.net,Brampton,Ontario,2022-05-31,Bronze
C09829,Frances,Braun,carlos96@example.net,Hamilton,Ontario,2022-03-22,Bronze
C09830,Heather,Rose,jennifermurphy@example.net,Toronto,Ontario,2022-03-28,Bronze
C09831,Lisa,Johnson,hbarr@example.org,Ottawa,Ontario,2021-09-26,Bronze
C09832,Kevin,West,erin73@example.net,Toronto,Ontario,2024-09-29,Silver
C09833,Gabriella,Hawkins,barnesstacy@example.com,Calgary,Alberta,2024-06-15,Bronze
C09834,Joseph,Kaufman,devin18@example.com,Calgary,Alberta,2022-12-13,Gold
C09835,Sheila,Adkins,edaniels@example.net,Edmonton,Alberta,2024-10-08,Bronze
C09836,Donna,Collins,jennifer92@example.org,Mississauga,Ontario,2025-02-17,Bronze
C09837,Stephanie,Moore,arellanobrandon@example.com,Vancouver,British Columbia,2022-07-20,Silver
C09838,Michael,Beltran,valeriejacobson@example.org,Vancouver,British Columbia,2024-12-19,Bronze
C09839,Amanda,Wiggins,jonathanharrison@example.org,Toronto,Ontario,2026-01-09,Bronze
C09840,Matthew,Fletcher,llamb@example.com,Brampton,Ontario,2023-04-11,Gold
C09841,John,Rowland,michael72@example.org,Hamilton,Ontario,2025-05-29,Silver
C09842,Jesse,Giles,mckeejavier@example.com,Calgary,Alberta,2022-02-02,Bronze
C09843,Jennifer,Day,kristina08@example.com,Calgary,Alberta,2022-04-21,Bronze
C09844,Brandon,Jimenez,nmartinez@example.org,Calgary,Alberta,2022-06-29,Bronze
C09845,Kayla,Pierce,jane35@example.org,Hamilton,Ontario,2025-04-17,Silver
C09846,Kimberly,Jacobs,ryanrichard@example.net,Edmonton,Alberta,2024-12-27,Silver
C09847,Anthony,Oconnor,taylorthomas@example.org,Calgary,Alberta,2024-11-29,Bronze
C09848,Samantha,Gibson,justinboyer@example.net,Hamilton,Ontario,2024-08-09,Gold
C09849,Kathryn,Fitzgerald,akelley@example.net,Brampton,Ontario,2025-07-01,Bronze
C09850,Kevin,Eaton,xgriffith@example.net,Edmonton,Alberta,2022-04-21,Bronze
C09851,Rebecca,Wolfe,aliciahill@example.com,Toronto,Ontario,2022-03-16,Silver
C09852,Rebecca,Fry,umontes@example.org,Mississauga,Ontario,2023-09-22,Bronze
C09853,Paul,Johnson,christopher56@example.com,Mississauga,Ontario,2023-01-24,Gold
C09854,Kristin,Fischer,rstokes@example.org,Calgary,Alberta,2023-02-02,Gold
C09855,Christopher,Johnston,leekyle@example.net,Vancouver,British Columbia,2025-10-16,Silver
C09856,Stephen,Castillo,benjamincooper@example.net,Calgary,Alberta,2025-11-02,Silver
C09857,Michael,Cook,qgarcia@example.com,Calgary,Alberta,2022-04-09,Bronze
C09858,Rachel,Austin,michaeldixon@example.com,Mississauga,Ontario,2022-04-25,Gold
C09859,Michael,Brown,ochang@example.com,Vancouver,British Columbia,2025-02-24,Bronze
C09860,Steven,Glover,jodiramirez@example.com,Hamilton,Ontario,2023-07-31,Gold
C09861,Amber,Rowe,gary11@example.org,Ottawa,Ontario,2025-02-26,Silver
C09862,Gloria,Woods,webstermary@example.net,Ottawa,Ontario,2026-01-20,Bronze
C09863,Renee,Smith,icallahan@example.com,Brampton,Ontario,2025-01-11,Bronze
C09864,Janet,Alvarez,evanbaker@example.com,Hamilton,Ontario,2021-11-25,Bronze
C09865,Noah,Mosley,john21@example.net,Ottawa,Ontario,2022-03-10,Silver
C09866,Eric,Griffith,robert00@example.com,Hamilton,Ontario,2023-06-10,Bronze
C09867,Cheryl,Simmons,norristhomas@example.net,Vancouver,British Columbia,2023-12-13,Bronze
C09868,Brittany,Jimenez,sherri59@example.com,Edmonton,Alberta,2022-02-23,Silver
C09869,Nichole,Rios,smithleonard@example.net,Edmonton,Alberta,2024-06-03,Silver
C09870,John,Olson,daypenny@example.net,Toronto,Ontario,2024-09-27,Silver
C09871,Mary,Solis,brittanyphillips@example.net,Calgary,Alberta,2024-05-23,Silver
C09872,Mark,Stewart,stevepugh@example.com,Vancouver,British Columbia,2022-07-16,Bronze
C09873,Jennifer,Russo,heatherpotter@example.com,Edmonton,Alberta,2025-12-12,Silver
C09874,Anita,Pierce,meganhayden@example.org,Hamilton,Ontario,2022-09-07,Silver
C09875,Michael,Dixon,fmorrow@example.net,Hamilton,Ontario,2024-06-23,Silver
C09876,Cathy,Ho,melissacollins@example.com,Ottawa,Ontario,2025-04-26,Bronze
C09877,Tiffany,Walker,rileyrivera@example.com,Mississauga,Ontario,2024-01-30,Bronze
C09878,Shelia,Hall,allisontran@example.net,Brampton,Ontario,2025-05-03,Bronze
C09879,Ashlee,Chavez,amber77@example.org,Vancouver,British Columbia,2023-05-14,Silver
C09880,Valerie,Adams,davisbianca@example.net,Brampton,Ontario,2023-04-26,Silver
C09881,Emily,Smith,matthewwalton@example.org,Toronto,Ontario,2023-01-22,Bronze
C09882,Tammy,Scott,lewisshannon@example.com,Vancouver,British Columbia,2023-01-13,Bronze
C09883,Michael,Howe,emma39@example.org,Mississauga,Ontario,2023-04-05,Bronze
C09884,Joseph,Rodriguez,cmurphy@example.com,Calgary,Alberta,2023-07-14,Bronze
C09885,Regina,Armstrong,erika06@example.com,Calgary,Alberta,2023-04-21,Silver
C09886,Stacey,Smith,fosterroberto@example.org,Edmonton,Alberta,2024-10-13,Silver
C09887,Jacqueline,Anderson,millsjason@example.net,Ottawa,Ontario,2024-06-20,Silver
C09888,Billy,Carroll,steveedwards@example.com,Brampton,Ontario,2025-04-17,Bronze
C09889,Beth,Smith,eatondustin@example.net,Mississauga,Ontario,2025-08-09,Bronze
C09890,Maria,Gentry,kenneth30@example.net,Hamilton,Ontario,2021-11-05,Bronze
C09891,Robert,Walsh,joneschelsea@example.net,Toronto,Ontario,2026-01-11,Bronze
C09892,Tyler,Martinez,wallacechristopher@example.net,Ottawa,Ontario,2024-09-29,Bronze
C09893,Christopher,Marquez,xjones@example.net,Vancouver,British Columbia,2025-02-12,Bronze
C09894,Jonathan,Henson,hayesstephen@example.com,Mississauga,Ontario,2023-09-17,Gold
C09895,Thomas,Pena,hallpatrick@example.net,Ottawa,Ontario,2023-07-12,Gold
C09896,Hannah,Lee,uparker@example.org,Hamilton,Ontario,2022-03-20,Bronze
C09897,Karen,Anderson,alewis@example.com,Edmonton,Alberta,2026-06-03,Bronze
C09898,Rachel,Martin,owensevan@example.com,Ottawa,Ontario,2022-03-12,Bronze
C09899,Megan,Camacho,mark97@example.net,Vancouver,British Columbia,2022-09-11,Bronze
C09900,Julie,Montes,matthew95@example.com,Calgary,Alberta,2022-07-23,Silver
C09901,Debbie,Wang,shellylin@example.com,Toronto,Ontario,2025-12-17,Bronze
C09902,Emily,Ramos,robert86@example.com,Hamilton,Ontario,2022-07-25,Bronze
C09903,Ralph,Walker,williamsrobert@example.net,Mississauga,Ontario,2024-02-25,Bronze
C09904,Brent,Graham,ryan26@example.org,Mississauga,Ontario,2022-06-18,Silver
C09905,Joel,Coffey,wendyclark@example.com,Vancouver,British Columbia,2024-10-30,Bronze
C09906,Peter,Steele,george87@example.com,Vancouver,British Columbia,2023-10-27,Silver
C09907,Michele,Boyle,connorwilson@example.org,Ottawa,Ontario,2023-03-24,Bronze
C09908,Tonya,Johns,thompsonjoyce@example.com,Toronto,Ontario,2022-06-08,Bronze
C09909,James,Thompson,vjoseph@example.org,Ottawa,Ontario,2026-07-25,Silver
C09910,Erik,Green,montgomerymelissa@example.org,Edmonton,Alberta,2023-10-07,Bronze
C09911,William,Carter,fhoffman@example.net,Brampton,Ontario,2023-07-04,Silver
C09912,Thomas,Tyler,isaacmorris@example.com,Toronto,Ontario,2023-10-10,Bronze
C09913,Leslie,Barrett,swansonjeff@example.com,Hamilton,Ontario,2026-02-03,Bronze
C09914,Craig,Chandler,normanrobert@example.net,Ottawa,Ontario,2025-10-17,Bronze
C09915,Sara,Davis,jasonmiller@example.com,Hamilton,Ontario,2022-09-12,Bronze
C09916,Robert,Briggs,myersrichard@example.org,Toronto,Ontario,2023-06-17,Silver
C09917,Jason,Martinez,ashleyedwards@example.com,Mississauga,Ontario,2023-02-17,Silver
C09918,Colleen,Morgan,melissa46@example.net,Hamilton,Ontario,2022-09-08,Bronze
C09919,Paul,Gardner,robert74@example.com,Brampton,Ontario,2023-02-24,Silver
C09920,Chelsea,Roberts,ureyes@example.org,Brampton,Ontario,2023-03-12,Bronze
C09921,Amanda,Yang,rcortez@example.com,Ottawa,Ontario,2025-07-21,Silver
C09922,Dennis,Tyler,laurenrivera@example.org,Brampton,Ontario,2023-06-30,Silver
C09923,Alice,Klein,hamiltonjodi@example.org,Hamilton,Ontario,2021-11-05,Silver
C09924,Daniel,Ford,jonesjessica@example.org,Vancouver,British Columbia,2024-12-24,Silver
C09925,Debra,Davenport,ryan50@example.net,Edmonton,Alberta,2025-10-21,Bronze
C09926,Ashlee,Johnston,christinestone@example.org,Edmonton,Alberta,2022-05-31,Bronze
C09927,Terri,Morrison,aaronparrish@example.net,Brampton,Ontario,2025-06-08,Bronze
C09928,Rebecca,Callahan,boydcarla@example.net,Edmonton,Alberta,2023-01-18,Bronze
C09929,Anne,Crawford,sarahberry@example.com,Brampton,Ontario,2026-07-22,Bronze
C09930,Leslie,Lara,brittany19@example.org,Toronto,Ontario,2023-04-20,Bronze
C09931,Richard,Sullivan,susannorman@example.net,Toronto,Ontario,2025-05-18,Bronze
C09932,Jamie,Watts,crystal58@example.com,Mississauga,Ontario,2025-12-27,Silver
C09933,Brian,Jones,nchurch@example.net,Calgary,Alberta,2025-05-29,Bronze
C09934,Nathaniel,Ellis,daniel31@example.net,Hamilton,Ontario,2026-06-20,Silver
C09935,Mark,Burns,slarsen@example.net,Edmonton,Alberta,2024-10-04,Bronze
C09936,Angela,Edwards,greenstephanie@example.net,Edmonton,Alberta,2023-04-07,Bronze
C09937,Christopher,Santos,dustin69@example.net,Edmonton,Alberta,2026-02-22,Bronze
C09938,Deborah,White,vdavis@example.com,Ottawa,Ontario,2024-04-08,Bronze
C09939,David,Alvarez,sbishop@example.org,Calgary,Alberta,2025-08-23,Bronze
C09940,Michael,Woods,rileyrichards@example.com,Edmonton,Alberta,2023-02-22,Bronze
C09941,Phillip,Ellis,gerald67@example.com,Vancouver,British Columbia,2021-11-11,Bronze
C09942,Mark,Hudson,oadams@example.com,Hamilton,Ontario,2026-07-08,Bronze
C09943,Gary,Johnson,mckaychristine@example.org,Mississauga,Ontario,2025-05-09,Silver
C09944,Belinda,Lopez,misty63@example.org,Hamilton,Ontario,2025-04-16,Bronze
C09945,Lance,Smith,rflores@example.com,Ottawa,Ontario,2025-02-18,Gold
C09946,Jordan,May,cynthia93@example.org,Brampton,Ontario,2023-05-27,Bronze
C09947,Alexandria,Harding,benjamingarcia@example.com,Hamilton,Ontario,2022-12-06,Bronze
C09948,Chad,Hughes,rowens@example.net,Calgary,Alberta,2021-11-22,Bronze
C09949,Sandra,Baker,laurabuckley@example.com,Toronto,Ontario,2025-07-30,Silver
C09950,Derek,Steele,mirandamcconnell@example.net,Vancouver,British Columbia,2023-08-17,Silver
C09951,Steven,Martinez,mbrown@example.org,Calgary,Alberta,2022-09-19,Bronze
C09952,Justin,Watson,guerrerojames@example.org,Mississauga,Ontario,2022-10-05,Bronze
C09953,Kimberly,Hogan,malonelisa@example.org,Vancouver,British Columbia,2024-09-17,Bronze
C09954,Crystal,Pollard,nbest@example.org,Ottawa,Ontario,2023-01-27,Bronze
C09955,Scott,Ward,stephaniehamilton@example.org,Toronto,Ontario,2022-07-11,Bronze
C09956,Gina,Spencer,amanda08@example.com,Calgary,Alberta,2024-11-09,Bronze
C09957,Lauren,Garcia,max32@example.com,Ottawa,Ontario,2024-11-16,Bronze
C09958,Derek,Stanley,hshea@example.org,Edmonton,Alberta,2022-10-22,Silver
C09959,Amanda,Mullins,janetramos@example.net,Toronto,Ontario,2026-03-07,Bronze
C09960,Eric,Smith,lindseybolton@example.net,Vancouver,British Columbia,2021-07-31,Bronze
C09961,Steve,Phelps,nataliekennedy@example.net,Edmonton,Alberta,2025-02-13,Gold
C09962,Nicole,Bryant,rayjohn@example.com,Mississauga,Ontario,2025-07-29,Bronze
C09963,Anthony,Knight,markhayes@example.com,Toronto,Ontario,2024-01-13,Bronze
C09964,Cynthia,Dennis,cynthiachapman@example.net,Mississauga,Ontario,2022-07-25,Bronze
C09965,James,Adams,laura60@example.net,Mississauga,Ontario,2023-01-07,Bronze
C09966,Joseph,Adams,adixon@example.net,Mississauga,Ontario,2025-02-26,Bronze
C09967,Javier,Smith,mayskrista@example.org,Ottawa,Ontario,2023-10-21,Silver
C09968,Katelyn,Morales,rebeccagoodman@example.net,Mississauga,Ontario,2021-11-03,Silver
C09969,Patrick,Russell,angelaharris@example.org,Vancouver,British Columbia,2024-05-08,Gold
C09970,Philip,Jackson,wintersisaiah@example.com,Toronto,Ontario,2024-12-31,Silver
C09971,Chad,Oliver,gjohnson@example.com,Toronto,Ontario,2022-07-15,Bronze
C09972,Melissa,Chavez,odiaz@example.com,Hamilton,Ontario,2026-06-16,Silver
C09973,Charles,Smith,steven61@example.net,Mississauga,Ontario,2024-05-15,Bronze
C09974,Lynn,Harrington,hodgenoah@example.net,Ottawa,Ontario,2023-04-09,Gold
C09975,James,Shaw,qmack@example.org,Hamilton,Ontario,2022-09-27,Bronze
C09976,Cassidy,Moore,laurenbell@example.net,Mississauga,Ontario,2022-09-03,Bronze
C09977,Michelle,Williamson,sheilamorales@example.org,Vancouver,British Columbia,2025-09-29,Bronze
C09978,Glenda,Hamilton,gregory51@example.org,Toronto,Ontario,2021-09-12,Bronze
C09979,Francisco,Hunter,nicholas66@example.org,Toronto,Ontario,2023-04-24,Gold
C09980,Caitlyn,Nguyen,george67@example.net,Ottawa,Ontario,2024-08-02,Bronze
C09981,Sylvia,Kaufman,timothy69@example.org,Mississauga,Ontario,2024-09-27,Bronze
C09982,Jeffrey,Singh,hmorgan@example.com,Brampton,Ontario,2025-06-13,Gold
C09983,Cheryl,Miller,morgangarcia@example.org,Edmonton,Alberta,2021-08-19,Silver
C09984,Michael,Hill,newtonrobert@example.org,Hamilton,Ontario,2024-01-01,Silver
C09985,Kayla,Barnes,hillalyssa@example.com,Brampton,Ontario,2024-01-07,Bronze
C09986,James,Brewer,agraves@example.com,Vancouver,British Columbia,2024-08-21,Silver
C09987,Kristen,Garcia,michaelmcguire@example.com,Hamilton,Ontario,2024-07-08,Silver
C09988,Lynn,Rojas,felicia57@example.org,Calgary,Alberta,2023-03-01,Silver
C09989,Robert,Bond,jacksonjeremy@example.com,Toronto,Ontario,2024-03-06,Bronze
C09990,Bobby,Hawkins,michael06@example.com,Edmonton,Alberta,2024-10-23,Gold
C09991,Sydney,Arellano,kgreen@example.com,Edmonton,Alberta,2025-12-30,Bronze
C09992,Cindy,Schneider,kevinmcknight@example.net,Mississauga,Ontario,2025-01-20,Bronze
C09993,Anthony,Choi,deanpaula@example.net,Edmonton,Alberta,2021-10-20,Bronze
C09994,Laura,Flores,wreyes@example.com,Hamilton,Ontario,2022-07-09,Silver
C09995,Johnny,Torres,martintina@example.net,Calgary,Alberta,2025-10-14,Silver
C09996,Teresa,James,brucehogan@example.com,Hamilton,Ontario,2023-04-24,Silver
C09997,Christopher,Fowler,qgarcia@example.net,Calgary,Alberta,2022-03-14,Gold
C09998,Shane,Evans,garrettcharles@example.com,Vancouver,British Columbia,2022-12-24,Bronze
C09999,Richard,Ward,njenkins@example.com,Calgary,Alberta,2026-07-09,Bronze
C10000,Benjamin,Fletcher,hardydavid@example.net,Edmonton,Alberta,2024-08-25,Bronze
